interview__key,sdd_hhid,cropid,ag7a_02,ag7a_03,ag7a_04,ag7a_05_1,ag7a_05_2,ag7a_06_1,ag7a_06_2,ag7a_07_1a,ag7a_07_1b,ag7a_07_2a,ag7a_07_2b,ag7a_08,ag7a_09,ag7a_10,ag7a_11,ag7a_12,ag7a_13,ag7a_14,ag7a_15,ag7a_16,ag7a_17,ag7a_18,ag7a_19,ag7a_20,ag7a_21
20-72-78-84,0009-001-001,57,NO,,,,,,,,,,,NO,,,,,NO,,,,60,0,0,40,0
52-32-57-20,0012-001-001,57,YES,120,45000,1,,1,,M/BIASHARA BINAFSI,KARIBU NA KIJIJI,M/BIASHARA BINAFSI,KARIBU NA KIJIJI,NO,,,,,NO,,,,20,0,0,0,0
18-76-19-96,0013-001-001,55,NO,,,,,,,,,,,NO,,,,,NO,,,,12,0,0,0,0
06-46-18-18,0026-001-001,55,NO,,,,,,,,,,,NO,,,,,NO,,,,12,0,0,0,0
97-60-31-67,0048-001-001,55,YES,300,120000,1,,1,,SOKO,NDANI YA KIJIJI/MJI,SOKO,NDANI YA KIJIJI/MJI,NO,,,,,NO,,,,135,0,0,90,0
97-60-31-67,0048-001-001,56,YES,100,30000,1,,1,,SOKO,NDANI YA KIJIJI/MJI,SOKO,NDANI YA KIJIJI/MJI,NO,,,,,NO,,,,35,0,0,20,15
97-60-31-67,0048-001-001,58,NO,,,,,,,,,,,NO,,,,,NO,,,,20,0,0,15,0
03-68-77-59,0049-001-001,55,YES,700,480000,1,2,1,2,SOKO,NDANI YA KIJIJI/MJI,SOKO,KARIBU NA KIJIJI,NO,,,,,YES,ROTTING,2,160000,250,0,0,0,0
03-68-77-59,0049-001-001,56,YES,350,189500,1,2,1,2,SOKO,KARIBU NA KIJIJI,SOKO,KARIBU NA KIJIJI,NO,,,,,YES,ROTTING,2,65000,120,0,0,0,0
88-71-20-70,0050-001-001,55,YES,1000,850000,1,2,1,2,SOKO,NDANI YA KIJIJI/MJI,SOKO,NDANI YA KIJIJI/MJI,NO,,,,,YES,ROTTING,2,45000,400,0,0,0,0
88-71-20-70,0050-001-001,56,YES,1700,680000,1,2,1,2,SOKO,NDANI YA KIJIJI/MJI,SOKO,NDANI YA KIJIJI/MJI,NO,,,,,YES,ROTTING,2,35000,200,0,0,0,0
62-93-39-20,0051-001-001,55,YES,150,175000,1,,1,,M/BIASHARA BINAFSI,KARIBU NA KIJIJI,M/BIASHARA BINAFSI,KARIBU NA KIJIJI,NO,,,,,NO,,,,60,0,0,0,0
62-93-39-20,0051-001-001,56,YES,1680,350000,1,,1,,M/BIASHARA BINAFSI,KARIBU NA KIJIJI,M/BIASHARA BINAFSI,KARIBU NA KIJIJI,NO,,,,,NO,,,,30,0,0,60,30
00-72-79-53,0055-001-001,55,YES,80,80000,1,,1,,M/BIASHARA BINAFSI,NDANI YA KIJIJI/MJI,M/BIASHARA BINAFSI,NDANI YA KIJIJI/MJI,NO,,,,,NO,,,,64,0,16,0,0
00-72-79-53,0055-001-001,56,YES,60,20000,1,,1,,M/BIASHARA BINAFSI,NDANI YA KIJIJI/MJI,M/BIASHARA BINAFSI,NDANI YA KIJIJI/MJI,NO,,,,,YES,ROTTING,2,10000,20,0,0,20,0
73-41-85-14,0056-001-001,55,YES,400,350000,1,,1,,M/BIASHARA BINAFSI,KARIBU NA KIJIJI,M/BIASHARA BINAFSI,NDANI YA KIJIJI/MJI,NO,,,,,NO,,,,350,0,0,50,0
73-41-85-14,0056-001-001,56,YES,100,20000,1,,1,,M/BIASHARA BINAFSI,KARIBU NA KIJIJI,M/BIASHARA BINAFSI,KARIBU NA KIJIJI,NO,,,,,NO,,,,40,0,0,10,0
16-64-27-88,0057-001-001,55,YES,105,56000,2,,2,,SOKO,NDANI YA KIJIJI/MJI,SOKO,NDANI YA KIJIJI/MJI,NO,,,,,NO,,,,120,0,0,0,0
16-64-27-88,0057-001-001,56,YES,300,48000,2,,2,,M/BIASHARA BINAFSI,NDANI YA KIJIJI/MJI,M/BIASHARA BINAFSI,NDANI YA KIJIJI/MJI,NO,,,,,NO,,,,30,0,0,0,0
34-42-58-96,0058-001-001,55,YES,1240,504000,1,,1,2,SOKO,NDANI YA KIJIJI/MJI,SOKO,NDANI YA KIJIJI/MJI,NO,,,,,NO,,,,440,0,0,0,0
34-42-58-96,0058-001-001,56,YES,80,15000,1,,1,2,M/BIASHARA BINAFSI,NDANI YA KIJIJI/MJI,M/BIASHARA BINAFSI,NDANI YA KIJIJI/MJI,NO,,,,,NO,,,,40,0,0,10,0
77-68-44-59,0059-001-001,57,YES,1800,127500,1,2,1,2,M/BIASHARA BINAFSI,KARIBU NA MJI,M/BIASHARA BINAFSI,KARIBU NA MJI,NO,,,,,NO,,,,120,0,0,0,0
44-35-85-32,0060-001-001,56,NO,,,,,,,,,,,NO,,,,,NO,,,,15,0,0,0,0
44-35-85-32,0060-001-001,57,NO,,,,,,,,,,,NO,,,,,NO,,,,20,0,0,0,0
44-35-85-32,0060-001-001,60,NO,,,,,,,,,,,NO,,,,,NO,,,,20,0,0,0,0
47-27-42-34,0067-001-001,57,YES,490,70000,1,4,1,4,M/BIASHARA BINAFSI,KARIBU NA MJI,M/BIASHARA BINAFSI,KARIBU NA MJI,NO,,,,,NO,,,,30,0,0,20,0
13-42-14-49,0067-004-001,55,YES,120,80000,2,,1,,M/BIASHARA BINAFSI,NDANI YA KIJIJI/MJI,M/BIASHARA BINAFSI,NDANI YA KIJIJI/MJI,NO,,,,,NO,,,,180,0,0,60,0
13-42-14-49,0067-004-001,59,NO,,,,,,,,,,,NO,,,,,NO,,,,40,0,5,0,0
13-42-14-49,0067-004-001,85,NO,,,,,,,,,,,NO,,,,,NO,,,,30,0,0,10,0
91-76-63-44,0071-001-001,53,YES,300,60000,2,,1,2,GULIO,KARIBU NA KIJIJI,GULIO,KARIBU NA KIJIJI,NO,,,,,NO,,,,35,0,0,25,0
91-76-63-44,0071-001-001,55,YES,30,3000,2,,1,2,JIRANI,NDANI YA KIJIJI/MJI,JIRANI,NDANI YA KIJIJI/MJI,NO,,,,,NO,,,,60,0,0,0,0
91-76-63-44,0071-001-001,57,NO,,,,,,,,,,,NO,,,,,YES,ROTTING,3,20000,80,0,0,100,0
91-76-63-44,0071-001-001,64,NO,,,,,,,,,,,NO,,,,,NO,,,,40,0,0,10,0
28-76-80-54,0072-001-001,55,NO,,,,,,,,,,,NO,,,,,NO,,,,48,0,0,12,0
28-76-80-54,0072-001-001,63,NO,,,,,,,,,,,NO,,,,,NO,,,,10,0,0,10,0
82-54-53-99,0072-003-001,55,NO,,,,,,,,,,,NO,,,,,NO,,,,280,0,0,100,0
82-54-53-99,0072-003-001,57,NO,,,,,,,,,,,NO,,,,,NO,,,,95,0,0,65,0
86-08-97-34,0073-001-001,53,NO,,,,,,,,,,,NO,,,,,NO,,,,20,0,0,8,0
86-08-97-34,0073-001-001,55,YES,200,70000,6,,1,6,GULIO,KARIBU NA KIJIJI,GULIO,KARIBU NA KIJIJI,NO,,,,,NO,,,,60,0,0,20,0
86-08-97-34,0073-001-001,56,YES,40,15000,1,,1,6,M/BIASHARA BINAFSI,NDANI YA KIJIJI/MJI,M/BIASHARA BINAFSI,NDANI YA KIJIJI/MJI,NO,,,,,NO,,,,20,0,0,0,0
64-01-68-39,0074-001-001,55,YES,120,60000,1,,1,,GULIO,KARIBU NA KIJIJI,GULIO,KARIBU NA KIJIJI,NO,,,,,NO,,,,60,0,0,0,0
64-01-68-39,0074-001-001,56,YES,180,30000,1,,1,,GULIO,KARIBU NA KIJIJI,GULIO,KARIBU NA KIJIJI,NO,,,,,NO,,,,30,0,0,10,0
05-43-63-02,0075-001-003,55,YES,60,25000,3,,3,,M/BIASHARA BINAFSI,NDANI YA KIJIJI/MJI,M/BIASHARA BINAFSI,NDANI YA KIJIJI/MJI,NO,,,,,NO,,,,60,0,0,60,0
05-43-63-02,0075-001-003,56,YES,30,5000,3,,3,,M/BIASHARA BINAFSI,NDANI YA KIJIJI/MJI,M/BIASHARA BINAFSI,NDANI YA KIJIJI/MJI,NO,,,,,NO,,,,10,0,0,20,0
05-43-63-02,0075-001-003,57,NO,,,,,,,,,,,NO,,,,,NO,,,,30,0,0,90,0
69-76-07-75,0077-001-001,53,NO,,,,,,,,,,,NO,,,,,NO,,,,100,0,0,280,70
69-76-07-75,0077-001-001,55,YES,450,135000,1,,1,,GULIO,KARIBU NA KIJIJI,GULIO,KARIBU NA KIJIJI,NO,,,,,NO,,,,90,0,0,50,10
69-76-07-75,0077-001-001,56,YES,580,60000,1,2,2,,M/BIASHARA BINAFSI,NDANI YA KIJIJI/MJI,M/BIASHARA BINAFSI,NDANI YA KIJIJI/MJI,NO,,,,,NO,,,,50,0,0,20,0
69-76-07-75,0077-001-001,57,NO,,,,,,,,,,,NO,,,,,NO,,,,120,0,0,430,0
77-61-09-41,0078-001-001,53,YES,50,20000,2,5,2,5,GULIO,WILAYA NYINGINE,GULIO,WILAYA NYINGINE,NO,,,,,NO,,,,30,0,0,20,0
77-61-09-41,0078-001-001,55,YES,60,50000,1,2,1,2,GULIO,WILAYA NYINGINE,GULIO,WILAYA NYINGINE,NO,,,,,NO,,,,120,0,0,0,0
77-61-09-41,0078-001-001,58,YES,15,5000,2,,2,,GULIO,WILAYA NYINGINE,GULIO,WILAYA NYINGINE,NO,,,,,NO,,,,15,0,0,0,0
77-61-09-41,0078-001-001,102,YES,80,24000,1,,1,,GULIO,WILAYA NYINGINE,GULIO,WILAYA NYINGINE,NO,,,,,NO,,,,10,0,0,0,0
03-09-85-87,0079-001-001,53,NO,,,,,,,,,,,NO,,,,,NO,,,,30,0,0,30,0
03-09-85-87,0079-001-001,55,NO,,,,,,,,,,,NO,,,,,NO,,,,40,0,0,5,0
03-09-85-87,0079-001-001,56,NO,,,,,,,,,,,NO,,,,,YES,ROTTING,3,25000,30,0,0,20,0
03-09-85-87,0079-001-001,57,NO,,,,,,,,,,,NO,,,,,YES,ROTTING,4,160000,40,0,0,80,0
78-16-68-29,0080-001-001,53,NO,,,,,,,,,,,NO,,,,,YES,ROTTING,3,15000,40,0,0,20,0
78-16-68-29,0080-001-001,54,NO,,,,,,,,,,,NO,,,,,NO,,,,28,0,0,5,0
78-16-68-29,0080-001-001,55,YES,225,185000,1,2,1,2,GULIO,KARIBU NA KIJIJI,GULIO,KARIBU NA KIJIJI,NO,,,,,NO,,,,40,0,0,10,0
78-16-68-29,0080-001-001,56,YES,400,200000,1,2,1,2,DUKANI/MCHUUZI,KARIBU NA KIJIJI,DUKANI/MCHUUZI,KARIBU NA KIJIJI,NO,,,,,YES,ROTTING,2,40000,30,0,0,30,0
82-35-18-51,0081-001-001,55,YES,910,230000,3,4,1,,GULIO,KARIBU NA KIJIJI,GULIO,KARIBU NA KIJIJI,NO,,,,,NO,,,,160,0,0,0,0
61-09-91-34,0082-001-001,54,YES,40,6000,1,2,1,2,M/BIASHARA BINAFSI,NDANI YA KIJIJI/MJI,M/BIASHARA BINAFSI,NDANI YA KIJIJI/MJI,NO,,,,,NO,,,,20,0,0,0,0
61-09-91-34,0082-001-001,55,YES,300,300000,1,2,1,2,M/BIASHARA BINAFSI,NDANI YA KIJIJI/MJI,M/BIASHARA BINAFSI,NDANI YA KIJIJI/MJI,NO,,,,,NO,,,,150,0,0,50,0
61-09-91-34,0082-001-001,56,NO,,,,,,,,,,,NO,,,,,NO,,,,30,0,0,20,0
61-09-91-34,0082-001-001,64,NO,,,,,,,,,,,NO,,,,,NO,,,,30,0,0,70,0
61-09-91-34,0082-001-001,103,NO,,,,,,,,,,,NO,,,,,NO,,,,30,0,0,20,0
65-72-13-93,0082-003-001,55,NO,,,,,,,,,,,NO,,,,,NO,,,,450,0,0,0,0
69-63-97-41,0082-004-001,55,YES,300,300000,1,,1,,SOKO,WILAYA NYINGINE,SOKO,WILAYA NYINGINE,NO,,,,,NO,,,,500,0,0,200,0
82-24-69-15,0083-001-001,53,YES,2250,135000,1,2,1,2,M/BIASHARA BINAFSI,KARIBU NA MJI,M/BIASHARA BINAFSI,KARIBU NA MJI,NO,,,,,NO,,,,250,0,0,0,0
82-24-69-15,0083-001-001,54,YES,240,180000,1,2,1,2,M/BIASHARA BINAFSI,KARIBU NA KIJIJI,M/BIASHARA BINAFSI,KARIBU NA MJI,NO,,,,,NO,,,,120,0,0,0,0
82-24-69-15,0083-001-001,55,NO,,,,,,,,,,,NO,,,,,NO,,,,600,0,0,450,0
82-24-69-15,0083-001-001,56,YES,800,144000,1,2,2,3,M/BIASHARA BINAFSI,KARIBU NA KIJIJI,M/BIASHARA BINAFSI,KARIBU NA MJI,NO,,,,,NO,,,,100,0,0,0,0
82-24-69-15,0083-001-001,59,NO,,,,,,,,,,,NO,,,,,NO,,,,30,0,0,0,0
71-57-99-29,0084-001-001,55,YES,90,37500,1,2,1,2,M/BIASHARA BINAFSI,KARIBU NA MJI,M/BIASHARA BINAFSI,KARIBU NA MJI,NO,,,,,NO,,,,72,0,0,0,0
74-56-02-42,0084-002-001,54,YES,30,6000,1,,1,,DUKANI/MCHUUZI,KARIBU NA KIJIJI,DUKANI/MCHUUZI,KARIBU NA KIJIJI,NO,,,,,NO,,,,5,0,0,0,0
74-56-02-42,0084-002-001,55,NO,,,,,,,,,,,NO,,,,,NO,,,,200,0,0,0,0
74-56-02-42,0084-002-001,59,NO,,,,,,,,,,,NO,,,,,NO,,,,25,0,0,0,0
70-36-26-23,0085-001-001,55,YES,600,360000,1,,1,,M/BIASHARA BINAFSI,NDANI YA KIJIJI/MJI,M/BIASHARA BINAFSI,NDANI YA KIJIJI/MJI,NO,,,,,NO,,,,100,0,0,300,0
70-36-26-23,0085-001-001,56,NO,,,,,,,,,,,NO,,,,,NO,,,,30,0,0,70,0
05-51-26-77,0085-003-001,55,NO,,,,,,,,,,,NO,,,,,NO,,,,42,0,0,0,0
07-11-78-55,0087-001-001,55,NO,,,,,,,,,,,NO,,,,,NO,,,,15,0,0,0,0
07-11-78-55,0087-001-001,59,NO,,,,,,,,,,,NO,,,,,NO,,,,10,0,0,0,0
26-78-44-09,0087-001-002,53,YES,250,15000,2,5,2,5,M/BIASHARA BINAFSI,NDANI YA KIJIJI/MJI,M/BIASHARA BINAFSI,NDANI YA KIJIJI/MJI,NO,,,,,NO,,,,0,0,0,0,0
26-78-44-09,0087-001-002,55,YES,170,51000,2,5,2,5,M/BIASHARA BINAFSI,NDANI YA KIJIJI/MJI,M/BIASHARA BINAFSI,NDANI YA KIJIJI/MJI,NO,,,,,NO,,,,150,0,0,30,0
26-78-44-09,0087-001-002,56,YES,30,20000,2,5,2,5,M/BIASHARA BINAFSI,NDANI YA KIJIJI/MJI,M/BIASHARA BINAFSI,NDANI YA KIJIJI/MJI,NO,,,,,NO,,,,20,0,0,0,0
74-12-78-76,0088-001-001,53,YES,250,15000,1,2,1,2,M/BIASHARA BINAFSI,NDANI YA KIJIJI/MJI,M/BIASHARA BINAFSI,NDANI YA KIJIJI/MJI,NO,,,,,NO,,,,35,0,0,0,0
74-12-78-76,0088-001-001,54,NO,,,,,,,,,,,NO,,,,,NO,,,,15,0,0,10,0
74-12-78-76,0088-001-001,55,YES,150,60000,1,2,1,2,M/BIASHARA BINAFSI,NDANI YA KIJIJI/MJI,M/BIASHARA BINAFSI,NDANI YA KIJIJI/MJI,NO,,,,,NO,,,,98,0,0,0,0
74-12-78-76,0088-001-001,103,NO,,,,,,,,,,,NO,,,,,NO,,,,15,0,0,0,0
47-53-89-65,0089-001-001,53,NO,,,,,,,,,,,NO,,,,,NO,,,,200,0,0,0,0
47-53-89-65,0089-001-001,55,NO,,,,,,,,,,,NO,,,,,NO,,,,300,0,0,0,0
47-53-89-65,0089-001-001,59,NO,,,,,,,,,,,NO,,,,,NO,,,,20,0,0,0,0
67-17-25-56,0089-002-001,55,NO,,,,,,,,,,,NO,,,,,NO,,,,170,0,0,50,0
67-17-25-56,0089-002-001,58,NO,,,,,,,,,,,NO,,,,,NO,,,,15,0,0,0,0
13-79-88-08,0090-001-001,53,YES,500,50000,1,2,1,2,DUKANI/MCHUUZI,NDANI YA KIJIJI/MJI,DUKANI/MCHUUZI,NDANI YA KIJIJI/MJI,NO,,,,,NO,,,,100,0,0,0,0
13-79-88-08,0090-001-001,55,NO,,,,,,,,,,,NO,,,,,NO,,,,240,0,0,0,0
13-79-88-08,0090-001-001,56,YES,200,20000,1,2,1,2,DUKANI/MCHUUZI,NDANI YA KIJIJI/MJI,DUKANI/MCHUUZI,NDANI YA KIJIJI/MJI,NO,,,,,NO,,,,50,0,0,0,0
43-96-03-62,0090-001-005,57,NO,,,,,,,,,,,NO,,,,,NO,,,,2,0,0,0,0
43-96-03-62,0090-001-005,64,NO,,,,,,,,,,,NO,,,,,NO,,,,5,0,0,0,0
70-24-33-41,0096-001-001,85,NO,,,,,,,,,,,NO,,,,,NO,,,,10,0,0,5,0
70-24-33-41,0096-001-001,102,NO,,,,,,,,,,,NO,,,,,NO,,,,5,0,0,5,0
42-11-56-10,0096-002-002,57,NO,,,,,,,,,,,NO,,,,,NO,,,,30,0,0,30,0
93-47-38-83,0097-001-003,53,NO,,,,,,,,,,,NO,,,,,NO,,,,20,0,0,0,0
93-47-38-83,0097-001-003,57,YES,200,60000,1,2,1,2,DUKANI/MCHUUZI,KARIBU NA KIJIJI,DUKANI/MCHUUZI,KARIBU NA KIJIJI,NO,,,,,NO,,,,100,0,0,0,0
89-69-28-73,0099-001-001,57,YES,1300,45000,1,2,1,,M/BIASHARA BINAFSI,NDANI YA KIJIJI/MJI,M/BIASHARA BINAFSI,KARIBU NA MJI,NO,,,,,NO,,,,150,0,0,50,0
25-01-61-44,0099-001-006,57,NO,,,,,,,,,,,NO,,,,,NO,,,,50,0,0,25,0
09-18-15-86,0101-002-001,57,NO,,,,,,,,,,,NO,,,,,NO,,,,150,0,0,300,0
61-86-51-55,0104-001-001,55,YES,120,30000,2,,2,,JIRANI,NDANI YA KIJIJI/MJI,JIRANI,NDANI YA KIJIJI/MJI,NO,,,,,NO,,,,120,0,0,0,0
72-82-51-97,0106-001-003,55,NO,,,,,,,,,,,NO,,,,,NO,,,,24,0,0,18,0
72-82-51-97,0106-001-003,57,YES,65,20000,3,,3,,JIRANI,NDANI YA KIJIJI/MJI,JIRANI,NDANI YA KIJIJI/MJI,NO,,,,,NO,,,,40,0,0,25,0
72-82-51-97,0106-001-003,85,NO,,,,,,,,,,,NO,,,,,NO,,,,40,0,0,10,0
72-82-51-97,0106-001-003,88,NO,,,,,,,,,,,NO,,,,,NO,,,,100,0,0,200,0
51-54-44-86,0108-001-001,57,NO,,,,,,,,,,,NO,,,,,NO,,,,70,0,0,90,90
51-54-44-86,0108-001-001,60,NO,,,,,,,,,,,NO,,,,,NO,,,,30,0,0,0,0
47-69-21-93,0109-001-001,57,YES,120,60000,1,,1,,M/BIASHARA BINAFSI,KARIBU NA KIJIJI,M/BIASHARA BINAFSI,KARIBU NA KIJIJI,NO,,,,,NO,,,,60,0,0,60,0
09-03-93-64,0111-001-001,57,NO,,,,,,,,,,,NO,,,,,YES,ROTTING,3,20000,20,0,0,5,0
49-60-00-77,0112-001-001,55,NO,,,,,,,,,,,NO,,,,,NO,,,,6,0,0,0,0
80-23-77-43,0113-001-001,57,YES,140,60000,1,,1,,M/BIASHARA BINAFSI,KARIBU NA KIJIJI,M/BIASHARA BINAFSI,KARIBU NA KIJIJI,NO,,,,,NO,,,,60,0,0,40,0
86-56-84-14,0113-002-001,57,YES,240,50000,1,,1,,M/BIASHARA BINAFSI,KARIBU NA KIJIJI,M/BIASHARA BINAFSI,KARIBU NA KIJIJI,NO,,,,,NO,,,,60,0,0,60,0
95-71-62-51,0114-001-001,55,NO,,,,,,,,,,,NO,,,,,NO,,,,60,0,0,20,0
95-71-62-51,0114-001-001,57,NO,,,,,,,,,,,NO,,,,,YES,ROTTING,2,25000,50,0,0,40,0
35-20-92-57,0115-001-001,57,NO,,,,,,,,,,,NO,,,,,NO,,,,50,0,0,25,0
61-11-91-19,0118-001-001,55,YES,80,60000,1,2,1,2,M/BIASHARA BINAFSI,NDANI YA KIJIJI/MJI,M/BIASHARA BINAFSI,NDANI YA KIJIJI/MJI,NO,,,,,NO,,,,180,0,0,20,0
61-11-91-19,0118-001-001,57,NO,,,,,,,,,,,NO,,,,,NO,,,,190,0,0,10,0
61-11-91-19,0118-001-001,58,NO,,,,,,,,,,,NO,,,,,NO,,,,4,0,0,3,0
98-32-46-89,0120-001-001,55,NO,,,,,,,,,,,NO,,,,,NO,,,,150,0,0,80,0
98-32-46-89,0120-001-001,57,NO,,,,,,,,,,,NO,,,,,NO,,,,70,0,0,80,0
11-41-50-08,0121-002-001,55,NO,,,,,,,,,,,NO,,,,,NO,,,,20,0,0,0,0
11-41-50-08,0121-002-001,57,NO,,,,,,,,,,,NO,,,,,YES,ROTTING,3,35000,45,0,0,0,0
51-99-30-00,0122-001-001,55,NO,,,,,,,,,,,NO,,,,,NO,,,,45,0,0,17,0
51-99-30-00,0122-001-001,57,NO,,,,,,,,,,,NO,,,,,YES,ROTTING,5,45000,30,0,0,40,0
51-99-30-00,0122-001-001,58,NO,,,,,,,,,,,NO,,,,,YES,ROTTING,2,15000,12,0,0,5,0
94-57-72-83,0122-001-002,57,NO,,,,,,,,,,,NO,,,,,NO,,,,20,0,0,0,0
43-50-47-25,0122-001-003,57,YES,100,40000,1,2,1,2,DUKANI/MCHUUZI,NDANI YA KIJIJI/MJI,DUKANI/MCHUUZI,NDANI YA KIJIJI/MJI,NO,,,,,YES,ROTTING,7,450000,500,0,0,0,0
43-50-47-25,0122-001-003,60,YES,550,485000,1,2,1,2,DUKANI/MCHUUZI,NDANI YA KIJIJI/MJI,DUKANI/MCHUUZI,NDANI YA KIJIJI/MJI,NO,,,,,NO,,,,120,0,0,30,0
38-83-27-01,0123-001-001,102,NO,,,,,,,,,,,NO,,,,,NO,,,,6,0,0,5,0
20-77-46-74,0127-001-001,57,NO,,,,,,,,,,,NO,,,,,NO,,,,80,0,0,40,0
20-77-46-74,0127-001-001,60,NO,,,,,,,,,,,NO,,,,,NO,,,,20,0,0,6,0
20-77-46-74,0127-001-001,63,NO,,,,,,,,,,,NO,,,,,NO,,,,28,0,0,10,0
18-53-46-11,0131-001-002,53,NO,,,,,,,,,,,NO,,,,,NO,,,,25,0,0,15,0
18-53-46-11,0131-001-002,55,NO,,,,,,,,,,,NO,,,,,NO,,,,80,0,0,16,0
18-53-46-11,0131-001-002,57,YES,800,200000,1,,1,,M/BIASHARA BINAFSI,WILAYA NYINGINE,M/BIASHARA BINAFSI,WILAYA NYINGINE,NO,,,,,YES,ROTTING,1,20000,80,0,0,80,0
18-53-46-11,0131-001-002,58,NO,,,,,,,,,,,NO,,,,,NO,,,,20,0,0,10,0
18-53-46-11,0131-001-002,59,YES,60,30000,1,2,1,2,M/BIASHARA BINAFSI,WILAYA NYINGINE,M/BIASHARA BINAFSI,WILAYA NYINGINE,NO,,,,,NO,,,,20,0,0,5,0
44-39-10-22,0134-001-001,55,YES,40,10000,1,2,1,2,JIRANI,NDANI YA KIJIJI/MJI,JIRANI,NDANI YA KIJIJI/MJI,NO,,,,,NO,,,,140,0,0,0,0
44-39-10-22,0134-001-001,56,NO,,,,,,,,,,,NO,,,,,NO,,,,0,0,0,0,0
44-39-10-22,0134-001-001,57,NO,,,,,,,,,,,NO,,,,,NO,,,,0,0,0,0,0
49-77-74-54,0136-001-001,55,YES,10,6000,2,,1,2,JIRANI,NDANI YA KIJIJI/MJI,JIRANI,NDANI YA KIJIJI/MJI,NO,,,,,NO,,,,20,0,0,0,0
49-77-74-54,0136-001-001,57,NO,,,,,,,,,,,NO,,,,,NO,,,,4,0,0,0,0
21-87-07-74,0137-001-001,55,YES,24,6000,1,,1,2,M/BIASHARA BINAFSI,NDANI YA KIJIJI/MJI,M/BIASHARA BINAFSI,NDANI YA KIJIJI/MJI,NO,,,,,NO,,,,62,0,0,32,0
21-87-07-74,0137-001-001,57,NO,,,,,,,,,,,NO,,,,,NO,,,,30,0,0,10,0
91-46-77-86,0137-003-001,55,NO,,,,,,,,,,,NO,,,,,NO,,,,150,0,0,0,0
91-46-77-86,0137-003-001,57,NO,,,,,,,,,,,NO,,,,,NO,,,,100,0,0,10,0
91-46-77-86,0137-003-001,103,NO,,,,,,,,,,,NO,,,,,NO,,,,8,0,0,5,0
51-16-04-26,0139-001-001,55,NO,,,,,,,,,,,NO,,,,,NO,,,,48,0,0,0,0
51-16-04-26,0139-001-001,57,NO,,,,,,,,,,,NO,,,,,YES,ROTTING,5,18000,60,0,0,60,0
51-16-04-26,0139-001-001,58,NO,,,,,,,,,,,NO,,,,,NO,,,,24,0,0,0,0
78-88-97-43,0140-002-001,55,NO,,,,,,,,,,,NO,,,,,NO,,,,48,0,0,0,0
43-41-40-08,0142-001-001,57,NO,,,,,,,,,,,NO,,,,,NO,,,,100,0,0,200,0
45-56-78-16,0142-006-001,55,NO,,,,,,,,,,,NO,,,,,NO,,,,20,0,0,100,0
70-42-29-42,0143-001-001,57,NO,,,,,,,,,,,NO,,,,,NO,,,,200,0,0,0,0
38-77-50-86,0147-001-001,55,NO,,,,,,,,,,,NO,,,,,NO,,,,140,0,0,0,0
04-84-88-57,0155-001-001,58,NO,,,,,,,,,,,NO,,,,,NO,,,,15,0,0,3,0
04-84-88-57,0155-001-001,85,NO,,,,,,,,,,,NO,,,,,NO,,,,9,0,0,0,0
88-54-76-45,0159-001-002,55,NO,,,,,,,,,,,NO,,,,,NO,,,,90,0,0,0,0
88-54-76-45,0159-001-002,57,NO,,,,,,,,,,,NO,,,,,NO,,,,50,0,0,100,0
36-54-74-87,0180-001-007,57,NO,,,,,,,,,,,NO,,,,,NO,,,,80,0,0,0,0
22-19-42-39,0188-001-001,54,NO,,,,,,,,,,,NO,,,,,NO,,,,20,0,0,0,0
22-19-42-39,0188-001-001,55,NO,,,,,,,,,,,NO,,,,,NO,,,,140,0,0,0,0
22-19-42-39,0188-001-001,58,NO,,,,,,,,,,,NO,,,,,NO,,,,40,0,0,0,0
22-19-42-39,0188-001-001,64,NO,,,,,,,,,,,NO,,,,,NO,,,,15,0,0,0,0
66-54-30-86,0195-001-001,60,NO,,,,,,,,,,,NO,,,,,NO,,,,9,0,0,6,0
66-54-30-86,0195-001-001,64,NO,,,,,,,,,,,NO,,,,,NO,,,,5,0,0,3,0
84-55-32-10,0202-002-001,55,NO,,,,,,,,,,,NO,,,,,NO,,,,75,0,0,0,0
83-06-62-27,0208-004-001,55,NO,,,,,,,,,,,NO,,,,,NO,,,,120,0,0,24,0
83-06-62-27,0208-004-001,57,NO,,,,,,,,,,,NO,,,,,NO,,,,100,0,0,200,0
83-06-62-27,0208-004-001,64,NO,,,,,,,,,,,NO,,,,,NO,,,,20,0,0,60,0
43-96-13-63,0216-001-001,58,NO,,,,,,,,,,,NO,,,,,NO,,,,25,0,0,10,0
11-90-11-27,0216-006-001,57,NO,,,,,,,,,,,NO,,,,,YES,INSECTS,1,30000,45,0,0,75,0
11-90-11-27,0216-006-001,58,NO,,,,,,,,,,,NO,,,,,YES,ROTTING,1,15000,15,0,0,25,0
36-07-10-97,0230-001-001,56,NO,,,,,,,,,,,NO,,,,,NO,,,,45,0,0,25,0
32-98-50-34,0232-001-001,57,NO,,,,,,,,,,,NO,,,,,NO,,,,30,0,0,20,0
32-98-50-34,0232-001-001,60,NO,,,,,,,,,,,NO,,,,,NO,,,,30,0,0,10,0
16-71-73-07,0233-001-001,64,NO,,,,,,,,,,,NO,,,,,YES,ROTTING,2,15000,13,0,0,12,0
93-28-19-25,0236-005-001,55,NO,,,,,,,,,,,NO,,,,,NO,,,,60,0,0,20,0
02-85-17-16,0241-001-001,55,NO,,,,,,,,,,,NO,,,,,NO,,,,75,0,0,0,0
99-85-97-80,0242-001-001,55,NO,,,,,,,,,,,NO,,,,,NO,,,,300,0,0,0,0
99-85-97-80,0242-001-001,57,YES,50,125000,1,2,1,2,JIRANI,NDANI YA KIJIJI/MJI,JIRANI,NDANI YA KIJIJI/MJI,NO,,,,,NO,,,,10,0,0,0,0
99-85-97-80,0242-001-001,58,YES,50,50000,1,2,1,2,JIRANI,NDANI YA KIJIJI/MJI,JIRANI,NDANI YA KIJIJI/MJI,NO,,,,,NO,,,,50,0,0,0,0
99-85-97-80,0242-001-001,60,NO,,,,,,,,,,,NO,,,,,NO,,,,15,0,0,0,0
29-56-58-07,0249-001-001,55,YES,90,90000,2,,1,2,M/BIASHARA BINAFSI,KARIBU NA KIJIJI,M/BIASHARA BINAFSI,KARIBU NA KIJIJI,NO,,,,,NO,,,,60,0,0,0,0
29-56-58-07,0249-001-001,56,YES,40,15000,2,,1,2,SOKO,KARIBU NA KIJIJI,SOKO,KARIBU NA KIJIJI,NO,,,,,NO,,,,15,0,0,5,0
66-44-07-30,0255-001-001,55,NO,,,,,,,,,,,NO,,,,,NO,,,,60,0,0,0,0
42-84-07-76,0255-001-009,55,NO,,,,,,,,,,,NO,,,,,NO,,,,50,0,0,0,0
21-28-91-77,0266-001-001,55,YES,70,48000,2,,1,2,M/BIASHARA BINAFSI,NDANI YA KIJIJI/MJI,M/BIASHARA BINAFSI,NDANI YA KIJIJI/MJI,NO,,,,,NO,,,,50,0,0,0,0
08-95-27-37,0267-001-001,57,YES,200,60000,1,,1,,DUKANI/MCHUUZI,MKOA MWINGINE,DUKANI/MCHUUZI,MKOA MWINGINE,NO,,,,,NO,,,,30,0,0,20,0
08-95-27-37,0267-001-001,60,YES,2400,300000,1,,1,,DUKANI/MCHUUZI,MKOA MWINGINE,DUKANI/MCHUUZI,MKOA MWINGINE,NO,,,,,NO,,,,50,0,0,50,0
61-93-73-52,0267-001-005,55,NO,,,,,,,,,,,NO,,,,,NO,,,,24,0,0,12,0
99-73-94-40,0268-001-001,53,NO,,,,,,,,,,,NO,,,,,NO,,,,10,0,0,50,0
99-73-94-40,0268-001-001,57,NO,,,,,,,,,,,NO,,,,,NO,,,,20,0,0,30,0
80-17-56-66,0283-001-001,53,NO,,,,,,,,,,,NO,,,,,NO,,,,40,0,0,0,0
80-17-56-66,0283-001-001,58,NO,,,,,,,,,,,NO,,,,,NO,,,,35,0,0,0,0
36-60-91-30,0296-001-002,57,NO,,,,,,,,,,,NO,,,,,NO,,,,45,0,0,30,0
01-12-50-30,0298-006-004,57,NO,,,,,,,,,,,NO,,,,,NO,,,,160,0,0,290,0
01-12-50-30,0298-006-004,88,NO,,,,,,,,,,,NO,,,,,NO,,,,50,0,0,100,0
81-68-55-28,0298-006-006,57,NO,,,,,,,,,,,NO,,,,,NO,,,,14,0,0,6,0
16-73-84-34,0300-001-001,55,NO,,,,,,,,,,,NO,,,,,NO,,,,120,0,0,0,0
16-73-84-34,0300-001-001,57,NO,,,,,,,,,,,NO,,,,,NO,,,,120,0,0,60,0
16-73-84-34,0300-001-001,101,YES,70,15000,1,,1,,M/BIASHARA BINAFSI,NDANI YA KIJIJI/MJI,M/BIASHARA BINAFSI,NDANI YA KIJIJI/MJI,NO,,,,,NO,,,,5,0,0,0,0
88-95-31-32,0300-001-002,57,NO,,,,,,,,,,,NO,,,,,NO,,,,86,0,0,27,0
21-51-87-14,0301-001-001,55,NO,,,,,,,,,,,NO,,,,,NO,,,,20,0,0,0,0
21-51-87-14,0301-001-001,59,NO,,,,,,,,,,,NO,,,,,NO,,,,20,0,0,10,0
49-07-66-40,0301-005-001,55,NO,,,,,,,,,,,NO,,,,,NO,,,,65,0,0,0,0
49-07-66-40,0301-005-001,60,NO,,,,,,,,,,,NO,,,,,NO,,,,15,0,0,0,0
49-07-66-40,0301-005-001,85,NO,,,,,,,,,,,NO,,,,,YES,ROTTING,1,2000,6,0,0,0,0
30-98-65-42,0302-001-001,57,NO,,,,,,,,,,,NO,,,,,NO,,,,40,0,0,40,0
66-47-83-10,0303-001-001,57,NO,,,,,,,,,,,NO,,,,,NO,,,,35,0,0,30,0
62-07-81-83,0304-001-001,57,NO,,,,,,,,,,,NO,,,,,NO,,,,60,0,0,60,0
40-17-36-05,0310-001-001,60,YES,50,10000,1,,1,,M/BIASHARA BINAFSI,NDANI YA KIJIJI/MJI,M/BIASHARA BINAFSI,NDANI YA KIJIJI/MJI,NO,,,,,NO,,,,30,0,0,40,0
40-17-36-05,0310-001-001,63,YES,35,6000,1,,1,,M/BIASHARA BINAFSI,NDANI YA KIJIJI/MJI,M/BIASHARA BINAFSI,NDANI YA KIJIJI/MJI,NO,,,,,NO,,,,15,0,0,15,0
40-17-36-05,0310-001-001,102,YES,65,10000,1,,1,,M/BIASHARA BINAFSI,NDANI YA KIJIJI/MJI,M/BIASHARA BINAFSI,NDANI YA KIJIJI/MJI,NO,,,,,NO,,,,5,0,0,10,0
55-61-56-57,0311-002-001,55,NO,,,,,,,,,,,NO,,,,,NO,,,,150,0,0,0,0
55-61-56-57,0311-002-001,58,NO,,,,,,,,,,,NO,,,,,NO,,,,30,0,0,0,0
98-25-23-09,0312-001-001,57,NO,,,,,,,,,,,NO,,,,,NO,,,,110,0,0,90,0
61-15-16-96,0314-001-001,55,NO,,,,,,,,,,,NO,,,,,NO,,,,90,0,0,0,0
61-15-16-96,0314-001-001,57,NO,,,,,,,,,,,NO,,,,,NO,,,,50,0,0,50,0
61-15-16-96,0314-001-001,58,NO,,,,,,,,,,,NO,,,,,NO,,,,20,0,0,0,0
61-15-16-96,0314-001-001,60,NO,,,,,,,,,,,NO,,,,,NO,,,,50,0,0,0,0
66-32-50-84,0314-001-005,58,NO,,,,,,,,,,,NO,,,,,NO,,,,60,0,0,0,0
53-55-68-22,0315-001-001,55,YES,50,80000,1,2,1,2,M/BIASHARA BINAFSI,NDANI YA KIJIJI/MJI,M/BIASHARA BINAFSI,NDANI YA KIJIJI/MJI,NO,,,,,NO,,,,50,0,0,40,0
53-55-68-22,0315-001-001,57,NO,,,,,,,,,,,NO,,,,,NO,,,,30,0,0,25,0
33-84-24-00,0316-001-001,55,NO,,,,,,,,,,,NO,,,,,NO,,,,75,0,0,0,0
33-84-24-00,0316-001-001,57,NO,,,,,,,,,,,NO,,,,,NO,,,,10,0,0,0,0
33-84-24-00,0316-001-001,58,NO,,,,,,,,,,,NO,,,,,NO,,,,6,0,0,0,0
79-96-60-97,0319-001-001,55,YES,3000,450000,1,2,1,2,DUKANI/MCHUUZI,NDANI YA KIJIJI/MJI,DUKANI/MCHUUZI,NDANI YA KIJIJI/MJI,NO,,,,,NO,,,,2000,0,0,1000,0
79-96-60-97,0319-001-001,57,NO,,,,,,,,,,,NO,,,,,NO,,,,80,0,0,0,0
70-01-42-10,0319-002-001,55,NO,,,,,,,,,,,NO,,,,,NO,,,,60,0,0,0,0
50-35-86-27,0320-001-001,55,YES,100,50000,1,,1,,M/BIASHARA BINAFSI,NDANI YA KIJIJI/MJI,M/BIASHARA BINAFSI,NDANI YA KIJIJI/MJI,NO,,,,,NO,,,,40,0,0,10,0
87-02-55-58,0321-001-001,55,YES,50,50000,1,2,1,2,M/BIASHARA BINAFSI,NDANI YA KIJIJI/MJI,M/BIASHARA BINAFSI,NDANI YA KIJIJI/MJI,NO,,,,,NO,,,,100,0,0,0,0
87-02-55-58,0321-001-001,57,YES,660,200000,1,2,1,2,M/BIASHARA BINAFSI,NDANI YA KIJIJI/MJI,M/BIASHARA BINAFSI,NDANI YA KIJIJI/MJI,NO,,,,,NO,,,,80,0,0,60,0
87-02-55-58,0321-001-001,59,YES,150,100000,1,2,1,2,M/BIASHARA BINAFSI,NDANI YA KIJIJI/MJI,M/BIASHARA BINAFSI,NDANI YA KIJIJI/MJI,NO,,,,,NO,,,,45,0,0,5,0
87-02-55-58,0321-001-001,60,YES,1300,400000,1,2,1,2,M/BIASHARA BINAFSI,NDANI YA KIJIJI/MJI,M/BIASHARA BINAFSI,NDANI YA KIJIJI/MJI,NO,,,,,NO,,,,70,0,0,30,0
75-47-93-54,0326-001-001,57,NO,,,,,,,,,,,NO,,,,,NO,,,,10,0,0,8,0
79-72-16-28,0330-001-001,57,NO,,,,,,,,,,,NO,,,,,NO,,,,60,0,0,0,0
38-57-13-13,0331-001-001,58,NO,,,,,,,,,,,NO,,,,,NO,,,,13,0,0,0,0
62-23-66-59,0332-004-001,55,NO,,,,,,,,,,,NO,,,,,NO,,,,40,0,0,20,0
62-23-66-59,0332-004-001,57,NO,,,,,,,,,,,NO,,,,,NO,,,,100,0,0,200,0
62-23-66-59,0332-004-001,59,NO,,,,,,,,,,,NO,,,,,NO,,,,15,0,0,15,0
62-23-66-59,0332-004-001,60,NO,,,,,,,,,,,NO,,,,,NO,,,,80,0,0,120,0
59-32-89-82,0336-001-001,55,NO,,,,,,,,,,,NO,,,,,NO,,,,15,0,0,0,0
59-32-89-82,0336-001-001,58,NO,,,,,,,,,,,NO,,,,,NO,,,,10,0,0,0,0
59-32-89-82,0336-001-001,103,NO,,,,,,,,,,,NO,,,,,NO,,,,8,0,0,0,0
95-97-57-76,0337-001-001,55,NO,,,,,,,,,,,NO,,,,,NO,,,,90,0,0,0,0
95-97-57-76,0337-001-001,60,YES,200,36000,1,2,1,2,DUKANI/MCHUUZI,NDANI YA KIJIJI/MJI,DUKANI/MCHUUZI,NDANI YA KIJIJI/MJI,NO,,,,,NO,,,,50,0,0,50,0
79-32-59-15,0337-003-001,55,NO,,,,,,,,,,,NO,,,,,NO,,,,14,0,0,0,0
79-32-59-15,0337-003-001,59,NO,,,,,,,,,,,NO,,,,,NO,,,,10,0,0,0,0
57-22-81-69,0338-001-001,55,NO,,,,,,,,,,,NO,,,,,NO,,,,8,0,0,4,0
58-48-25-77,0339-001-001,55,NO,,,,,,,,,,,NO,,,,,NO,,,,16,0,0,0,0
58-48-25-77,0339-001-001,58,NO,,,,,,,,,,,NO,,,,,NO,,,,30,0,0,30,0
42-32-57-47,0342-001-001,25,NO,,,,,,,,,,,NO,,,,,NO,,,,20,0,0,20,0
42-32-57-47,0342-001-001,57,NO,,,,,,,,,,,NO,,,,,YES,INSECTS,4,50000,50,0,0,70,0
42-32-57-47,0342-001-001,64,NO,,,,,,,,,,,NO,,,,,NO,,,,15,0,0,45,0
50-97-33-57,0344-001-001,55,NO,,,,,,,,,,,NO,,,,,NO,,,,17,0,0,0,0
26-84-97-44,0346-001-001,55,NO,,,,,,,,,,,NO,,,,,NO,,,,3,0,0,0,0
26-84-97-44,0346-001-001,57,NO,,,,,,,,,,,NO,,,,,NO,,,,35,0,0,55,0
26-84-97-44,0346-001-001,58,NO,,,,,,,,,,,NO,,,,,NO,,,,23,0,0,15,0
33-87-72-22,0347-001-001,60,YES,80,16000,1,2,1,2,DUKANI/MCHUUZI,KARIBU NA KIJIJI,DUKANI/MCHUUZI,KARIBU NA KIJIJI,NO,,,,,NO,,,,15,0,0,5,0
27-37-98-68,0348-001-001,55,NO,,,,,,,,,,,NO,,,,,NO,,,,20,0,0,10,0
27-37-98-68,0348-001-001,59,NO,,,,,,,,,,,NO,,,,,NO,,,,10,0,0,0,0
27-37-98-68,0348-001-001,60,NO,,,,,,,,,,,NO,,,,,NO,,,,50,0,0,30,0
62-47-27-99,0348-001-005,51,NO,,,,,,,,,,,NO,,,,,NO,,,,25,0,0,25,0
83-73-69-11,0350-001-001,55,NO,,,,,,,,,,,NO,,,,,NO,,,,53,0,0,0,0
83-73-69-11,0350-001-001,60,NO,,,,,,,,,,,NO,,,,,NO,,,,30,0,0,0,0
83-73-69-11,0350-001-001,85,NO,,,,,,,,,,,NO,,,,,NO,,,,15,0,0,0,0
83-73-69-11,0350-001-001,102,NO,,,,,,,,,,,NO,,,,,NO,,,,2,0,0,3,0
62-06-81-29,0352-001-001,57,NO,,,,,,,,,,,NO,,,,,NO,,,,100,0,0,100,0
62-06-81-29,0352-001-001,58,NO,,,,,,,,,,,NO,,,,,NO,,,,18,0,0,0,0
62-06-81-29,0352-001-001,85,NO,,,,,,,,,,,NO,,,,,NO,,,,35,0,0,15,0
52-06-17-29,0353-001-001,54,NO,,,,,,,,,,,NO,,,,,NO,,,,2,0,0,3,0
52-06-17-29,0353-001-001,60,NO,,,,,,,,,,,NO,,,,,NO,,,,15,0,0,21,0
52-06-17-29,0353-001-001,85,NO,,,,,,,,,,,NO,,,,,NO,,,,4,0,0,8,0
78-10-03-87,0356-001-001,53,NO,,,,,,,,,,,NO,,,,,NO,,,,20,0,0,0,0
78-10-03-87,0356-001-001,85,NO,,,,,,,,,,,NO,,,,,NO,,,,20,0,0,0,0
74-58-85-63,0357-001-001,55,NO,,,,,,,,,,,NO,,,,,NO,,,,120,0,0,0,0
74-58-85-63,0357-001-001,103,NO,,,,,,,,,,,NO,,,,,NO,,,,10,0,0,0,0
16-56-85-66,0357-003-001,53,NO,,,,,,,,,,,NO,,,,,NO,,,,80,0,0,50,0
16-56-85-66,0357-003-001,57,NO,,,,,,,,,,,NO,,,,,NO,,,,150,0,0,70,0
16-56-85-66,0357-003-001,60,NO,,,,,,,,,,,NO,,,,,NO,,,,55,0,0,0,0
16-56-85-66,0357-003-001,85,NO,,,,,,,,,,,NO,,,,,NO,,,,18,0,0,0,0
81-04-99-31,0358-001-001,55,NO,,,,,,,,,,,NO,,,,,NO,,,,30,0,0,0,0
81-04-99-31,0358-001-001,58,NO,,,,,,,,,,,NO,,,,,NO,,,,10,0,0,0,0
57-01-29-66,0359-001-001,55,YES,24,16000,1,,1,,M/BIASHARA BINAFSI,NDANI YA KIJIJI/MJI,M/BIASHARA BINAFSI,NDANI YA KIJIJI/MJI,NO,,,,,NO,,,,8,0,0,0,0
57-01-29-66,0359-001-001,59,NO,,,,,,,,,,,NO,,,,,NO,,,,26,0,0,14,0
57-01-29-66,0359-001-001,64,NO,,,,,,,,,,,NO,,,,,NO,,,,7,0,0,6,0
05-93-71-40,0362-001-001,55,NO,,,,,,,,,,,NO,,,,,NO,,,,13,0,0,0,0
05-93-71-40,0362-001-001,57,NO,,,,,,,,,,,NO,,,,,NO,,,,70,0,0,80,0
05-93-71-40,0362-001-001,60,NO,,,,,,,,,,,NO,,,,,NO,,,,70,0,0,70,0
82-38-78-50,0363-003-001,55,NO,,,,,,,,,,,NO,,,,,NO,,,,10,0,0,0,0
82-38-78-50,0363-003-001,103,NO,,,,,,,,,,,NO,,,,,NO,,,,5,0,0,3,0
16-25-69-84,0364-001-001,55,NO,,,,,,,,,,,NO,,,,,NO,,,,30,0,0,0,0
98-93-28-99,0367-001-001,60,NO,,,,,,,,,,,NO,,,,,NO,,,,50,0,0,0,0
98-93-28-99,0367-001-001,103,NO,,,,,,,,,,,NO,,,,,NO,,,,10,0,0,0,0
37-91-82-56,0369-001-001,55,NO,,,,,,,,,,,NO,,,,,NO,,,,50,0,0,0,0
37-91-82-56,0369-001-001,60,NO,,,,,,,,,,,NO,,,,,NO,,,,20,0,0,5,0
87-29-04-68,0377-001-001,85,NO,,,,,,,,,,,NO,,,,,NO,,,,35,0,0,0,0
88-99-03-66,0378-003-001,55,NO,,,,,,,,,,,NO,,,,,NO,,,,150,0,0,0,0
88-99-03-66,0378-003-001,57,YES,50,50000,1,2,1,2,JIRANI,NDANI YA KIJIJI/MJI,JIRANI,NDANI YA KIJIJI/MJI,NO,,,,,NO,,,,30,0,0,20,0
88-99-03-66,0378-003-001,102,YES,60,200000,1,2,1,2,M/BIASHARA BINAFSI,NDANI YA KIJIJI/MJI,M/BIASHARA BINAFSI,NDANI YA KIJIJI/MJI,NO,,,,,NO,,,,25,0,0,15,0
11-13-08-42,0386-001-001,60,YES,600,180000,1,2,1,2,SOKO,KARIBU NA MJI,SOKO,KARIBU NA MJI,NO,,,,,NO,,,,150,0,0,50,0
90-22-50-43,0387-001-001,58,NO,,,,,,,,,,,NO,,,,,NO,,,,10,0,0,0,0
90-22-50-43,0387-001-001,63,NO,,,,,,,,,,,NO,,,,,NO,,,,15,0,0,0,0
43-97-80-50,0389-001-001,55,YES,98,66000,1,,1,6,M/BIASHARA BINAFSI,NDANI YA KIJIJI/MJI,M/BIASHARA BINAFSI,NDANI YA KIJIJI/MJI,NO,,,,,NO,,,,70,0,0,0,0
43-97-80-50,0389-001-001,57,NO,,,,,,,,,,,NO,,,,,NO,,,,180,0,0,60,0
49-08-86-51,0389-001-002,55,NO,,,,,,,,,,,NO,,,,,NO,,,,16,0,0,0,0
49-08-86-51,0389-001-002,57,NO,,,,,,,,,,,NO,,,,,NO,,,,80,0,0,40,0
98-73-14-89,0390-001-001,55,NO,,,,,,,,,,,NO,,,,,NO,,,,30,0,0,0,0
98-73-14-89,0390-001-001,60,NO,,,,,,,,,,,NO,,,,,NO,,,,8,0,0,10,0
77-89-92-35,0391-001-001,57,NO,,,,,,,,,,,NO,,,,,NO,,,,100,0,0,100,0
42-04-98-59,0392-001-002,55,NO,,,,,,,,,,,NO,,,,,NO,,,,60,0,0,0,0
42-04-98-59,0392-001-002,57,NO,,,,,,,,,,,NO,,,,,NO,,,,30,0,0,70,0
42-04-98-59,0392-001-002,58,NO,,,,,,,,,,,NO,,,,,NO,,,,20,0,0,0,0
91-52-62-82,0393-001-001,60,NO,,,,,,,,,,,NO,,,,,NO,,,,17,0,0,13,0
68-78-67-09,0393-002-001,57,NO,,,,,,,,,,,NO,,,,,NO,,,,30,0,0,20,0
68-78-67-09,0393-002-001,60,NO,,,,,,,,,,,NO,,,,,NO,,,,25,0,0,5,0
07-50-77-12,0395-001-001,55,NO,,,,,,,,,,,NO,,,,,NO,,,,15,0,0,0,0
07-50-77-12,0395-001-001,57,NO,,,,,,,,,,,NO,,,,,YES,ROTTING,1,4000,230,0,0,0,0
07-50-77-12,0395-001-001,103,NO,,,,,,,,,,,NO,,,,,NO,,,,8,0,0,0,0
36-58-37-13,0395-001-006,55,NO,,,,,,,,,,,NO,,,,,YES,ROTTING,2,22000,60,0,0,0,0
36-58-37-13,0395-001-006,57,NO,,,,,,,,,,,NO,,,,,YES,ROTTING,4,130000,80,0,0,40,0
41-77-08-50,0397-001-001,57,NO,,,,,,,,,,,NO,,,,,NO,,,,20,0,0,10,0
41-77-08-50,0397-001-001,64,NO,,,,,,,,,,,NO,,,,,NO,,,,7,0,0,5,0
46-80-56-01,0398-001-003,56,NO,,,,,,,,,,,NO,,,,,NO,,,,15,0,0,25,0
46-80-56-01,0398-001-003,102,NO,,,,,,,,,,,NO,,,,,NO,,,,6,0,0,6,0
75-52-50-40,0399-001-001,55,NO,,,,,,,,,,,NO,,,,,NO,,,,36,0,0,0,0
75-52-50-40,0399-001-001,57,NO,,,,,,,,,,,NO,,,,,NO,,,,20,0,0,21,0
96-25-62-36,0402-001-002,55,NO,,,,,,,,,,,NO,,,,,NO,,,,20,0,0,0,0
96-25-62-36,0402-001-002,57,NO,,,,,,,,,,,NO,,,,,NO,,,,85,0,0,35,0
75-24-28-19,0403-001-001,55,NO,,,,,,,,,,,NO,,,,,NO,,,,28,0,0,0,0
23-48-39-75,0404-001-001,55,YES,100,35000,1,,1,,JIRANI,NDANI YA KIJIJI/MJI,JIRANI,NDANI YA KIJIJI/MJI,NO,,,,,YES,ROTTING,2,8500,15,0,0,20,0
23-48-39-75,0404-001-001,57,NO,,,,,,,,,,,NO,,,,,YES,ROTTING,7,180000,60,0,0,200,0
71-97-65-36,0405-001-001,57,NO,,,,,,,,,,,NO,,,,,NO,,,,5,0,0,3,0
71-97-65-36,0405-001-001,60,NO,,,,,,,,,,,NO,,,,,NO,,,,10,0,0,10,0
90-30-68-35,0407-001-001,55,YES,160,100000,1,2,1,2,M/BIASHARA BINAFSI,NDANI YA KIJIJI/MJI,M/BIASHARA BINAFSI,NDANI YA KIJIJI/MJI,NO,,,,,NO,,,,60,0,0,20,0
90-30-68-35,0407-001-001,57,NO,,,,,,,,,,,NO,,,,,NO,,,,100,0,0,50,0
51-68-01-74,0408-001-001,55,NO,,,,,,,,,,,NO,,,,,NO,,,,126,0,0,0,0
51-68-01-74,0408-001-001,57,NO,,,,,,,,,,,NO,,,,,NO,,,,100,0,0,100,0
45-60-97-69,0409-001-001,55,NO,,,,,,,,,,,NO,,,,,NO,,,,160,0,0,0,0
98-64-80-85,0411-001-001,55,NO,,,,,,,,,,,NO,,,,,NO,,,,80,0,0,0,0
98-64-80-85,0411-001-001,57,NO,,,,,,,,,,,NO,,,,,YES,ROTTING,3,60000,120,0,0,5,0
98-64-80-85,0411-001-001,85,NO,,,,,,,,,,,NO,,,,,NO,,,,10,0,0,0,0
17-95-98-51,0412-001-001,55,YES,48,13000,1,,1,,DUKANI/MCHUUZI,KARIBU NA MJI,DUKANI/MCHUUZI,KARIBU NA MJI,NO,,,,,NO,,,,40,0,0,0,0
17-95-98-51,0412-001-001,57,NO,,,,,,,,,,,NO,,,,,NO,,,,90,0,0,100,0
17-95-98-51,0412-001-001,59,NO,,,,,,,,,,,NO,,,,,NO,,,,15,0,0,0,0
99-47-44-47,0415-002-001,55,NO,,,,,,,,,,,NO,,,,,NO,,,,24,0,0,0,0
99-47-44-47,0415-002-001,57,NO,,,,,,,,,,,NO,,,,,NO,,,,100,0,0,150,0
99-47-44-47,0415-002-001,102,YES,80,40000,1,,1,,M/BIASHARA BINAFSI,NDANI YA KIJIJI/MJI,M/BIASHARA BINAFSI,NDANI YA KIJIJI/MJI,NO,,,,,NO,,,,20,0,0,20,0
32-54-64-43,0416-001-001,55,NO,,,,,,,,,,,NO,,,,,NO,,,,120,0,0,30,0
32-54-64-43,0416-001-001,57,NO,,,,,,,,,,,NO,,,,,NO,,,,50,0,0,30,0
29-39-31-65,0420-001-001,57,NO,,,,,,,,,,,NO,,,,,YES,INSECTS,1,10000,160,0,0,100,0
29-39-31-65,0420-001-001,64,NO,,,,,,,,,,,NO,,,,,YES,THEFT,1,6000,40,0,0,20,0
29-39-31-65,0420-001-001,85,NO,,,,,,,,,,,NO,,,,,NO,,,,30,0,0,0,0
53-51-88-47,0421-001-001,55,NO,,,,,,,,,,,NO,,,,,NO,,,,80,0,0,40,0
53-51-88-47,0421-001-001,57,NO,,,,,,,,,,,NO,,,,,NO,,,,190,0,0,170,0
52-26-67-08,0421-001-002,57,NO,,,,,,,,,,,NO,,,,,NO,,,,50,0,0,15,0
56-15-63-11,0424-001-001,64,NO,,,,,,,,,,,NO,,,,,NO,,,,25,0,0,0,0
56-15-63-11,0424-001-001,103,NO,,,,,,,,,,,NO,,,,,NO,,,,45,0,0,0,0
73-36-66-15,0427-001-001,57,NO,,,,,,,,,,,NO,,,,,NO,,,,80,0,0,20,0
46-28-63-44,0430-002-001,57,NO,,,,,,,,,,,NO,,,,,NO,,,,80,0,0,70,0
32-32-47-74,0431-001-001,25,NO,,,,,,,,,,,NO,,,,,NO,,,,20,0,0,10,0
03-49-85-68,0437-001-001,60,YES,36,20000,1,,1,,SOKO,NDANI YA KIJIJI/MJI,SOKO,NDANI YA KIJIJI/MJI,NO,,,,,NO,,,,25,0,0,11,0
03-49-85-68,0437-001-001,85,NO,,,,,,,,,,,NO,,,,,NO,,,,70,0,0,50,0
40-38-17-08,0438-001-002,89,NO,,,,,,,,,,,NO,,,,,NO,,,,30,0,0,25,0
31-07-58-53,0441-001-001,68,NO,,,,,,,,,,,NO,,,,,NO,,,,25,0,0,20,0
05-88-93-30,0443-001-001,67,NO,,,,,,,,,,,NO,,,,,YES,ROTTING,3,24000,25,0,0,60,0
50-82-03-42,0444-001-001,65,NO,,,,,,,,,,,NO,,,,,NO,,,,30,0,0,30,0
50-82-03-42,0444-001-001,67,NO,,,,,,,,,,,NO,,,,,NO,,,,20,0,0,60,0
50-82-03-42,0444-001-001,89,NO,,,,,,,,,,,NO,,,,,NO,,,,120,0,0,300,0
73-77-71-52,0445-001-002,55,NO,,,,,,,,,,,NO,,,,,NO,,,,150,0,0,0,0
73-77-71-52,0445-001-002,65,NO,,,,,,,,,,,NO,,,,,NO,,,,30,0,0,0,0
73-77-71-52,0445-001-002,66,YES,50,12000,1,,1,,M/BIASHARA BINAFSI,MKOA MWINGINE,M/BIASHARA BINAFSI,MKOA MWINGINE,NO,,,,,NO,,,,10,0,0,0,0
73-77-71-52,0445-001-002,89,NO,,,,,,,,,,,NO,,,,,NO,,,,20,0,0,0,0
57-69-67-98,0449-001-001,57,NO,,,,,,,,,,,NO,,,,,NO,,,,2,0,0,0,0
08-66-17-10,0456-001-001,58,NO,,,,,,,,,,,NO,,,,,NO,,,,30,0,0,0,0
08-66-17-10,0456-001-001,60,NO,,,,,,,,,,,NO,,,,,NO,,,,25,0,0,0,0
74-23-57-59,0457-001-001,55,NO,,,,,,,,,,,NO,,,,,NO,,,,80,0,0,0,0
74-23-57-59,0457-001-001,57,NO,,,,,,,,,,,NO,,,,,NO,,,,100,0,0,50,0
74-23-57-59,0457-001-001,64,NO,,,,,,,,,,,NO,,,,,NO,,,,20,0,0,0,0
19-61-19-60,0460-001-001,55,NO,,,,,,,,,,,NO,,,,,NO,,,,18,0,0,0,0
10-58-95-87,0461-001-001,55,NO,,,,,,,,,,,NO,,,,,NO,,,,15,0,0,0,0
10-58-95-87,0461-001-001,56,NO,,,,,,,,,,,NO,,,,,NO,,,,30,0,0,0,0
10-58-95-87,0461-001-001,60,YES,25,7000,1,,1,,RAFIKI,NDANI YA KIJIJI/MJI,RAFIKI,NDANI YA KIJIJI/MJI,NO,,,,,NO,,,,45,0,0,0,0
10-58-95-87,0461-001-001,64,NO,,,,,,,,,,,NO,,,,,NO,,,,60,0,0,0,0
28-80-80-37,0463-001-001,55,NO,,,,,,,,,,,NO,,,,,NO,,,,30,0,0,0,0
28-80-80-37,0463-001-001,56,NO,,,,,,,,,,,NO,,,,,NO,,,,20,0,0,0,0
54-47-99-19,0465-001-002,64,NO,,,,,,,,,,,NO,,,,,NO,,,,20,0,0,0,0
00-59-19-34,0466-001-001,55,NO,,,,,,,,,,,NO,,,,,NO,,,,45,0,0,0,0
00-59-19-34,0466-001-001,57,NO,,,,,,,,,,,NO,,,,,NO,,,,20,0,0,0,0
64-34-17-13,0467-001-003,55,NO,,,,,,,,,,,NO,,,,,NO,,,,18,0,0,0,0
64-34-17-13,0467-001-003,56,NO,,,,,,,,,,,NO,,,,,NO,,,,35,0,0,40,0
64-34-17-13,0467-001-003,58,NO,,,,,,,,,,,NO,,,,,NO,,,,13,0,0,0,0
35-25-01-93,0468-001-001,55,NO,,,,,,,,,,,NO,,,,,NO,,,,15,0,0,0,0
35-25-01-93,0468-001-001,64,NO,,,,,,,,,,,NO,,,,,NO,,,,40,0,0,40,0
35-25-01-93,0468-001-001,102,YES,25,6000,1,2,1,2,M/BIASHARA BINAFSI,NDANI YA KIJIJI/MJI,M/BIASHARA BINAFSI,NDANI YA KIJIJI/MJI,NO,,,,,NO,,,,25,0,0,40,0
28-12-55-49,0469-001-001,54,NO,,,,,,,,,,,NO,,,,,NO,,,,15,0,0,0,0
28-12-55-49,0469-001-001,55,NO,,,,,,,,,,,NO,,,,,NO,,,,50,0,0,0,0
28-12-55-49,0469-001-001,57,NO,,,,,,,,,,,NO,,,,,YES,ROTTING,3,25000,210,0,0,0,0
28-12-55-49,0469-001-001,60,NO,,,,,,,,,,,NO,,,,,YES,ROTTING,1,5000,8,0,0,0,0
28-12-55-49,0469-001-001,63,NO,,,,,,,,,,,NO,,,,,YES,INSECTS,1,5000,6,0,0,0,0
42-91-86-83,0469-001-003,55,YES,480,95000,1,,1,,M/BIASHARA BINAFSI,NDANI YA KIJIJI/MJI,M/BIASHARA BINAFSI,NDANI YA KIJIJI/MJI,NO,,,,,NO,,,,150,0,0,30,0
42-91-86-83,0469-001-003,56,YES,360,60000,1,,1,,M/BIASHARA BINAFSI,NDANI YA KIJIJI/MJI,M/BIASHARA BINAFSI,NDANI YA KIJIJI/MJI,NO,,,,,NO,,,,120,0,0,90,90
42-91-86-83,0469-001-003,57,NO,,,,,,,,,,,NO,,,,,NO,,,,18,0,0,12,0
99-52-82-56,0470-001-001,57,NO,,,,,,,,,,,NO,,,,,NO,,,,40,0,0,0,0
05-32-96-07,0474-001-001,68,NO,,,,,,,,,,,NO,,,,,NO,,,,50,0,0,0,0
05-32-96-07,0474-001-001,103,NO,,,,,,,,,,,NO,,,,,NO,,,,20,0,0,0,0
65-14-41-78,0475-001-002,58,YES,10,2500,1,,1,,JIRANI,NDANI YA KIJIJI/MJI,JIRANI,NDANI YA KIJIJI/MJI,NO,,,,,NO,,,,20,0,0,10,0
78-45-68-39,0476-001-001,68,NO,,,,,,,,,,,NO,,,,,NO,,,,30,0,0,20,0
44-86-40-50,0481-001-001,55,NO,,,,,,,,,,,NO,,,,,NO,,,,0,0,0,0,90
44-86-40-50,0481-001-001,56,YES,40,20000,1,2,1,2,DUKANI/MCHUUZI,KARIBU NA KIJIJI,DUKANI/MCHUUZI,KARIBU NA KIJIJI,NO,,,,,NO,,,,20,0,0,0,0
66-18-09-29,0489-001-001,55,NO,,,,,,,,,,,NO,,,,,NO,,,,70,0,0,0,0
24-04-32-53,0490-001-001,68,NO,,,,,,,,,,,NO,,,,,NO,,,,40,0,0,120,0
61-73-23-72,0491-001-001,56,YES,100,30000,1,,1,,SOKO,NDANI YA KIJIJI/MJI,SOKO,NDANI YA KIJIJI/MJI,NO,,,,,NO,,,,500,0,0,300,0
61-73-23-72,0491-001-001,68,NO,,,,,,,,,,,NO,,,,,NO,,,,200,0,0,100,0
53-31-43-03,0491-001-002,56,NO,,,,,,,,,,,NO,,,,,NO,,,,200,0,0,160,0
53-31-43-03,0491-001-002,89,NO,,,,,,,,,,,NO,,,,,NO,,,,45,0,0,15,0
68-73-60-31,0491-003-001,68,NO,,,,,,,,,,,NO,,,,,NO,,,,100,0,0,150,0
20-63-33-06,0492-001-001,55,NO,,,,,,,,,,,NO,,,,,NO,,,,90,0,0,0,0
69-69-83-72,0493-001-001,57,NO,,,,,,,,,,,NO,,,,,NO,,,,40,0,0,0,0
47-92-40-90,0494-001-001,57,NO,,,,,,,,,,,NO,,,,,NO,,,,80,0,0,100,0
86-35-99-27,0498-001-001,57,NO,,,,,,,,,,,NO,,,,,NO,,,,60,0,0,100,90
31-15-31-20,0499-001-001,55,NO,,,,,,,,,,,NO,,,,,NO,,,,160,0,0,0,0
31-15-31-20,0499-001-001,56,NO,,,,,,,,,,,NO,,,,,NO,,,,60,0,0,0,0
31-15-31-20,0499-001-001,57,NO,,,,,,,,,,,NO,,,,,NO,,,,300,0,0,200,0
51-60-75-13,0499-001-004,55,NO,,,,,,,,,,,NO,,,,,NO,,,,32,0,0,0,0
51-60-75-13,0499-001-004,57,NO,,,,,,,,,,,NO,,,,,NO,,,,200,0,0,200,0
51-60-75-13,0499-001-004,64,NO,,,,,,,,,,,NO,,,,,NO,,,,15,0,0,5,0
98-78-01-38,0499-004-002,57,NO,,,,,,,,,,,NO,,,,,YES,ROTTING,3,15000,120,0,0,40,0
98-78-01-38,0499-004-002,58,NO,,,,,,,,,,,NO,,,,,NO,,,,24,0,0,0,0
29-85-19-31,0513-001-001,58,NO,,,,,,,,,,,NO,,,,,NO,,,,30,0,0,0,0
55-47-18-86,0517-001-001,55,NO,,,,,,,,,,,NO,,,,,NO,,,,14,0,0,0,0
55-47-18-86,0517-001-001,57,NO,,,,,,,,,,,NO,,,,,NO,,,,15,0,0,5,0
55-47-18-86,0517-001-001,58,NO,,,,,,,,,,,NO,,,,,NO,,,,8,0,0,2,0
57-94-84-68,0519-001-002,55,NO,,,,,,,,,,,NO,,,,,NO,,,,14,0,0,0,0
57-94-84-68,0519-001-002,57,NO,,,,,,,,,,,NO,,,,,NO,,,,140,0,0,210,0
57-94-84-68,0519-001-002,58,NO,,,,,,,,,,,NO,,,,,NO,,,,30,0,0,0,0
85-65-43-35,0521-001-003,58,NO,,,,,,,,,,,NO,,,,,NO,,,,40,0,0,10,0
75-59-73-61,0522-001-001,57,NO,,,,,,,,,,,NO,,,,,NO,,,,200,0,0,400,0
75-59-73-61,0522-001-001,58,NO,,,,,,,,,,,NO,,,,,NO,,,,60,0,0,40,0
75-59-73-61,0522-001-001,103,NO,,,,,,,,,,,NO,,,,,NO,,,,100,0,0,100,0
81-44-06-49,0525-001-001,57,NO,,,,,,,,,,,NO,,,,,NO,,,,250,0,0,200,0
36-34-79-20,0525-004-001,57,NO,,,,,,,,,,,NO,,,,,NO,,,,3,0,0,32,0
36-34-79-20,0525-004-001,58,NO,,,,,,,,,,,NO,,,,,NO,,,,13,0,0,10,0
96-26-27-84,0525-005-001,55,NO,,,,,,,,,,,NO,,,,,NO,,,,30,0,0,0,0
96-26-27-84,0525-005-001,57,NO,,,,,,,,,,,NO,,,,,NO,,,,100,0,0,200,0
21-20-05-63,0526-001-001,57,NO,,,,,,,,,,,NO,,,,,NO,,,,17,0,0,3,0
21-20-05-63,0526-001-001,58,NO,,,,,,,,,,,NO,,,,,NO,,,,20,0,0,10,0
84-63-95-42,0528-001-001,55,NO,,,,,,,,,,,NO,,,,,NO,,,,24,0,0,0,0
84-63-95-42,0528-001-001,58,NO,,,,,,,,,,,NO,,,,,NO,,,,30,0,0,0,0
16-41-04-04,0529-001-001,57,NO,,,,,,,,,,,NO,,,,,NO,,,,500,0,0,100,100
16-41-04-04,0529-001-001,60,NO,,,,,,,,,,,NO,,,,,NO,,,,150,0,0,50,0
04-32-04-23,0529-001-003,57,NO,,,,,,,,,,,NO,,,,,NO,,,,20,0,0,30,0
26-24-72-45,0530-001-001,57,NO,,,,,,,,,,,NO,,,,,NO,,,,80,0,0,120,0
79-87-34-06,0531-001-001,57,NO,,,,,,,,,,,NO,,,,,NO,,,,100,0,0,400,0
08-64-64-36,0534-001-001,57,YES,100,20000,1,,1,,M/BIASHARA BINAFSI,WILAYA NYINGINE,M/BIASHARA BINAFSI,WILAYA NYINGINE,NO,,,,,NO,,,,150,0,0,350,0
30-98-08-59,0535-001-001,57,NO,,,,,,,,,,,NO,,,,,NO,,,,100,0,0,100,0
98-57-18-93,0537-001-001,57,NO,,,,,,,,,,,NO,,,,,NO,,,,120,0,0,0,0
30-80-71-86,0542-001-002,57,YES,400,60000,2,,2,,M/BIASHARA BINAFSI,WILAYA NYINGINE,M/BIASHARA BINAFSI,WILAYA NYINGINE,NO,,,,,YES,ROTTING,1,15000,200,0,0,100,0
30-80-71-86,0542-001-002,64,NO,,,,,,,,,,,NO,,,,,NO,,,,25,0,0,50,0
30-80-71-86,0542-001-002,102,NO,,,,,,,,,,,NO,,,,,NO,,,,25,0,0,25,0
20-78-49-50,0547-001-001,55,NO,,,,,,,,,,,NO,,,,,NO,,,,5,0,0,0,0
20-78-49-50,0547-001-001,57,NO,,,,,,,,,,,NO,,,,,NO,,,,200,0,0,300,0
20-78-49-50,0547-001-001,64,NO,,,,,,,,,,,NO,,,,,NO,,,,15,0,0,0,0
20-78-49-50,0547-001-001,65,NO,,,,,,,,,,,NO,,,,,NO,,,,2,0,0,0,0
20-78-49-50,0547-001-001,88,NO,,,,,,,,,,,NO,,,,,NO,,,,4,0,0,0,0
20-78-49-50,0547-001-001,102,NO,,,,,,,,,,,NO,,,,,NO,,,,4,0,0,1,0
26-14-17-11,0548-001-001,54,NO,,,,,,,,,,,NO,,,,,NO,,,,1,0,0,0,0
26-14-17-11,0548-001-001,55,NO,,,,,,,,,,,NO,,,,,NO,,,,48,0,0,0,0
26-14-17-11,0548-001-001,56,NO,,,,,,,,,,,NO,,,,,NO,,,,60,0,0,30,0
26-14-17-11,0548-001-001,57,NO,,,,,,,,,,,NO,,,,,NO,,,,100,0,0,200,0
26-14-17-11,0548-001-001,102,YES,160,150000,2,,2,,DUKANI/MCHUUZI,KARIBU NA MJI,DUKANI/MCHUUZI,KARIBU NA MJI,NO,,,,,NO,,,,50,0,0,40,0
22-35-45-21,0551-001-001,57,NO,,,,,,,,,,,NO,,,,,NO,,,,60,0,0,0,0
22-35-45-21,0551-001-001,102,NO,,,,,,,,,,,NO,,,,,NO,,,,20,0,0,40,0
12-86-07-37,0554-003-001,55,NO,,,,,,,,,,,NO,,,,,NO,,,,36,0,0,0,0
12-86-07-37,0554-003-001,58,YES,10,5000,1,,1,,JIRANI,NDANI YA KIJIJI/MJI,JIRANI,NDANI YA KIJIJI/MJI,NO,,,,,NO,,,,8,0,0,2,0
12-86-07-37,0554-003-001,102,YES,100,40000,1,,1,,DUKANI/MCHUUZI,KARIBU NA MJI,DUKANI/MCHUUZI,KARIBU NA MJI,NO,,,,,NO,,,,10,0,0,10,0
67-80-33-73,0559-001-001,55,NO,,,,,,,,,,,NO,,,,,NO,,,,48,0,0,0,0
08-79-34-76,0565-001-001,55,NO,,,,,,,,,,,NO,,,,,NO,,,,120,0,0,18,0
08-79-34-76,0565-001-001,64,NO,,,,,,,,,,,NO,,,,,NO,,,,25,0,0,15,0
28-88-07-10,0567-001-001,64,NO,,,,,,,,,,,NO,,,,,NO,,,,20,0,0,15,0
83-04-78-20,0569-001-001,55,NO,,,,,,,,,,,NO,,,,,NO,,,,200,0,0,30,0
83-04-78-20,0569-001-001,56,NO,,,,,,,,,,,NO,,,,,YES,INSECTS,1,4000,10,0,0,0,0
49-17-08-99,0573-001-003,55,NO,,,,,,,,,,,NO,,,,,NO,,,,15,0,0,3,0
06-06-62-86,0573-006-001,55,NO,,,,,,,,,,,NO,,,,,NO,,,,120,0,0,0,0
41-81-57-58,0573-006-003,55,NO,,,,,,,,,,,NO,,,,,NO,,,,15,0,0,0,0
89-23-01-64,0574-001-001,55,YES,78,24000,1,2,1,2,GULIO,NDANI YA KIJIJI/MJI,GULIO,NDANI YA KIJIJI/MJI,NO,,,,,NO,,,,39,0,0,0,0
89-23-01-64,0574-001-001,57,NO,,,,,,,,,,,NO,,,,,YES,INSECTS,1,3000,35,0,0,32,0
89-23-01-64,0574-001-001,64,NO,,,,,,,,,,,NO,,,,,NO,,,,30,0,0,30,0
37-88-75-54,0576-001-001,64,NO,,,,,,,,,,,NO,,,,,NO,,,,3,2,0,0,0
37-88-75-54,0576-001-001,102,NO,,,,,,,,,,,NO,,,,,NO,,,,3,0,0,3,0
34-75-80-11,0577-001-002,57,NO,,,,,,,,,,,NO,,,,,YES,THEFT,10,180000,0,0,0,0,0
21-37-46-84,0584-001-001,57,NO,,,,,,,,,,,NO,,,,,YES,ROTTING,2,6000,60,0,0,10,0
96-39-75-25,0586-001-001,57,NO,,,,,,,,,,,NO,,,,,NO,,,,15,0,0,45,0
96-39-75-25,0586-001-001,64,NO,,,,,,,,,,,NO,,,,,NO,,,,10,0,0,25,0
61-66-15-53,0588-001-001,60,NO,,,,,,,,,,,NO,,,,,NO,,,,15,0,0,5,0
08-69-28-04,0589-001-001,57,NO,,,,,,,,,,,NO,,,,,NO,,,,10,0,0,10,0
99-53-65-08,0593-004-001,55,NO,,,,,,,,,,,NO,,,,,NO,,,,20,0,0,0,0
27-02-40-45,0593-005-001,55,NO,,,,,,,,,,,NO,,,,,NO,,,,90,0,0,0,0
27-02-40-45,0593-005-001,57,YES,100,10000,1,2,1,2,M/BIASHARA BINAFSI,NDANI YA KIJIJI/MJI,M/BIASHARA BINAFSI,NDANI YA KIJIJI/MJI,NO,,,,,NO,,,,100,0,0,100,0
27-02-40-45,0593-005-001,60,YES,150,6000,1,2,1,2,JIRANI,NDANI YA KIJIJI/MJI,JIRANI,NDANI YA KIJIJI/MJI,NO,,,,,NO,,,,50,0,0,0,0
27-02-40-45,0593-005-001,64,NO,,,,,,,,,,,NO,,,,,NO,,,,20,0,0,0,0
65-21-27-08,0593-005-008,55,NO,,,,,,,,,,,NO,,,,,NO,,,,5,0,0,0,0
65-21-27-08,0593-005-008,57,YES,80,20000,1,2,1,2,M/BIASHARA BINAFSI,NDANI YA KIJIJI/MJI,M/BIASHARA BINAFSI,NDANI YA KIJIJI/MJI,NO,,,,,NO,,,,160,0,0,480,0
81-73-84-59,0596-001-001,57,NO,,,,,,,,,,,NO,,,,,NO,,,,200,0,0,200,0
35-87-73-75,0597-001-001,55,YES,20,10000,1,2,1,2,SOKO,NDANI YA KIJIJI/MJI,SOKO,NDANI YA KIJIJI/MJI,NO,,,,,NO,,,,20,0,0,10,0
35-87-73-75,0597-001-001,56,YES,800,120000,1,2,1,2,M/BIASHARA BINAFSI,NDANI YA KIJIJI/MJI,M/BIASHARA BINAFSI,NDANI YA KIJIJI/MJI,NO,,,,,NO,,,,100,0,0,100,0
90-31-84-80,0598-001-001,55,YES,12,9000,1,,1,,JIRANI,NDANI YA KIJIJI/MJI,JIRANI,NDANI YA KIJIJI/MJI,NO,,,,,NO,,,,0,0,0,0,0
90-31-84-80,0598-001-001,58,NO,,,,,,,,,,,NO,,,,,NO,,,,8,0,0,2,0
90-31-84-80,0598-001-001,64,NO,,,,,,,,,,,NO,,,,,NO,,,,25,0,0,15,0
79-15-68-02,0599-001-001,56,YES,200,20000,1,2,1,2,DUKANI/MCHUUZI,NDANI YA KIJIJI/MJI,DUKANI/MCHUUZI,NDANI YA KIJIJI/MJI,NO,,,,,NO,,,,200,0,0,0,0
79-15-68-02,0599-001-001,60,YES,100,18000,1,2,1,2,DUKANI/MCHUUZI,NDANI YA KIJIJI/MJI,DUKANI/MCHUUZI,NDANI YA KIJIJI/MJI,NO,,,,,NO,,,,200,0,0,0,0
39-51-58-76,0600-001-001,55,NO,,,,,,,,,,,NO,,,,,NO,,,,145,0,0,0,0
39-51-58-76,0600-001-001,60,NO,,,,,,,,,,,NO,,,,,NO,,,,50,0,0,0,0
37-19-01-98,0601-001-001,55,YES,200,60000,1,2,1,2,M/BIASHARA BINAFSI,NDANI YA KIJIJI/MJI,M/BIASHARA BINAFSI,NDANI YA KIJIJI/MJI,NO,,,,,NO,,,,0,0,0,0,0
61-13-18-51,0603-001-002,56,NO,,,,,,,,,,,NO,,,,,NO,,,,3,0,0,0,0
61-13-18-51,0603-001-002,57,NO,,,,,,,,,,,NO,,,,,NO,,,,140,0,0,100,0
98-16-55-70,0604-001-001,55,YES,378,162000,1,,1,2,SOKO,KARIBU NA KIJIJI,SOKO,KARIBU NA KIJIJI,NO,,,,,NO,,,,294,0,0,0,0
69-19-17-73,0608-001-001,55,NO,,,,,,,,,,,NO,,,,,NO,,,,40,0,0,0,0
69-19-17-73,0608-001-001,58,NO,,,,,,,,,,,NO,,,,,NO,,,,20,0,0,0,0
81-97-59-95,0614-005-007,55,NO,,,,,,,,,,,NO,,,,,NO,,,,50,0,0,10,0
07-54-46-36,0622-001-001,58,NO,,,,,,,,,,,NO,,,,,NO,,,,40,0,0,10,0
07-54-46-36,0622-001-001,60,NO,,,,,,,,,,,NO,,,,,NO,,,,90,0,0,30,0
07-54-46-36,0622-001-001,102,NO,,,,,,,,,,,NO,,,,,NO,,,,20,0,0,16,0
73-42-88-19,0623-001-004,57,NO,,,,,,,,,,,NO,,,,,NO,,,,500,0,0,100,0
30-47-51-83,0624-001-001,57,NO,,,,,,,,,,,NO,,,,,NO,,,,40,0,0,30,0
30-47-51-83,0624-001-001,58,NO,,,,,,,,,,,NO,,,,,NO,,,,30,0,0,16,0
92-54-51-07,0628-001-001,55,YES,160,200000,1,2,1,2,SOKO,NDANI YA KIJIJI/MJI,SOKO,NDANI YA KIJIJI/MJI,NO,,,,,NO,,,,80,0,0,0,0
92-54-51-07,0628-001-001,57,YES,400,50000,1,2,1,2,SOKO,NDANI YA KIJIJI/MJI,SOKO,NDANI YA KIJIJI/MJI,NO,,,,,NO,,,,400,0,0,0,0
31-16-19-07,0628-005-001,57,NO,,,,,,,,,,,NO,,,,,NO,,,,300,0,0,300,0
35-42-46-81,0630-001-001,55,NO,,,,,,,,,,,NO,,,,,NO,,,,25,0,0,0,0
35-42-46-81,0630-001-001,57,NO,,,,,,,,,,,NO,,,,,NO,,,,100,0,0,40,0
35-42-46-81,0630-001-001,58,NO,,,,,,,,,,,NO,,,,,NO,,,,30,0,0,15,0
32-73-64-62,0631-001-001,55,NO,,,,,,,,,,,NO,,,,,NO,,,,15,0,0,0,0
32-73-64-62,0631-001-001,57,NO,,,,,,,,,,,NO,,,,,NO,,,,160,0,0,80,0
32-73-64-62,0631-001-001,58,NO,,,,,,,,,,,NO,,,,,NO,,,,15,0,0,25,0
23-49-04-65,0633-001-002,54,NO,,,,,,,,,,,NO,,,,,NO,,,,8,0,0,0,0
23-49-04-65,0633-001-002,58,NO,,,,,,,,,,,NO,,,,,NO,,,,21,0,0,0,0
41-41-80-91,0633-011-002,57,YES,300,18000,2,,2,,M/BIASHARA BINAFSI,KARIBU NA KIJIJI,M/BIASHARA BINAFSI,KARIBU NA KIJIJI,NO,,,,,NO,,,,100,0,0,200,0
76-41-43-15,0634-001-001,57,NO,,,,,,,,,,,NO,,,,,NO,,,,60,0,0,40,50
76-14-69-90,0638-001-001,55,NO,,,,,,,,,,,NO,,,,,NO,,,,90,0,0,0,0
76-14-69-90,0638-001-001,57,NO,,,,,,,,,,,NO,,,,,NO,,,,100,0,0,0,0
80-55-01-46,0639-007-001,55,NO,,,,,,,,,,,NO,,,,,NO,,,,150,0,0,0,0
80-55-01-46,0639-007-001,57,NO,,,,,,,,,,,NO,,,,,NO,,,,90,0,0,30,0
80-55-01-46,0639-007-001,60,NO,,,,,,,,,,,NO,,,,,NO,,,,40,0,0,10,0
03-58-62-92,0639-007-003,57,NO,,,,,,,,,,,NO,,,,,NO,,,,120,0,0,30,0
04-52-63-04,0642-001-001,55,YES,400,370000,1,2,1,2,DUKANI/MCHUUZI,NDANI YA KIJIJI/MJI,DUKANI/MCHUUZI,NDANI YA KIJIJI/MJI,NO,,,,,NO,,,,400,0,0,60,0
04-52-63-04,0642-001-001,56,YES,70,60000,1,2,1,2,DUKANI/MCHUUZI,NDANI YA KIJIJI/MJI,DUKANI/MCHUUZI,NDANI YA KIJIJI/MJI,NO,,,,,YES,ROTTING,2,12000,30,0,0,0,0
04-52-63-04,0642-001-001,57,NO,,,,,,,,,,,NO,,,,,YES,ROTTING,1,3000,9,0,0,0,0
04-52-63-04,0642-001-001,59,YES,440,170000,1,,1,,M/BIASHARA BINAFSI,KARIBU NA MJI,M/BIASHARA BINAFSI,KARIBU NA MJI,NO,,,,,YES,ROTTING,1,7000,20,0,0,0,0
04-52-63-04,0642-001-001,63,NO,,,,,,,,,,,NO,,,,,NO,,,,10,0,0,0,0
86-97-87-20,0642-001-003,55,NO,,,,,,,,,,,NO,,,,,NO,,,,288,0,0,0,0
86-97-87-20,0642-001-003,58,NO,,,,,,,,,,,NO,,,,,NO,,,,9,0,0,3,0
86-97-87-20,0642-001-003,59,YES,180,48000,1,,1,2,GULIO,NDANI YA KIJIJI/MJI,GULIO,NDANI YA KIJIJI/MJI,NO,,,,,NO,,,,60,0,0,10,0
15-94-42-33,0642-001-004,55,NO,,,,,,,,,,,NO,,,,,NO,,,,460,0,0,0,0
15-94-42-33,0642-001-004,59,YES,900,500000,1,2,1,2,CHAMA WAKULIMA,KARIBU NA MJI,CHAMA WAKULIMA,KARIBU NA MJI,NO,,,,,NO,,,,40,0,0,0,0
96-16-28-77,0642-001-006,55,YES,240,120000,1,,1,2,SOKO,KARIBU NA KIJIJI,SOKO,KARIBU NA KIJIJI,NO,,,,,NO,,,,180,0,0,0,0
96-16-28-77,0642-001-006,56,NO,,,,,,,,,,,NO,,,,,NO,,,,40,0,0,20,0
04-94-12-79,0642-001-009,55,YES,72,48000,1,,1,,M/BIASHARA BINAFSI,NDANI YA KIJIJI/MJI,M/BIASHARA BINAFSI,NDANI YA KIJIJI/MJI,NO,,,,,NO,,,,360,0,0,0,0
04-94-12-79,0642-001-009,57,NO,,,,,,,,,,,NO,,,,,NO,,,,70,0,0,70,0
04-94-12-79,0642-001-009,58,NO,,,,,,,,,,,NO,,,,,NO,,,,15,0,0,0,0
09-53-11-55,0643-001-001,55,YES,900,300000,1,,1,,M/BIASHARA BINAFSI,KARIBU NA KIJIJI,M/BIASHARA BINAFSI,KARIBU NA KIJIJI,NO,,,,,NO,,,,240,0,0,60,0
22-96-87-35,0643-001-004,54,NO,,,,,,,,,,,NO,,,,,NO,,,,12,0,0,0,0
22-96-87-35,0643-001-004,55,YES,500,370000,1,2,1,2,DUKANI/MCHUUZI,KARIBU NA KIJIJI,DUKANI/MCHUUZI,KARIBU NA KIJIJI,NO,,,,,NO,,,,440,0,0,0,0
73-72-53-25,0644-001-001,55,NO,,,,,,,,,,,NO,,,,,YES,ROTTING,1,30000,380,0,0,0,0
73-72-53-25,0644-001-001,56,NO,,,,,,,,,,,NO,,,,,YES,ROTTING,1,5000,17,0,0,0,0
73-72-53-25,0644-001-001,57,NO,,,,,,,,,,,NO,,,,,YES,ROTTING,2,15000,20,0,0,0,0
73-72-53-25,0644-001-001,59,YES,1000,380000,1,2,1,2,CHAMA WAKULIMA,KARIBU NA MJI,CHAMA WAKULIMA,KARIBU NA MJI,NO,,,,,NO,,,,70,0,0,30,0
95-29-04-76,0645-001-001,55,NO,,,,,,,,,,,NO,,,,,NO,,,,1600,0,0,30,0
81-88-93-76,0645-001-003,54,NO,,,,,,,,,,,NO,,,,,NO,,,,18,0,0,0,0
81-88-93-76,0645-001-003,55,YES,300,215000,1,,1,,DUKANI/MCHUUZI,NDANI YA KIJIJI/MJI,DUKANI/MCHUUZI,NDANI YA KIJIJI/MJI,NO,,,,,NO,,,,400,0,0,80,0
81-88-93-76,0645-001-003,56,NO,,,,,,,,,,,NO,,,,,YES,ROTTING,1,14000,30,0,0,20,0
81-88-93-76,0645-001-003,57,NO,,,,,,,,,,,NO,,,,,YES,ROTTING,1,5000,20,0,0,6,0
81-88-93-76,0645-001-003,58,NO,,,,,,,,,,,NO,,,,,NO,,,,40,0,8,5,0
55-16-13-84,0646-001-001,55,NO,,,,,,,,,,,YES,6,OTHER (SPECIFY),NO,,NO,,,,140,0,0,0,0
55-16-13-84,0646-001-001,58,NO,,,,,,,,,,,NO,,,,,NO,,,,5,0,0,3,0
73-60-06-64,0646-001-002,55,NO,,,,,,,,,,,NO,,,,,NO,,,,460,0,0,0,0
57-40-27-79,0647-001-001,55,NO,,,,,,,,,,,NO,,,,,NO,,,,96,0,0,0,0
57-40-27-79,0647-001-001,58,YES,80,20000,2,,1,2,M/BIASHARA BINAFSI,KARIBU NA KIJIJI,M/BIASHARA BINAFSI,KARIBU NA KIJIJI,NO,,,,,NO,,,,40,0,0,0,0
32-85-24-94,0648-001-001,55,NO,,,,,,,,,,,NO,,,,,NO,,,,480,0,0,40,0
32-85-24-94,0648-001-001,58,NO,,,,,,,,,,,NO,,,,,NO,,,,12,0,0,0,0
32-85-24-94,0648-001-001,59,NO,,,,,,,,,,,NO,,,,,NO,,,,180,0,0,60,0
20-84-09-10,0649-001-001,55,YES,320,340000,1,,1,,GULIO,NDANI YA KIJIJI/MJI,GULIO,KARIBU NA KIJIJI,NO,,,,,NO,,,,300,0,0,60,0
20-84-09-10,0649-001-001,56,NO,,,,,,,,,,,NO,,,,,YES,ROTTING,2,35000,20,0,0,40,0
75-45-78-14,0651-001-001,55,NO,,,,,,,,,,,NO,,,,,NO,,,,280,0,0,0,0
75-45-78-14,0651-001-001,56,NO,,,,,,,,,,,NO,,,,,NO,,,,40,0,0,20,0
75-45-78-14,0651-001-001,58,NO,,,,,,,,,,,NO,,,,,NO,,,,20,0,0,10,0
21-41-45-56,0652-001-001,55,YES,320,25000,2,,1,2,M/BIASHARA BINAFSI,NDANI YA KIJIJI/MJI,M/BIASHARA BINAFSI,NDANI YA KIJIJI/MJI,NO,,,,,NO,,,,240,0,0,0,0
21-41-45-56,0652-001-001,58,NO,,,,,,,,,,,NO,,,,,NO,,,,30,0,0,30,0
38-47-82-69,0652-003-001,55,NO,,,,,,,,,,,NO,,,,,NO,,,,58,0,0,0,0
35-30-83-19,0653-001-001,55,YES,356,245000,1,2,1,2,DUKANI/MCHUUZI,NDANI YA KIJIJI/MJI,DUKANI/MCHUUZI,NDANI YA KIJIJI/MJI,NO,,,,,NO,,,,450,0,0,50,0
35-30-83-19,0653-001-001,56,NO,,,,,,,,,,,NO,,,,,YES,ROTTING,3,75000,60,0,0,40,0
35-30-83-19,0653-001-001,57,NO,,,,,,,,,,,NO,,,,,YES,ROTTING,2,14500,30,0,0,20,0
35-30-83-19,0653-001-001,58,NO,,,,,,,,,,,NO,,,,,YES,INSECTS,1,6500,20,0,0,10,0
42-93-81-17,0654-001-001,55,YES,700,350000,2,,2,,DUKANI/MCHUUZI,NDANI YA KIJIJI/MJI,DUKANI/MCHUUZI,NDANI YA KIJIJI/MJI,NO,,,,,NO,,,,500,0,0,250,0
42-93-81-17,0654-001-001,56,YES,20,15000,2,,2,,DUKANI/MCHUUZI,NDANI YA KIJIJI/MJI,DUKANI/MCHUUZI,NDANI YA KIJIJI/MJI,NO,,,,,YES,ROTTING,1,2000,9,0,0,0,0
42-93-81-17,0654-001-001,58,NO,,,,,,,,,,,NO,,,,,YES,ROTTING,1,5000,20,0,0,2,0
70-81-65-41,0654-001-002,55,YES,1870,468000,2,,2,,M/BIASHARA BINAFSI,NDANI YA KIJIJI/MJI,M/BIASHARA BINAFSI,NDANI YA KIJIJI/MJI,NO,,,,,NO,,,,1248,0,0,602,0
70-81-65-41,0654-001-002,56,NO,,,,,,,,,,,NO,,,,,NO,,,,60,0,0,65,0
18-25-55-05,0654-004-001,55,YES,120,60000,1,2,1,2,M/BIASHARA BINAFSI,KARIBU NA KIJIJI,M/BIASHARA BINAFSI,KARIBU NA KIJIJI,NO,,,,,NO,,,,120,0,0,0,0
43-17-73-10,0655-001-001,55,NO,,,,,,,,,,,NO,,,,,NO,,,,240,0,0,60,0
43-17-73-10,0655-001-001,59,YES,100,15000,1,2,1,2,M/BIASHARA BINAFSI,KARIBU NA KIJIJI,M/BIASHARA BINAFSI,KARIBU NA KIJIJI,NO,,,,,NO,,,,20,0,0,0,0
45-08-66-74,0657-001-001,55,NO,,,,,,,,,,,NO,,,,,NO,,,,120,0,0,0,0
45-08-66-74,0657-001-001,57,NO,,,,,,,,,,,NO,,,,,NO,,,,150,0,0,150,0
45-08-66-74,0657-001-001,58,NO,,,,,,,,,,,NO,,,,,NO,,,,200,0,0,0,0
80-11-06-01,0658-001-001,55,YES,960,160000,1,,1,,SOKO,KARIBU NA KIJIJI,SOKO,KARIBU NA KIJIJI,NO,,,,,NO,,,,720,0,0,0,0
80-11-06-01,0658-001-001,102,NO,,,,,,,,,,,NO,,,,,NO,,,,10,0,0,0,0
08-56-07-13,0661-002-001,53,NO,,,,,,,,,,,NO,,,,,NO,,,,20,0,0,40,0
08-56-07-13,0661-002-001,55,NO,,,,,,,,,,,NO,,,,,NO,,,,342,0,0,228,0
08-56-07-13,0661-002-001,57,NO,,,,,,,,,,,NO,,,,,NO,,,,100,0,0,200,0
08-56-07-13,0661-002-001,58,NO,,,,,,,,,,,NO,,,,,NO,,,,3,0,0,0,0
08-56-07-13,0661-002-001,101,NO,,,,,,,,,,,NO,,,,,NO,,,,10,0,0,10,0
51-15-35-70,0662-001-001,55,NO,,,,,,,,,,,NO,,,,,NO,,,,80,0,0,0,0
51-15-35-70,0662-001-001,56,NO,,,,,,,,,,,NO,,,,,NO,,,,15,0,0,3,0
51-15-35-70,0662-001-001,57,NO,,,,,,,,,,,NO,,,,,NO,,,,35,0,0,65,0
51-15-35-70,0662-001-001,63,NO,,,,,,,,,,,NO,,,,,NO,,,,25,0,0,15,0
51-15-35-70,0662-001-001,102,NO,,,,,,,,,,,NO,,,,,NO,,,,3,0,0,2,0
10-37-19-93,0662-002-002,55,NO,,,,,,,,,,,NO,,,,,NO,,,,750,0,0,250,0
10-37-19-93,0662-002-002,56,NO,,,,,,,,,,,NO,,,,,NO,,,,600,0,0,150,0
10-37-19-93,0662-002-002,58,NO,,,,,,,,,,,NO,,,,,NO,,,,150,0,0,50,0
74-94-37-74,0663-001-001,55,YES,4000,400000,1,6,1,6,GULIO,KARIBU NA KIJIJI,GULIO,KARIBU NA KIJIJI,NO,,,,,NO,,,,1600,0,0,2000,0
74-94-37-74,0663-001-001,56,NO,,,,,,,,,,,NO,,,,,NO,,,,150,0,0,150,0
69-75-97-36,0663-003-001,55,NO,,,,,,,,,,,NO,,,,,NO,,,,75,0,0,0,0
05-21-74-76,0664-001-001,55,YES,804,268000,1,,1,,M/BIASHARA BINAFSI,KARIBU NA KIJIJI,M/BIASHARA BINAFSI,KARIBU NA KIJIJI,NO,,,,,NO,,,,156,0,0,0,0
05-21-74-76,0664-001-001,57,YES,100,10000,2,,2,,DUKANI/MCHUUZI,NDANI YA KIJIJI/MJI,DUKANI/MCHUUZI,NDANI YA KIJIJI/MJI,NO,,,,,NO,,,,60,0,0,40,0
05-21-74-76,0664-001-001,85,NO,,,,,,,,,,,NO,,,,,NO,,,,40,0,0,0,0
99-47-56-63,0666-001-001,55,NO,,,,,,,,,,,NO,,,,,NO,,,,80,0,0,50,0
99-47-56-63,0666-001-001,57,NO,,,,,,,,,,,NO,,,,,NO,,,,70,0,0,280,0
99-47-56-63,0666-001-001,60,YES,65,5000,1,2,1,2,DUKANI/MCHUUZI,NDANI YA KIJIJI/MJI,DUKANI/MCHUUZI,NDANI YA KIJIJI/MJI,NO,,,,,NO,,,,80,0,0,65,0
99-47-56-63,0666-001-001,102,NO,,,,,,,,,,,NO,,,,,NO,,,,70,0,0,280,0
65-31-48-21,0666-003-001,55,NO,,,,,,,,,,,NO,,,,,NO,,,,9,0,0,0,0
96-55-31-90,0667-001-001,54,NO,,,,,,,,,,,NO,,,,,NO,,,,7,0,0,5,0
96-55-31-90,0667-001-001,55,NO,,,,,,,,,,,NO,,,,,NO,,,,40,0,0,80,0
96-55-31-90,0667-001-001,56,YES,280,20000,1,2,1,2,M/BIASHARA BINAFSI,KARIBU NA MJI,M/BIASHARA BINAFSI,KARIBU NA MJI,NO,,,,,NO,,,,10,0,0,30,0
96-55-31-90,0667-001-001,57,NO,,,,,,,,,,,NO,,,,,NO,,,,20,0,0,120,0
76-81-55-22,0669-001-001,55,NO,,,,,,,,,,,NO,,,,,NO,,,,30,0,0,20,0
76-81-55-22,0669-001-001,56,NO,,,,,,,,,,,NO,,,,,NO,,,,30,0,0,15,0
76-81-55-22,0669-001-001,64,NO,,,,,,,,,,,NO,,,,,NO,,,,15,0,0,5,0
28-61-27-79,0674-001-001,55,NO,,,,,,,,,,,NO,,,,,NO,,,,60,0,0,0,0
28-61-27-79,0674-001-001,56,NO,,,,,,,,,,,NO,,,,,NO,,,,40,0,0,40,0
28-61-27-79,0674-001-001,64,NO,,,,,,,,,,,NO,,,,,NO,,,,12,0,0,18,0
31-50-67-22,0675-001-001,55,YES,240,80000,1,2,1,2,DUKANI/MCHUUZI,KARIBU NA MJI,DUKANI/MCHUUZI,KARIBU NA MJI,NO,,,,,NO,,,,170,0,0,100,0
31-50-67-22,0675-001-001,57,YES,480,60000,1,2,1,2,DUKANI/MCHUUZI,KARIBU NA MJI,DUKANI/MCHUUZI,KARIBU NA MJI,NO,,,,,NO,,,,20,0,0,100,0
22-28-71-98,0675-001-004,57,NO,,,,,,,,,,,NO,,,,,NO,,,,15,0,0,25,0
36-42-77-74,0676-001-001,55,YES,1600,500000,1,,1,,DUKANI/MCHUUZI,KARIBU NA KIJIJI,DUKANI/MCHUUZI,KARIBU NA KIJIJI,NO,,,,,NO,,,,600,0,0,1000,0
36-42-77-74,0676-001-001,56,NO,,,,,,,,,,,NO,,,,,NO,,,,80,0,0,50,0
36-42-77-74,0676-001-001,57,NO,,,,,,,,,,,NO,,,,,NO,,,,20,0,0,28,0
36-42-77-74,0676-001-001,58,NO,,,,,,,,,,,NO,,,,,NO,,,,15,0,0,15,0
19-05-54-21,0678-001-001,58,NO,,,,,,,,,,,NO,,,,,NO,,,,15,0,0,0,0
90-00-57-86,0681-001-002,55,YES,420,195000,2,,2,,M/BIASHARA BINAFSI,KARIBU NA KIJIJI,M/BIASHARA BINAFSI,KARIBU NA KIJIJI,NO,,,,,NO,,,,120,0,0,0,0
90-00-57-86,0681-001-002,56,YES,120,15000,2,,2,,M/BIASHARA BINAFSI,KARIBU NA KIJIJI,M/BIASHARA BINAFSI,KARIBU NA KIJIJI,NO,,,,,NO,,,,30,0,0,0,0
57-93-70-27,0683-001-001,53,NO,,,,,,,,,,,NO,,,,,NO,,,,70,0,0,90,0
57-93-70-27,0683-001-001,55,NO,,,,,,,,,,,NO,,,,,NO,,,,300,0,40,16,0
57-93-70-27,0683-001-001,56,YES,200,18000,1,,1,,M/BIASHARA BINAFSI,NDANI YA KIJIJI/MJI,M/BIASHARA BINAFSI,NDANI YA KIJIJI/MJI,NO,,,,,NO,,,,55,0,0,0,0
81-82-35-91,0683-002-002,55,YES,580,680000,2,,2,,DUKANI/MCHUUZI,KARIBU NA MJI,DUKANI/MCHUUZI,KARIBU NA MJI,NO,,,,,NO,,,,300,0,0,0,0
81-82-35-91,0683-002-002,56,YES,240,230000,2,,2,,DUKANI/MCHUUZI,KARIBU NA MJI,DUKANI/MCHUUZI,KARIBU NA MJI,NO,,,,,YES,ROTTING,2,54000,20,0,0,40,0
10-61-49-52,0684-001-002,55,NO,,,,,,,,,,,NO,,,,,NO,,,,260,0,0,0,0
61-41-06-82,0684-005-001,53,NO,,,,,,,,,,,NO,,,,,YES,ROTTING,2,28000,80,0,0,20,0
61-41-06-82,0684-005-001,55,YES,500,640000,1,,1,,SOKO,NDANI YA KIJIJI/MJI,SOKO,NDANI YA KIJIJI/MJI,NO,,,,,YES,ROTTING,1,35000,400,0,0,0,0
61-41-06-82,0684-005-001,56,NO,,,,,,,,,,,NO,,,,,YES,ROTTING,1,14000,40,0,0,10,0
61-41-06-82,0684-005-001,57,YES,100,30000,1,,1,,DUKANI/MCHUUZI,KARIBU NA KIJIJI,DUKANI/MCHUUZI,KARIBU NA KIJIJI,NO,,,,,YES,ROTTING,2,8500,50,0,0,15,0
11-48-68-26,0685-001-001,55,YES,120,100000,1,2,2,,M/BIASHARA BINAFSI,KARIBU NA KIJIJI,M/BIASHARA BINAFSI,KARIBU NA KIJIJI,NO,,,,,NO,,,,150,0,0,0,0
11-48-68-26,0685-001-001,56,YES,80,20000,1,,1,2,M/BIASHARA BINAFSI,KARIBU NA KIJIJI,M/BIASHARA BINAFSI,KARIBU NA KIJIJI,NO,,,,,NO,,,,20,0,20,20,0
04-78-48-50,0687-006-002,55,NO,,,,,,,,,,,NO,,,,,NO,,,,15,0,0,15,0
04-78-48-50,0687-006-002,57,NO,,,,,,,,,,,NO,,,,,NO,,,,50,0,0,200,0
04-78-48-50,0687-006-002,58,NO,,,,,,,,,,,NO,,,,,NO,,,,5,0,0,15,0
04-78-48-50,0687-006-002,103,NO,,,,,,,,,,,NO,,,,,NO,,,,2,0,0,18,0
56-57-53-73,0688-001-001,55,NO,,,,,,,,,,,NO,,,,,NO,,,,130,0,0,0,0
23-06-93-51,0689-001-001,55,YES,600,400000,1,2,1,2,M/BIASHARA BINAFSI,KARIBU NA KIJIJI,M/BIASHARA BINAFSI,KARIBU NA KIJIJI,NO,,,,,NO,,,,360,0,0,0,0
23-06-93-51,0689-001-001,56,YES,480,100000,1,2,1,2,M/BIASHARA BINAFSI,KARIBU NA KIJIJI,M/BIASHARA BINAFSI,KARIBU NA KIJIJI,NO,,,,,NO,,,,120,0,0,120,0
23-06-93-51,0689-001-001,57,NO,,,,,,,,,,,NO,,,,,NO,,,,120,0,0,120,0
23-06-93-51,0689-001-001,58,NO,,,,,,,,,,,NO,,,,,NO,,,,60,0,0,60,0
23-06-93-51,0689-001-001,102,NO,,,,,,,,,,,NO,,,,,NO,,,,10,0,0,10,0
75-21-34-64,0689-001-008,55,YES,120,80000,1,,1,,M/BIASHARA BINAFSI,KARIBU NA KIJIJI,M/BIASHARA BINAFSI,KARIBU NA KIJIJI,NO,,,,,NO,,,,168,0,0,0,0
75-21-34-64,0689-001-008,56,NO,,,,,,,,,,,NO,,,,,NO,,,,30,0,0,10,0
75-21-34-64,0689-001-008,58,NO,,,,,,,,,,,NO,,,,,NO,,,,20,0,0,20,0
27-84-62-21,0694-001-001,55,YES,360,240000,1,2,1,2,M/BIASHARA BINAFSI,NDANI YA KIJIJI/MJI,M/BIASHARA BINAFSI,NDANI YA KIJIJI/MJI,NO,,,,,NO,,,,420,0,0,0,0
27-84-62-21,0694-001-001,56,YES,200,20000,1,2,1,2,M/BIASHARA BINAFSI,KARIBU NA KIJIJI,M/BIASHARA BINAFSI,KARIBU NA KIJIJI,NO,,,,,NO,,,,100,0,0,60,0
27-84-62-21,0694-001-001,57,NO,,,,,,,,,,,NO,,,,,NO,,,,20,0,0,80,0
27-84-62-21,0694-001-001,102,NO,,,,,,,,,,,NO,,,,,NO,,,,20,0,0,0,0
91-33-85-80,0695-001-001,55,NO,,,,,,,,,,,NO,,,,,NO,,,,900,0,0,0,0
91-33-85-80,0695-001-001,56,NO,,,,,,,,,,,NO,,,,,NO,,,,200,0,0,0,0
91-33-85-80,0695-001-001,57,NO,,,,,,,,,,,NO,,,,,NO,,,,480,0,0,0,0
91-33-85-80,0695-001-001,64,NO,,,,,,,,,,,NO,,,,,NO,,,,60,0,0,0,0
53-85-16-71,0695-004-001,55,YES,320,160000,1,,1,,M/BIASHARA BINAFSI,KARIBU NA KIJIJI,M/BIASHARA BINAFSI,KARIBU NA KIJIJI,NO,,,,,NO,,,,400,0,0,80,0
53-85-16-71,0695-004-001,56,YES,150,15000,1,,1,,M/BIASHARA BINAFSI,KARIBU NA MJI,M/BIASHARA BINAFSI,KARIBU NA KIJIJI,NO,,,,,NO,,,,50,0,0,50,0
53-85-16-71,0695-004-001,57,NO,,,,,,,,,,,NO,,,,,YES,INSECTS,1,5000,30,0,0,10,0
53-85-16-71,0695-004-001,58,NO,,,,,,,,,,,NO,,,,,YES,ROTTING,3,15000,60,0,0,30,0
64-88-46-60,0695-004-003,53,YES,15,5000,1,2,1,2,M/BIASHARA BINAFSI,KARIBU NA KIJIJI,M/BIASHARA BINAFSI,KARIBU NA KIJIJI,NO,,,,,NO,,,,30,0,0,45,0
64-88-46-60,0695-004-003,55,NO,,,,,,,,,,,NO,,,,,NO,,,,230,0,0,0,0
64-88-46-60,0695-004-003,58,NO,,,,,,,,,,,NO,,,,,NO,,,,15,5,0,50,0
78-20-87-66,0696-001-001,55,YES,10,50000,1,,1,,DUKANI/MCHUUZI,NDANI YA KIJIJI/MJI,DUKANI/MCHUUZI,NDANI YA KIJIJI/MJI,NO,,,,,NO,,,,30,0,0,7,0
78-20-87-66,0696-001-001,56,YES,100,5000,1,,1,,DUKANI/MCHUUZI,NDANI YA KIJIJI/MJI,DUKANI/MCHUUZI,NDANI YA KIJIJI/MJI,NO,,,,,NO,,,,10,0,0,30,0
78-20-87-66,0696-001-001,57,NO,,,,,,,,,,,NO,,,,,NO,,,,15,0,0,25,0
96-88-18-26,0696-004-001,53,NO,,,,,,,,,,,NO,,,,,NO,,,,45,0,0,15,0
96-88-18-26,0696-004-001,55,YES,60,15000,2,,2,,M/BIASHARA BINAFSI,KARIBU NA MJI,M/BIASHARA BINAFSI,KARIBU NA MJI,NO,,,,,NO,,,,84,0,0,0,0
96-88-18-26,0696-004-001,56,NO,,,,,,,,,,,NO,,,,,YES,ROTTING,5,15000,45,0,0,0,0
96-88-18-26,0696-004-001,57,NO,,,,,,,,,,,NO,,,,,YES,INSECTS,4,12000,50,0,0,35,0
54-36-89-43,0697-001-001,55,NO,,,,,,,,,,,NO,,,,,YES,ROTTING,1,58000,420,0,0,60,0
54-36-89-43,0697-001-001,56,NO,,,,,,,,,,,NO,,,,,YES,ROTTING,2,65000,40,0,0,0,0
54-36-89-43,0697-001-001,57,NO,,,,,,,,,,,NO,,,,,YES,ROTTING,4,80000,100,0,0,10,0
71-47-26-16,0698-001-001,53,NO,,,,,,,,,,,NO,,,,,NO,,,,45,0,0,105,0
71-47-26-16,0698-001-001,55,NO,,,,,,,,,,,NO,,,,,NO,,,,170,0,0,20,0
71-47-26-16,0698-001-001,56,YES,105,15000,1,,1,2,M/BIASHARA BINAFSI,NDANI YA KIJIJI/MJI,M/BIASHARA BINAFSI,NDANI YA KIJIJI/MJI,NO,,,,,NO,,,,30,0,0,0,0
84-43-61-13,0698-003-002,55,YES,700,740000,6,,6,,SOKO,NDANI YA KIJIJI/MJI,SOKO,NDANI YA KIJIJI/MJI,NO,,,,,YES,ROTTING,3,85000,40,0,0,20,0
84-43-61-13,0698-003-002,56,NO,,,,,,,,,,,NO,,,,,YES,ROTTING,2,37000,20,0,0,20,0
04-80-76-28,0698-009-001,55,NO,,,,,,,,,,,NO,,,,,NO,,,,480,0,0,24,0
10-70-45-48,0700-001-001,55,YES,320,200000,2,,2,,M/BIASHARA BINAFSI,KARIBU NA KIJIJI,M/BIASHARA BINAFSI,KARIBU NA KIJIJI,NO,,,,,NO,,,,160,0,0,0,0
10-70-45-48,0700-001-001,56,NO,,,,,,,,,,,NO,,,,,NO,,,,6,0,0,4,0
08-56-40-01,0707-001-001,102,NO,,,,,,,,,,,NO,,,,,NO,,,,35,0,0,5,0
08-63-44-83,0708-002-001,55,NO,,,,,,,,,,,NO,,,,,NO,,,,10,0,0,0,0
10-28-30-33,0710-003-003,57,NO,,,,,,,,,,,NO,,,,,NO,,,,60,0,0,180,0
27-62-11-86,0710-004-001,57,NO,,,,,,,,,,,NO,,,,,NO,,,,100,0,0,100,0
42-21-63-58,0717-001-001,55,NO,,,,,,,,,,,NO,,,,,NO,,,,60,0,0,0,0
42-21-63-58,0717-001-001,57,NO,,,,,,,,,,,NO,,,,,NO,,,,300,0,0,200,0
42-21-63-58,0717-001-001,60,NO,,,,,,,,,,,NO,,,,,NO,,,,60,0,0,40,0
42-21-63-58,0717-001-001,63,NO,,,,,,,,,,,NO,,,,,NO,,,,40,0,0,0,0
42-21-63-58,0717-001-001,64,NO,,,,,,,,,,,NO,,,,,NO,,,,20,0,0,0,0
83-10-26-19,0718-001-001,60,NO,,,,,,,,,,,NO,,,,,NO,,,,20,0,0,0,0
02-98-67-18,0720-001-001,55,NO,,,,,,,,,,,NO,,,,,NO,,,,36,0,0,0,0
02-98-67-18,0720-001-001,60,YES,100,10000,1,,1,,GULIO,NDANI YA KIJIJI/MJI,GULIO,NDANI YA KIJIJI/MJI,NO,,,,,NO,,,,20,0,0,0,0
02-98-67-18,0720-001-001,63,NO,,,,,,,,,,,NO,,,,,NO,,,,30,0,0,0,0
01-38-32-24,0720-001-011,55,YES,742,424000,1,2,1,2,M/BIASHARA BINAFSI,NDANI YA KIJIJI/MJI,M/BIASHARA BINAFSI,NDANI YA KIJIJI/MJI,NO,,,,,NO,,,,228,0,0,0,0
01-38-32-24,0720-001-011,57,NO,,,,,,,,,,,NO,,,,,NO,,,,460,0,0,940,0
01-38-32-24,0720-001-011,59,YES,3200,1600000,1,2,1,2,M/BIASHARA BINAFSI,KARIBU NA KIJIJI,M/BIASHARA BINAFSI,KARIBU NA KIJIJI,NO,,,,,NO,,,,200,0,0,0,0
01-38-32-24,0720-001-011,60,NO,,,,,,,,,,,NO,,,,,NO,,,,150,0,0,150,0
01-38-32-24,0720-001-011,64,NO,,,,,,,,,,,NO,,,,,NO,,,,10,0,0,0,0
89-74-22-66,0720-010-006,55,NO,,,,,,,,,,,NO,,,,,NO,,,,30,0,0,0,0
89-74-22-66,0720-010-006,57,NO,,,,,,,,,,,NO,,,,,NO,,,,60,0,0,60,0
89-74-22-66,0720-010-006,60,NO,,,,,,,,,,,NO,,,,,NO,,,,30,0,0,10,0
29-58-22-46,0721-002-001,57,NO,,,,,,,,,,,NO,,,,,NO,,,,20,0,0,80,0
00-12-69-11,0723-001-001,55,NO,,,,,,,,,,,NO,,,,,NO,,,,120,0,0,24,0
00-12-69-11,0723-001-001,57,YES,180,40000,1,,1,,M/BIASHARA BINAFSI,KARIBU NA KIJIJI,M/BIASHARA BINAFSI,KARIBU NA KIJIJI,NO,,,,,NO,,,,60,0,0,30,0
00-12-69-11,0723-001-001,60,YES,60,30000,1,,1,,M/BIASHARA BINAFSI,KARIBU NA KIJIJI,M/BIASHARA BINAFSI,KARIBU NA KIJIJI,NO,,,,,NO,,,,40,0,0,20,0
00-12-69-11,0723-001-001,102,YES,60,20000,1,,1,,M/BIASHARA BINAFSI,KARIBU NA KIJIJI,M/BIASHARA BINAFSI,KARIBU NA KIJIJI,NO,,,,,NO,,,,20,0,0,10,0
73-62-20-14,0724-001-001,57,NO,,,,,,,,,,,NO,,,,,NO,,,,5,0,0,15,0
83-43-91-36,0726-001-001,57,NO,,,,,,,,,,,NO,,,,,NO,,,,20,0,0,0,0
52-19-00-24,0726-004-001,60,YES,420,105000,1,,1,,M/BIASHARA BINAFSI,KARIBU NA KIJIJI,M/BIASHARA BINAFSI,KARIBU NA KIJIJI,NO,,,,,NO,,,,40,0,0,20,0
52-19-00-24,0726-004-001,63,YES,210,70000,1,,1,,M/BIASHARA BINAFSI,KARIBU NA KIJIJI,M/BIASHARA BINAFSI,KARIBU NA KIJIJI,NO,,,,,NO,,,,30,0,0,0,0
71-44-85-61,0727-001-001,57,NO,,,,,,,,,,,NO,,,,,NO,,,,20,0,0,10,0
71-44-85-61,0727-001-001,60,YES,300,45000,1,2,1,2,DUKANI/MCHUUZI,KARIBU NA KIJIJI,DUKANI/MCHUUZI,KARIBU NA KIJIJI,NO,,,,,NO,,,,150,0,0,50,0
71-44-85-61,0727-001-001,63,YES,300,36000,1,2,1,2,DUKANI/MCHUUZI,KARIBU NA KIJIJI,DUKANI/MCHUUZI,KARIBU NA KIJIJI,NO,,,,,NO,,,,8,0,0,20,0
41-67-65-60,0731-001-001,55,YES,12,7000,2,,2,,JIRANI,NDANI YA KIJIJI/MJI,JIRANI,NDANI YA KIJIJI/MJI,NO,,,,,NO,,,,12,0,0,0,0
41-67-65-60,0731-001-001,57,NO,,,,,,,,,,,NO,,,,,NO,,,,20,0,0,20,0
63-80-38-30,0733-001-001,57,NO,,,,,,,,,,,NO,,,,,NO,,,,120,0,0,60,0
63-80-38-30,0733-001-001,60,NO,,,,,,,,,,,NO,,,,,NO,,,,100,0,0,0,0
05-65-41-70,0736-003-001,55,NO,,,,,,,,,,,NO,,,,,NO,,,,24,0,0,0,0
05-65-41-70,0736-003-001,57,NO,,,,,,,,,,,NO,,,,,NO,,,,120,0,0,120,0
97-65-53-21,0737-001-001,57,NO,,,,,,,,,,,NO,,,,,YES,ROTTING,3,60000,180,0,0,0,0
97-65-53-21,0737-001-001,102,NO,,,,,,,,,,,NO,,,,,YES,ROTTING,1,12000,10,0,0,5,0
09-76-22-49,0741-001-001,57,YES,480,80000,1,,1,2,DUKANI/MCHUUZI,NDANI YA KIJIJI/MJI,DUKANI/MCHUUZI,NDANI YA KIJIJI/MJI,NO,,,,,NO,,,,50,0,0,0,0
14-06-51-04,0741-001-004,57,NO,,,,,,,,,,,NO,,,,,NO,,,,20,0,0,40,0
50-01-48-22,0742-001-001,57,YES,300,75000,3,,1,3,M/BIASHARA BINAFSI,KARIBU NA KIJIJI,M/BIASHARA BINAFSI,KARIBU NA KIJIJI,NO,,,,,NO,,,,50,0,0,0,0
83-40-04-19,0745-001-001,57,NO,,,,,,,,,,,NO,,,,,YES,ROTTING,1,15000,60,0,0,5,0
30-77-22-01,0746-001-001,55,YES,90,30000,1,,1,,M/BIASHARA BINAFSI,KARIBU NA KIJIJI,M/BIASHARA BINAFSI,KARIBU NA KIJIJI,NO,,,,,NO,,,,30,0,0,0,0
30-77-22-01,0746-001-001,57,YES,200,40000,1,,1,,M/BIASHARA BINAFSI,KARIBU NA KIJIJI,M/BIASHARA BINAFSI,KARIBU NA KIJIJI,NO,,,,,NO,,,,50,0,0,50,0
31-95-03-62,0747-001-001,57,NO,,,,,,,,,,,NO,,,,,NO,,,,50,0,0,25,0
90-66-22-54,0748-001-001,57,NO,,,,,,,,,,,NO,,,,,NO,,,,50,0,0,10,0
90-66-22-54,0748-001-001,60,NO,,,,,,,,,,,NO,,,,,NO,,,,55,0,0,20,0
40-92-93-80,0748-006-001,24,NO,,,,,,,,,,,NO,,,,,NO,,,,8,0,0,0,0
40-92-93-80,0748-006-001,55,NO,,,,,,,,,,,NO,,,,,NO,,,,85,0,0,0,0
40-92-93-80,0748-006-001,60,NO,,,,,,,,,,,NO,,,,,YES,ROTTING,1,4000,12,0,0,0,0
20-93-75-06,0749-001-001,58,NO,,,,,,,,,,,NO,,,,,NO,,,,10,0,0,5,0
20-93-75-06,0749-001-001,64,NO,,,,,,,,,,,NO,,,,,YES,ROTTING,2,5000,40,0,0,100,0
20-93-75-06,0749-001-001,85,NO,,,,,,,,,,,NO,,,,,NO,,,,20,0,0,10,0
20-93-75-06,0749-001-001,102,YES,200,40000,1,,1,,M/BIASHARA BINAFSI,KARIBU NA MJI,M/BIASHARA BINAFSI,KARIBU NA MJI,NO,,,,,NO,,,,20,0,0,40,0
89-85-01-84,0752-004-001,55,YES,150,150000,1,,1,,M/BIASHARA BINAFSI,KARIBU NA KIJIJI,M/BIASHARA BINAFSI,KARIBU NA KIJIJI,NO,,,,,NO,,,,110,0,0,20,0
89-85-01-84,0752-004-001,57,YES,480,120000,1,,1,,M/BIASHARA BINAFSI,KARIBU NA KIJIJI,M/BIASHARA BINAFSI,KARIBU NA KIJIJI,NO,,,,,NO,,,,240,0,0,120,0
78-50-22-98,0752-004-005,57,NO,,,,,,,,,,,NO,,,,,NO,,,,400,0,0,800,0
91-74-73-51,0752-021-001,57,NO,,,,,,,,,,,NO,,,,,YES,ROTTING,2,12000,160,0,0,100,0
33-76-14-08,0755-001-001,56,NO,,,,,,,,,,,NO,,,,,NO,,,,70,0,0,30,0
33-76-14-08,0755-001-001,57,NO,,,,,,,,,,,NO,,,,,NO,,,,80,0,0,40,0
46-36-03-77,0771-001-001,55,YES,150,100000,1,,1,,SOKO,NDANI YA KIJIJI/MJI,SOKO,NDANI YA KIJIJI/MJI,NO,,,,,NO,,,,40,0,0,10,0
63-77-64-08,0773-001-001,55,YES,50,150000,1,2,1,,SOKO,NDANI YA KIJIJI/MJI,SOKO,NDANI YA KIJIJI/MJI,NO,,,,,NO,,,,100,0,0,50,0
39-76-12-55,0776-001-001,55,NO,,,,,,,,,,,NO,,,,,NO,,,,80,0,0,0,0
70-77-85-90,0778-001-001,55,YES,1500,1500000,1,,1,,RAFIKI,NDANI YA KIJIJI/MJI,RAFIKI,NDANI YA KIJIJI/MJI,NO,,,,,NO,,,,500,0,0,200,0
73-75-54-66,0780-001-001,57,NO,,,,,,,,,,,NO,,,,,NO,,,,15,0,0,5,0
73-75-54-66,0780-001-001,60,NO,,,,,,,,,,,NO,,,,,NO,,,,30,0,0,20,0
01-05-09-28,0783-001-001,25,NO,,,,,,,,,,,NO,,,,,NO,,,,10,0,0,15,0
01-05-09-28,0783-001-001,53,NO,,,,,,,,,,,NO,,,,,NO,,,,30,0,0,10,0
01-05-09-28,0783-001-001,55,NO,,,,,,,,,,,NO,,,,,NO,,,,60,0,0,15,0
01-05-09-28,0783-001-001,56,YES,470,300000,1,,1,,SOKO,MKOA MWINGINE,SOKO KUU,MKOA MWINGINE,NO,,,,,NO,,,,15,0,0,15,0
01-05-09-28,0783-001-001,57,NO,,,,,,,,,,,NO,,,,,NO,,,,20,0,0,10,0
01-05-09-28,0783-001-001,82,YES,350,500000,1,,1,,SOKO,MKOA MWINGINE,SOKO,MKOA MWINGINE,NO,,,,,NO,,,,25,0,0,25,0
77-42-27-12,0785-001-001,55,YES,20,30,1,,1,,JIRANI,NDANI YA KIJIJI/MJI,JIRANI,NDANI YA KIJIJI/MJI,NO,,,,,NO,,,,3,0,0,0,0
77-42-27-12,0785-001-001,64,NO,,,,,,,,,,,NO,,,,,NO,,,,10,0,0,0,0
77-42-27-12,0785-001-001,81,NO,,,,,,,,,,,NO,,,,,NO,,,,50,0,0,150,0
77-42-27-12,0785-001-001,90,NO,,,,,,,,,,,NO,,,,,NO,,,,30,0,0,0,0
77-42-27-12,0785-001-001,101,NO,,,,,,,,,,,NO,,,,,NO,,,,50,0,0,10,0
19-49-98-57,0791-001-001,53,NO,,,,,,,,,,,NO,,,,,NO,,,,15,0,0,5,0
19-49-98-57,0791-001-001,55,NO,,,,,,,,,,,NO,,,,,NO,,,,20,0,0,10,0
34-83-13-34,0840-001-002,55,NO,,,,,,,,,,,NO,,,,,YES,THEFT,0,3,20,0,0,15,0
37-95-22-04,0848-001-004,55,NO,,,,,,,,,,,NO,,,,,NO,,,,120,0,0,0,0
08-17-94-34,0854-001-001,55,NO,,,,,,,,,,,YES,10,UNPROTECTED PILE,NO,,NO,,,,80,0,0,10,0
43-58-88-26,0858-001-001,55,NO,,,,,,,,,,,NO,,,,,NO,,,,45,0,0,0,0
43-58-88-26,0858-001-001,57,NO,,,,,,,,,,,NO,,,,,NO,,,,60,0,0,70,0
