interview__key,sdd_hhid,plotnum,cropid,ag6b_02,ag6b_03,ag6b_04,ag6b_05,ag6b_06,ag6b_06a,ag6b_07_1,ag6b_07_2,ag6b_07_3,ag6b_07_4,ag6b_08_1,ag6b_08_2,ag6b_09,ag6b_10,ag6b_11
52-32-57-20,0012-001-001,1,95,1,1900,0,NO,,NDIYO,2019,MAY,2019,JUNE,1,,60,NO,
38-25-71-90,0029-001-001,2,98,9,2007,1,YES,SUBSTITUTE IF EITHER CROP FAILS,HAPANA,,,,,,,,,
38-25-71-90,0029-001-001,2,103,8,2007,0,NO,,HAPANA,,,,,,,,,
38-25-71-90,0029-001-001,3,98,26,2002,0,YES,SUBSTITUTE IF EITHER CROP FAILS,HAPANA,,,,,,,,,
38-25-71-90,0029-001-001,3,103,20,2002,0,YES,SUBSTITUTE IF EITHER CROP FAILS,NDIYO,2018,NOVEMBER,2018,NOVEMBER,1,,500,NO,
27-91-28-82,0033-001-001,1,98,2,2004,0,NO,,HAPANA,,,,,,,,,
27-91-28-82,0033-001-001,2,98,12,2019,12,NO,,HAPANA,,,,,,,,,
97-60-31-67,0048-001-001,3,38,28,1900,0,NO,,HAPANA,,,,,,,,,
03-68-77-59,0049-001-001,2,38,74,1986,0,YES,SUBSTITUTE IF EITHER CROP FAILS,HAPANA,,,,,,,,,
88-71-20-70,0050-001-001,1,38,42,1994,0,NO,,NDIYO,2019,JANUARY,2019,MAY,1,,5,YES,DISEASES
88-71-20-70,0050-001-001,1,98,28,2000,0,NO,,HAPANA,,,,,,,,,
88-71-20-70,0050-001-001,2,98,20,2005,0,NO,,HAPANA,,,,,,,,,
62-93-39-20,0051-001-001,1,38,48,2006,0,YES,SUBSTITUTE IF EITHER CROP FAILS,NDIYO,2018,OCTOBER,2018,OCTOBER,1,,40,NO,
62-93-39-20,0051-001-001,1,98,18,2006,0,YES,SUBSTITUTE IF EITHER CROP FAILS,HAPANA,,,,,,,,,
00-72-79-53,0055-001-001,1,38,8,1900,0,YES,SUBSTITUTE IF EITHER CROP FAILS,HAPANA,,,,,,,,,
00-72-79-53,0055-001-001,1,98,4,1900,0,YES,SUBSTITUTE IF EITHER CROP FAILS,HAPANA,,,,,,,,,
73-41-85-14,0056-001-001,1,98,3,2005,0,NO,,HAPANA,,,,,,,,,
47-27-42-34,0067-001-001,2,30,26,1966,0,NO,,NDIYO,2018,SEPTEMBER,2019,JULY,1,4,160,NO,
13-42-14-49,0067-004-001,1,38,15,2007,0,NO,,NDIYO,2018,SEPTEMBER,2018,OCTOBER,1,,6,NO,
13-42-14-49,0067-004-001,1,44,45,2017,15,NO,,NDIYO,2018,SEPTEMBER,2019,AUGUST,1,,30,NO,
13-42-14-49,0067-004-001,1,98,10,1900,0,NO,,HAPANA,,,,,,,,,
13-42-14-49,0067-004-001,2,98,10,2015,0,NO,,HAPANA,,,,,,,,,
81-85-31-88,0069-002-001,3,10,1550,2018,200,NO,,NDIYO,2019,JANUARY,2019,MARCH,1,,85,NO,
91-76-63-44,0071-001-001,1,10,1886,2018,0,NO,,NDIYO,2019,AUGUST,2019,SEPTEMBER,1,2,400,NO,
91-76-63-44,0071-001-001,1,44,360,2017,0,NO,,NDIYO,2019,JULY,2019,SEPTEMBER,1,,140,NO,
28-76-80-54,0072-001-001,2,10,3600,2017,250,YES,SUBSTITUTE IF EITHER CROP FAILS,NDIYO,2019,JUNE,2019,AUGUST,1,,240,NO,
28-76-80-54,0072-001-001,2,30,1,2016,0,YES,SUBSTITUTE IF EITHER CROP FAILS,HAPANA,,,,,,,,,
28-76-80-54,0072-001-001,2,98,5,2015,0,YES,SUBSTITUTE IF EITHER CROP FAILS,HAPANA,,,,,,,,,
82-54-53-99,0072-003-001,2,10,530,2018,80,NO,,NDIYO,2018,OCTOBER,2019,APRIL,1,2,250,NO,
86-08-97-34,0073-001-001,2,44,1256,2010,125,NO,,NDIYO,2018,NOVEMBER,2019,SEPTEMBER,1,,570,NO,
86-08-97-34,0073-001-001,3,10,1633,2018,0,NO,,NDIYO,2019,JUNE,2019,AUGUST,1,6,160,NO,
64-01-68-39,0074-001-001,1,10,1500,2018,450,YES,SUBSTITUTE IF EITHER CROP FAILS,NDIYO,2018,SEPTEMBER,2018,DECEMBER,1,,240,NO,
64-01-68-39,0074-001-001,2,45,20,2017,0,YES,SUBSTITUTE IF EITHER CROP FAILS,NDIYO,2018,SEPTEMBER,2019,JANUARY,1,,3,NO,
64-01-68-39,0074-001-001,3,98,7,2006,0,YES,SUBSTITUTE IF EITHER CROP FAILS,HAPANA,,,,,,,,,
64-01-68-39,0074-001-001,4,10,450,2018,50,YES,SUBSTITUTE IF EITHER CROP FAILS,HAPANA,,,,,,,,,
05-43-63-02,0075-001-003,1,98,2,2010,0,YES,SUBSTITUTE IF EITHER CROP FAILS,HAPANA,,,,,,,,,
69-76-07-75,0077-001-001,2,10,1800,2018,300,NO,,NDIYO,2019,MAY,2019,AUGUST,2,,420,NO,
77-61-09-41,0078-001-001,2,98,8,2016,0,NO,,HAPANA,,,,,,,,,
03-09-85-87,0079-001-001,1,98,5,1999,0,NO,,HAPANA,,,,,,,,,
03-09-85-87,0079-001-001,2,10,240,2017,140,YES,SUBSTITUTE IF EITHER CROP FAILS,NDIYO,2019,FEBRUARY,2019,JULY,1,2,84,YES,INSECTS
03-09-85-87,0079-001-001,2,98,6,2006,0,NO,,HAPANA,,,,,,,,,
78-16-68-29,0080-001-001,1,10,170,2018,80,YES,SUBSTITUTE IF EITHER CROP FAILS,NDIYO,2018,SEPTEMBER,2019,AUGUST,1,2,140,NO,
78-16-68-29,0080-001-001,1,44,290,2014,30,YES,SUBSTITUTE IF EITHER CROP FAILS,NDIYO,2018,JULY,2019,AUGUST,1,2,160,NO,
78-16-68-29,0080-001-001,1,98,24,2007,0,YES,SUBSTITUTE IF EITHER CROP FAILS,HAPANA,,,,,,,,,
78-16-68-29,0080-001-001,4,98,8,2007,0,YES,SUBSTITUTE IF EITHER CROP FAILS,HAPANA,,,,,,,,,
82-35-18-51,0081-001-001,1,44,86,2015,0,NO,,NDIYO,2018,OCTOBER,2019,JULY,3,,80,YES,THEFT
82-35-18-51,0081-001-001,2,38,200,2000,0,YES,SUBSTITUTE IF EITHER CROP FAILS,HAPANA,,,,,,,,,
82-35-18-51,0081-001-001,2,50,20,2018,0,YES,SUBSTITUTE IF EITHER CROP FAILS,HAPANA,,,,,,,,,
61-09-91-34,0082-001-001,1,8,1200,1986,0,YES,SUBSTITUTE IF EITHER CROP FAILS,NDIYO,2018,JULY,2019,JUNE,1,2,73,NO,
61-09-91-34,0082-001-001,1,45,1500,2018,1500,YES,SUBSTITUTE IF EITHER CROP FAILS,HAPANA,,,,,,,,,
61-09-91-34,0082-001-001,1,48,960,1985,0,YES,SUBSTITUTE IF EITHER CROP FAILS,NDIYO,2018,JULY,2019,JUNE,1,2,50,NO,
61-09-91-34,0082-001-001,1,50,76,1979,0,YES,SUBSTITUTE IF EITHER CROP FAILS,NDIYO,2018,JULY,2019,JUNE,1,2,60,NO,
61-09-91-34,0082-001-001,2,48,800,1986,0,NO,,HAPANA,,,,,,,,,
61-09-91-34,0082-001-001,2,50,30,1984,0,NO,,HAPANA,,,,,,,,,
65-72-13-93,0082-003-001,2,8,200,2015,8,YES,SUBSTITUTE IF EITHER CROP FAILS,NDIYO,2018,JULY,2019,JUNE,1,4,200,NO,
65-72-13-93,0082-003-001,2,45,100,1985,25,YES,SUBSTITUTE IF EITHER CROP FAILS,NDIYO,2018,JULY,2019,JUNE,1,4,6,NO,
65-72-13-93,0082-003-001,2,48,200,1984,0,NO,,NDIYO,2018,JULY,2019,JUNE,1,4,80,NO,
65-72-13-93,0082-003-001,2,50,30,1985,0,YES,SUBSTITUTE IF EITHER CROP FAILS,HAPANA,,,,,,,,,
65-72-13-93,0082-003-001,4,8,100,1985,16,YES,SUBSTITUTE IF EITHER CROP FAILS,NDIYO,2018,JULY,2019,JULY,1,4,50,NO,
65-72-13-93,0082-003-001,4,10,400,2018,350,YES,SUBSTITUTE IF EITHER CROP FAILS,NDIYO,2018,JULY,2019,JUNE,1,4,100,NO,
65-72-13-93,0082-003-001,4,45,100,1985,20,YES,SUBSTITUTE IF EITHER CROP FAILS,NDIYO,2018,JULY,2019,JUNE,1,4,15,NO,
65-72-13-93,0082-003-001,4,48,10,1985,0,YES,SUBSTITUTE IF EITHER CROP FAILS,NDIYO,2018,JULY,2019,JUNE,1,4,30,NO,
65-72-13-93,0082-003-001,4,50,15,1985,0,NO,,NDIYO,2018,JULY,2019,JUNE,1,4,30,NO,
69-63-97-41,0082-004-001,2,30,100,2014,0,YES,SUBSTITUTE IF EITHER CROP FAILS,HAPANA,,,,,,,,,
69-63-97-41,0082-004-001,2,50,200,2014,0,YES,SUBSTITUTE IF EITHER CROP FAILS,HAPANA,,,,,,,,,
69-63-97-41,0082-004-001,4,8,30,2017,0,YES,SUBSTITUTE IF EITHER CROP FAILS,HAPANA,,,,,,,,,
69-63-97-41,0082-004-001,4,30,200,2014,0,YES,SUBSTITUTE IF EITHER CROP FAILS,HAPANA,,,,,,,,,
69-63-97-41,0082-004-001,4,48,50,2017,0,YES,SUBSTITUTE IF EITHER CROP FAILS,HAPANA,,,,,,,,,
69-63-97-41,0082-004-001,4,50,300,2014,0,YES,SUBSTITUTE IF EITHER CROP FAILS,HAPANA,,,,,,,,,
82-24-69-15,0083-001-001,1,8,7,2000,0,YES,SUBSTITUTE IF EITHER CROP FAILS,NDIYO,2018,JULY,2019,JUNE,1,2,10,NO,
82-24-69-15,0083-001-001,1,10,50,2017,15,YES,SUBSTITUTE IF EITHER CROP FAILS,NDIYO,2018,JULY,2019,JULY,1,2,500,NO,
82-24-69-15,0083-001-001,1,45,200,2015,0,YES,SUBSTITUTE IF EITHER CROP FAILS,NDIYO,2018,JULY,2019,JUNE,1,2,20,NO,
82-24-69-15,0083-001-001,1,48,300,1980,170,YES,SUBSTITUTE IF EITHER CROP FAILS,NDIYO,2018,JULY,2019,JUNE,1,2,170,NO,
82-24-69-15,0083-001-001,1,50,4,2000,0,YES,SUBSTITUTE IF EITHER CROP FAILS,NDIYO,2018,JULY,2019,JUNE,1,2,50,NO,
82-24-69-15,0083-001-001,1,98,40,2000,0,YES,SUBSTITUTE IF EITHER CROP FAILS,HAPANA,,,,,,,,,
82-24-69-15,0083-001-001,2,8,50,2013,10,YES,SUBSTITUTE IF EITHER CROP FAILS,NDIYO,2018,JULY,2019,JUNE,1,2,25,NO,
82-24-69-15,0083-001-001,2,10,100,2017,30,YES,SUBSTITUTE IF EITHER CROP FAILS,NDIYO,2018,JULY,2019,JUNE,1,2,300,NO,
82-24-69-15,0083-001-001,2,45,100,2015,0,YES,SUBSTITUTE IF EITHER CROP FAILS,NDIYO,2018,JULY,2019,JUNE,1,2,50,NO,
82-24-69-15,0083-001-001,2,48,250,2000,0,YES,SUBSTITUTE IF EITHER CROP FAILS,NDIYO,2018,JULY,2019,JUNE,1,2,250,NO,
82-24-69-15,0083-001-001,2,50,100,2000,0,YES,SUBSTITUTE IF EITHER CROP FAILS,NDIYO,2018,JULY,2019,JUNE,1,2,130,NO,
82-24-69-15,0083-001-001,2,97,30,2014,0,NO,,NDIYO,2018,JULY,2019,JUNE,1,2,50,NO,
82-24-69-15,0083-001-001,2,98,40,2000,0,YES,SUBSTITUTE IF EITHER CROP FAILS,HAPANA,,,,,,,,,
82-24-69-15,0083-001-001,3,8,30,2014,0,YES,SUBSTITUTE IF EITHER CROP FAILS,NDIYO,2018,JULY,2019,JUNE,1,2,15,NO,
82-24-69-15,0083-001-001,3,48,3000,2000,0,NO,,NDIYO,2018,JULY,2019,JUNE,1,2,200,NO,
82-24-69-15,0083-001-001,3,50,70,2013,0,YES,SUBSTITUTE IF EITHER CROP FAILS,HAPANA,,,,,,,,,
71-57-99-29,0084-001-001,1,48,10,2011,0,YES,SUBSTITUTE IF EITHER CROP FAILS,HAPANA,,,,,,,,,
71-57-99-29,0084-001-001,1,50,6,1900,0,YES,SUBSTITUTE IF EITHER CROP FAILS,NDIYO,2018,FEBRUARY,2018,FEBRUARY,1,2,15,NO,
71-57-99-29,0084-001-001,2,44,180,2014,30,YES,SUBSTITUTE IF EITHER CROP FAILS,NDIYO,2018,JULY,2019,JUNE,1,2,400,NO,
71-57-99-29,0084-001-001,2,48,50,2015,0,YES,SUBSTITUTE IF EITHER CROP FAILS,NDIYO,2018,JULY,2019,JUNE,1,2,20,NO,
71-57-99-29,0084-001-001,2,50,6,1900,0,YES,SUBSTITUTE IF EITHER CROP FAILS,HAPANA,,,,,,,,,
71-57-99-29,0084-001-001,3,10,70,2018,70,YES,SUBSTITUTE IF EITHER CROP FAILS,HAPANA,,,,,,,,,
74-56-02-42,0084-002-001,1,10,200,2018,0,YES,OTHER (SPECIFY),NDIYO,2018,JULY,2019,JUNE,1,,40,NO,
74-56-02-42,0084-002-001,1,48,10,1998,0,YES,OTHER (SPECIFY),NDIYO,2018,JULY,2019,JUNE,1,,10,NO,
74-56-02-42,0084-002-001,1,50,10,1998,0,YES,OTHER (SPECIFY),NDIYO,2018,JUNE,2019,JUNE,1,,20,NO,
74-56-02-42,0084-002-001,1,97,50,1998,0,YES,OTHER (SPECIFY),NDIYO,2018,JULY,2019,JUNE,1,,300,NO,
74-56-02-42,0084-002-001,1,98,1,1998,0,YES,OTHER (SPECIFY),HAPANA,,,,,,,,,
74-56-02-42,0084-002-001,2,8,10,2017,0,YES,OTHER (SPECIFY),HAPANA,,,,,,,,,
74-56-02-42,0084-002-001,2,10,200,2018,200,YES,OTHER (SPECIFY),HAPANA,,,,,,,,,
74-56-02-42,0084-002-001,2,44,8,2018,0,NO,,NDIYO,2018,JULY,2019,JUNE,1,,50,NO,
74-56-02-42,0084-002-001,2,48,40,2015,0,YES,OTHER (SPECIFY),NDIYO,2018,JULY,2019,JUNE,1,,24,NO,
74-56-02-42,0084-002-001,2,50,37,37,33,YES,OTHER (SPECIFY),NDIYO,2018,JULY,2019,JUNE,1,,10,NO,
74-56-02-42,0084-002-001,2,97,600,2015,0,YES,OTHER (SPECIFY),NDIYO,2018,JULY,2019,JUNE,1,,500,NO,
74-56-02-42,0084-002-001,2,98,7,2004,0,YES,OTHER (SPECIFY),HAPANA,,,,,,,,,
70-36-26-23,0085-001-001,1,8,50,1985,0,NO,,NDIYO,2018,JULY,2019,JUNE,1,,8,NO,
70-36-26-23,0085-001-001,1,45,150,2011,0,YES,SUBSTITUTE IF EITHER CROP FAILS,NDIYO,2018,JULY,2019,JUNE,1,,36,NO,
70-36-26-23,0085-001-001,1,48,450,1985,0,YES,SUBSTITUTE IF EITHER CROP FAILS,NDIYO,2018,JULY,2019,JUNE,1,,115,NO,
70-36-26-23,0085-001-001,1,50,57,1981,0,NO,,NDIYO,2018,JULY,2019,JULY,1,,20,NO,
05-51-26-77,0085-003-001,1,10,650,2018,0,YES,SUBSTITUTE IF EITHER CROP FAILS,NDIYO,2019,MARCH,2019,JUNE,1,2,120,NO,
05-51-26-77,0085-003-001,1,31,30,2016,0,NO,,NDIYO,2019,MARCH,2019,MAY,1,,30,NO,
05-51-26-77,0085-003-001,2,8,10,2008,0,YES,SUBSTITUTE IF EITHER CROP FAILS,NDIYO,2019,MAY,2019,JULY,1,,2,NO,
05-51-26-77,0085-003-001,2,45,70,2007,10,YES,SUBSTITUTE IF EITHER CROP FAILS,NDIYO,2019,JANUARY,2019,FEBRUARY,1,,2,NO,
05-51-26-77,0085-003-001,2,48,120,2006,0,YES,SUBSTITUTE IF EITHER CROP FAILS,NDIYO,2018,AUGUST,2019,JULY,1,,20,NO,
05-51-26-77,0085-003-001,2,50,20,2003,0,YES,SUBSTITUTE IF EITHER CROP FAILS,NDIYO,2019,FEBRUARY,2019,APRIL,1,,4,NO,
07-11-78-55,0087-001-001,1,30,2,2016,0,NO,,HAPANA,,,,,,,,,
07-11-78-55,0087-001-001,1,31,1,2016,0,NO,,NDIYO,2018,OCTOBER,2018,DECEMBER,1,,25,NO,
07-11-78-55,0087-001-001,2,30,10,2017,0,NO,,HAPANA,,,,,,,,,
07-11-78-55,0087-001-001,2,31,80,2017,0,NO,,HAPANA,,,,,,,,,
26-78-44-09,0087-001-002,2,44,20,2011,0,YES,SUBSTITUTE IF EITHER CROP FAILS,NDIYO,2018,JULY,2019,JUNE,2,5,40,NO,
26-78-44-09,0087-001-002,2,45,40,2019,30,YES,SUBSTITUTE IF EITHER CROP FAILS,NDIYO,2018,JULY,2019,JUNE,2,5,5,NO,
26-78-44-09,0087-001-002,2,48,100,2019,80,YES,SUBSTITUTE IF EITHER CROP FAILS,NDIYO,2018,JULY,2019,JUNE,2,5,20,NO,
26-78-44-09,0087-001-002,2,50,2,2018,2,YES,SUBSTITUTE IF EITHER CROP FAILS,HAPANA,,,,,,,,,
26-78-44-09,0087-001-002,3,10,50,2018,0,YES,SUBSTITUTE IF EITHER CROP FAILS,NDIYO,2018,JULY,2019,JUNE,2,,150,NO,
26-78-44-09,0087-001-002,3,44,1500,2015,0,YES,SUBSTITUTE IF EITHER CROP FAILS,NDIYO,2018,JULY,2019,JUNE,2,,1000,NO,
26-78-44-09,0087-001-002,3,45,10,2019,10,NO,,HAPANA,,,,,,,,,
26-78-44-09,0087-001-002,3,48,2000,2014,0,YES,SUBSTITUTE IF EITHER CROP FAILS,NDIYO,2018,JULY,2019,JUNE,2,,200,NO,
26-78-44-09,0087-001-002,3,50,30,2016,0,YES,SUBSTITUTE IF EITHER CROP FAILS,NDIYO,2018,JULY,2019,JUNE,2,,3,NO,
74-12-78-76,0088-001-001,1,8,10,1900,0,YES,SUBSTITUTE IF EITHER CROP FAILS,NDIYO,2018,JULY,2019,JUNE,1,2,7,NO,
74-12-78-76,0088-001-001,1,10,50,2018,0,YES,SUBSTITUTE IF EITHER CROP FAILS,HAPANA,,,,,,,,,
74-12-78-76,0088-001-001,1,45,50,2014,0,YES,SUBSTITUTE IF EITHER CROP FAILS,NDIYO,2018,JULY,2019,JUNE,1,2,6,NO,
74-12-78-76,0088-001-001,1,48,70,1989,0,YES,SUBSTITUTE IF EITHER CROP FAILS,NDIYO,2018,JULY,2019,JUNE,1,2,60,NO,
74-12-78-76,0088-001-001,1,50,4,1990,0,YES,SUBSTITUTE IF EITHER CROP FAILS,NDIYO,2018,JULY,2019,JUNE,1,2,4,NO,
74-12-78-76,0088-001-001,2,48,100,1992,0,YES,SUBSTITUTE IF EITHER CROP FAILS,NDIYO,2018,JULY,2019,JUNE,1,2,40,NO,
74-12-78-76,0088-001-001,2,50,15,1994,0,YES,SUBSTITUTE IF EITHER CROP FAILS,NDIYO,2018,JULY,2019,JUNE,1,2,7,NO,
74-12-78-76,0088-001-001,3,38,10,2016,0,YES,SUBSTITUTE IF EITHER CROP FAILS,HAPANA,,,,,,,,,
74-12-78-76,0088-001-001,3,48,20,2014,0,YES,SUBSTITUTE IF EITHER CROP FAILS,NDIYO,2018,JULY,2019,JUNE,1,2,44,NO,
74-12-78-76,0088-001-001,3,50,13,2008,0,YES,SUBSTITUTE IF EITHER CROP FAILS,HAPANA,,,,,,,,,
74-12-78-76,0088-001-001,4,10,250,2019,250,YES,SUBSTITUTE IF EITHER CROP FAILS,HAPANA,,,,,,,,,
74-12-78-76,0088-001-001,4,44,150,1995,0,YES,SUBSTITUTE IF EITHER CROP FAILS,NDIYO,2018,JULY,2019,JUNE,1,2,750,NO,
74-12-78-76,0088-001-001,4,48,30,1989,0,YES,SUBSTITUTE IF EITHER CROP FAILS,NDIYO,2018,JULY,2019,JUNE,1,2,78,NO,
74-12-78-76,0088-001-001,4,50,7,1998,0,YES,SUBSTITUTE IF EITHER CROP FAILS,NDIYO,2018,JULY,2019,JUNE,1,2,6,NO,
47-53-89-65,0089-001-001,1,45,30,2013,0,YES,SUBSTITUTE IF EITHER CROP FAILS,NDIYO,2018,JULY,2019,JUNE,1,2,8,NO,
47-53-89-65,0089-001-001,1,48,31,2010,0,YES,SUBSTITUTE IF EITHER CROP FAILS,NDIYO,2018,JULY,2019,JUNE,1,2,50,NO,
47-53-89-65,0089-001-001,1,50,6,2013,0,YES,SUBSTITUTE IF EITHER CROP FAILS,NDIYO,2018,JULY,2019,JUNE,1,2,6,NO,
47-53-89-65,0089-001-001,2,45,5,2010,0,YES,SUBSTITUTE IF EITHER CROP FAILS,NDIYO,2018,JULY,2019,JUNE,1,2,5,NO,
47-53-89-65,0089-001-001,2,48,20,2010,0,YES,SUBSTITUTE IF EITHER CROP FAILS,NDIYO,2018,JULY,2019,JUNE,1,2,10,NO,
47-53-89-65,0089-001-001,3,10,200,2018,150,NO,,NDIYO,2018,JULY,2019,JUNE,1,2,200,NO,
47-53-89-65,0089-001-001,3,48,20,2010,0,YES,SUBSTITUTE IF EITHER CROP FAILS,NDIYO,2018,JULY,2019,JUNE,1,2,15,NO,
67-17-25-56,0089-002-001,1,45,15,2019,15,YES,SUBSTITUTE IF EITHER CROP FAILS,HAPANA,,,,,,,,,
67-17-25-56,0089-002-001,1,48,200,2015,0,YES,SUBSTITUTE IF EITHER CROP FAILS,HAPANA,,,,,,,,,
67-17-25-56,0089-002-001,1,50,8,2014,0,YES,SUBSTITUTE IF EITHER CROP FAILS,HAPANA,,,,,,,,,
67-17-25-56,0089-002-001,2,10,20,2017,0,YES,SUBSTITUTE IF EITHER CROP FAILS,NDIYO,2018,JULY,2019,JUNE,1,,100,NO,
67-17-25-56,0089-002-001,2,48,20,2017,0,YES,SUBSTITUTE IF EITHER CROP FAILS,HAPANA,,,,,,,,,
67-17-25-56,0089-002-001,2,50,10,2014,0,YES,SUBSTITUTE IF EITHER CROP FAILS,HAPANA,,,,,,,,,
11-84-02-64,0089-002-002,1,10,50,2018,50,YES,SUBSTITUTE IF EITHER CROP FAILS,HAPANA,,,,,,,,,
13-79-88-08,0090-001-001,1,8,26,2016,0,YES,SUBSTITUTE IF EITHER CROP FAILS,NDIYO,2018,JULY,2019,JUNE,1,2,4,NO,
13-79-88-08,0090-001-001,1,10,500,2018,500,YES,SUBSTITUTE IF EITHER CROP FAILS,NDIYO,2018,JULY,2019,JUNE,1,2,400,NO,
13-79-88-08,0090-001-001,1,45,30,2014,0,YES,SUBSTITUTE IF EITHER CROP FAILS,NDIYO,2018,JULY,2019,JUNE,1,2,6,NO,
13-79-88-08,0090-001-001,1,48,60,2010,0,NO,,HAPANA,,,,,,,,,
13-79-88-08,0090-001-001,1,50,20,2009,0,YES,SUBSTITUTE IF EITHER CROP FAILS,NDIYO,2018,JULY,2019,JUNE,1,2,0,NO,
13-79-88-08,0090-001-001,2,8,60,2018,60,YES,SUBSTITUTE IF EITHER CROP FAILS,HAPANA,,,,,,,,,
13-79-88-08,0090-001-001,2,44,1600,2018,1600,YES,SUBSTITUTE IF EITHER CROP FAILS,HAPANA,,,,,,,,,
13-79-88-08,0090-001-001,2,48,200,2018,200,YES,SUBSTITUTE IF EITHER CROP FAILS,HAPANA,,,,,,,,,
13-79-88-08,0090-001-001,2,50,30,2018,30,YES,SUBSTITUTE IF EITHER CROP FAILS,HAPANA,,,,,,,,,
13-79-88-08,0090-001-001,3,10,1000,2018,1000,YES,SUBSTITUTE IF EITHER CROP FAILS,HAPANA,,,,,,,,,
13-79-88-08,0090-001-001,4,44,2000,2013,50,YES,SUBSTITUTE IF EITHER CROP FAILS,NDIYO,2018,JULY,2019,JUNE,1,2,1050,NO,
18-41-40-51,0093-001-001,1,48,34,1998,0,NO,,NDIYO,2018,APRIL,2018,JULY,1,,500,NO,
70-24-33-41,0096-001-001,3,30,1,2018,0,YES,SUBSTITUTE IF EITHER CROP FAILS,HAPANA,,,,,,,,,
93-47-38-83,0097-001-003,2,30,7,2014,0,NO,,HAPANA,,,,,,,,,
89-69-28-73,0099-001-001,2,10,66,2019,66,NO,,NDIYO,2019,JULY,2019,SEPTEMBER,1,2,25,NO,
42-94-75-73,0099-008-001,1,31,5,2010,0,NO,,HAPANA,,,,,,,,,
61-86-51-55,0104-001-001,1,44,66,1997,0,NO,,NDIYO,2018,SEPTEMBER,2019,AUGUST,2,,160,YES,THEFT
03-36-44-51,0105-005-001,2,10,1450,2018,0,NO,,NDIYO,2018,SEPTEMBER,2019,FEBRUARY,1,2,150,NO,
72-82-51-97,0106-001-003,2,20,10,2019,10,YES,SUBSTITUTE IF EITHER CROP FAILS,HAPANA,,,,,,,,,
72-82-51-97,0106-001-003,3,10,60,2018,60,YES,SUBSTITUTE IF EITHER CROP FAILS,HAPANA,,,,,,,,,
72-82-51-97,0106-001-003,3,44,65,2018,35,YES,SUBSTITUTE IF EITHER CROP FAILS,HAPANA,,,,,,,,,
47-69-21-93,0109-001-001,2,29,5,1992,0,YES,SUBSTITUTE IF EITHER CROP FAILS,NDIYO,2018,AUGUST,2019,JULY,1,,60,NO,
80-23-77-43,0113-001-001,3,29,8,2014,0,NO,,HAPANA,,,,,,,,,
80-23-77-43,0113-001-001,3,30,3,2015,0,NO,,HAPANA,,,,,,,,,
86-56-84-14,0113-002-001,1,30,1,1900,0,NO,,NDIYO,2018,AUGUST,2019,JULY,1,,15,NO,
86-56-84-14,0113-002-001,1,47,1,1900,0,NO,,HAPANA,,,,,,,,,
86-56-84-14,0113-002-001,1,98,2,2014,0,NO,,HAPANA,,,,,,,,,
86-56-84-14,0113-002-001,3,98,88,2015,0,NO,,HAPANA,,,,,,,,,
95-71-62-51,0114-001-001,1,10,45,2019,45,YES,SUBSTITUTE IF EITHER CROP FAILS,HAPANA,,,,,,,,,
61-11-91-19,0118-001-001,1,98,10,2015,0,NO,,HAPANA,,,,,,,,,
67-13-31-42,0119-001-001,3,30,2,1961,0,NO,,NDIYO,2018,JANUARY,2019,JANUARY,1,,25,NO,
98-32-46-89,0120-001-001,1,30,4,2001,0,NO,,NDIYO,2018,AUGUST,2019,JUNE,1,,30,NO,
11-41-50-08,0121-002-001,2,47,1,2013,0,NO,,HAPANA,,,,,,,,,
51-99-30-00,0122-001-001,1,10,120,2018,0,YES,SUBSTITUTE IF EITHER CROP FAILS,NDIYO,2019,APRIL,2019,APRIL,1,,30,NO,
51-99-30-00,0122-001-001,1,29,5,2012,0,YES,SUBSTITUTE IF EITHER CROP FAILS,HAPANA,,,,,,,,,
51-99-30-00,0122-001-001,1,98,10,2011,5,YES,SUBSTITUTE IF EITHER CROP FAILS,HAPANA,,,,,,,,,
94-57-72-83,0122-001-002,1,10,10,2018,5,NO,,NDIYO,2018,OCTOBER,2019,JUNE,1,,50,NO,
43-50-47-25,0122-001-003,1,30,1,2012,0,NO,,HAPANA,,,,,,,,,
38-83-27-01,0123-001-001,2,30,1,2017,0,NO,,HAPANA,,,,,,,,,
40-08-98-18,0127-003-001,2,48,100,2019,100,YES,OTHER (SPECIFY),HAPANA,,,,,,,,,
40-08-98-18,0127-003-001,2,98,3000,2019,3000,YES,OTHER (SPECIFY),HAPANA,,,,,,,,,
87-27-18-80,0128-001-001,2,10,20,2017,8,NO,,NDIYO,2018,AUGUST,2018,OCTOBER,1,2,60,NO,
18-53-46-11,0131-001-002,1,30,12,2000,0,YES,SUBSTITUTE IF EITHER CROP FAILS,NDIYO,2018,JUNE,2018,DECEMBER,1,2,180,NO,
18-53-46-11,0131-001-002,2,10,45,2018,45,YES,SUBSTITUTE IF EITHER CROP FAILS,HAPANA,,,,,,,,,
18-53-46-11,0131-001-002,2,30,3,2017,0,YES,SUBSTITUTE IF EITHER CROP FAILS,HAPANA,,,,,,,,,
91-46-77-86,0137-003-001,2,29,2,2004,0,YES,OTHER (SPECIFY),HAPANA,,,,,,,,,
91-46-77-86,0137-003-001,2,30,2,2008,0,YES,OTHER (SPECIFY),NDIYO,2018,DECEMBER,2019,NOVEMBER,1,,120,NO,
91-46-77-86,0137-003-001,2,98,3,2006,0,YES,OTHER (SPECIFY),HAPANA,,,,,,,,,
43-41-40-08,0142-001-001,1,10,50,2018,50,YES,SUBSTITUTE IF EITHER CROP FAILS,HAPANA,,,,,,,,,
45-56-78-16,0142-006-001,1,10,50,2018,50,NO,,HAPANA,,,,,,,,,
70-42-29-42,0143-001-001,3,10,150,2018,100,NO,,NDIYO,2019,JANUARY,2019,MARCH,1,,120,NO,
42-47-45-53,0149-001-009,1,20,15,2018,15,NO,,NDIYO,2019,MAY,2019,JULY,2,,40,NO,
04-84-88-57,0155-001-001,1,30,1,1990,0,NO,,NDIYO,2018,JUNE,2019,JULY,1,,50,NO,
88-54-76-45,0159-001-002,2,98,3,2010,0,NO,,HAPANA,,,,,,,,,
36-54-74-87,0180-001-007,1,30,2,2011,0,NO,,NDIYO,2018,OCTOBER,2019,SEPTEMBER,1,2,30,NO,
55-87-10-73,0187-001-001,1,30,1,2006,0,NO,,NDIYO,2018,JUNE,2019,MAY,1,2,50,NO,
22-19-42-39,0188-001-001,1,10,70,2017,24,YES,SUBSTITUTE IF EITHER CROP FAILS,NDIYO,2018,FEBRUARY,2019,MARCH,1,2,60,YES,INSECTS
22-19-42-39,0188-001-001,1,30,1,2017,3,YES,SUBSTITUTE IF EITHER CROP FAILS,NDIYO,2018,JANUARY,2019,MARCH,1,2,48,NO,
22-19-42-39,0188-001-001,1,98,2,2019,2,YES,SUBSTITUTE IF EITHER CROP FAILS,HAPANA,,,,,,,,,
56-90-38-75,0199-001-001,1,31,1,1900,0,NO,,HAPANA,,,,,,,,,
83-06-62-27,0208-004-001,1,10,200,2018,0,NO,,NDIYO,2018,NOVEMBER,2018,NOVEMBER,1,,72,NO,
43-96-13-63,0216-001-001,1,30,3,2019,3,NO,,HAPANA,,,,,,,,,
43-96-13-63,0216-001-001,1,44,3,2017,0,NO,,HAPANA,,,,,,,,,
11-90-11-27,0216-006-001,1,30,4,2016,0,NO,,NDIYO,2018,SEPTEMBER,2019,OCTOBER,1,,135,NO,
67-31-73-27,0223-001-001,2,98,4,2018,4,NO,,HAPANA,,,,,,,,,
32-98-50-34,0232-001-001,1,30,2,1997,0,NO,,NDIYO,2018,OCTOBER,2019,SEPTEMBER,1,,50,NO,
02-85-17-16,0241-001-001,1,96,1,2008,0,NO,,NDIYO,2018,JULY,2019,JUNE,1,2,50,NO,
99-85-97-80,0242-001-001,2,10,50,2018,20,YES,SUBSTITUTE IF EITHER CROP FAILS,NDIYO,2018,JULY,2019,JUNE,1,2,50,NO,
29-56-58-07,0249-001-001,1,98,8,1998,0,YES,SUBSTITUTE IF EITHER CROP FAILS,HAPANA,,,,,,,,,
66-44-07-30,0255-001-001,1,30,1,2007,0,NO,,NDIYO,2018,SEPTEMBER,2019,AUGUST,1,2,5,NO,
66-44-07-30,0255-001-001,1,44,5,2014,0,NO,,NDIYO,2018,SEPTEMBER,2019,AUGUST,1,2,12,NO,
42-84-07-76,0255-001-009,1,10,20,2018,5,NO,,NDIYO,2018,DECEMBER,2019,NOVEMBER,1,,30,NO,
56-73-22-28,0257-001-001,1,44,10,2019,6,NO,,NDIYO,2019,JULY,2019,SEPTEMBER,1,2,10,NO,
12-03-97-45,0260-001-001,1,44,15,2017,0,NO,,NDIYO,2018,JULY,2019,JUNE,1,,20,NO,
08-95-27-37,0267-001-001,1,30,6,1963,0,YES,OTHER (SPECIFY),NDIYO,2018,APRIL,2019,MARCH,1,,60,NO,
08-95-27-37,0267-001-001,1,31,43,1963,0,YES,OTHER (SPECIFY),NDIYO,2018,OCTOBER,2018,DECEMBER,1,,90,YES,THEFT
08-95-27-37,0267-001-001,2,30,18,1963,0,YES,OTHER (SPECIFY),HAPANA,,,,,,,,,
08-95-27-37,0267-001-001,2,31,20,1963,0,NO,,HAPANA,,,,,,,,,
08-95-27-37,0267-001-001,4,30,7,1963,0,YES,OTHER (SPECIFY),HAPANA,,,,,,,,,
08-95-27-37,0267-001-001,4,31,30,1963,0,YES,OTHER (SPECIFY),HAPANA,,,,,,,,,
61-93-73-52,0267-001-005,1,10,84,2018,36,NO,,NDIYO,2018,SEPTEMBER,2018,DECEMBER,1,2,60,NO,
61-93-73-52,0267-001-005,1,31,5,1900,0,YES,SUBSTITUTE IF EITHER CROP FAILS,NDIYO,2018,SEPTEMBER,2019,JANUARY,1,2,70,NO,
99-73-94-40,0268-001-001,1,31,22,1900,0,NO,,NDIYO,2018,SEPTEMBER,2018,OCTOBER,1,,150,YES,THEFT
23-05-27-92,0279-006-001,3,10,20,1900,0,NO,,NDIYO,2018,OCTOBER,2018,DECEMBER,1,2,200,NO,
23-05-27-92,0279-006-001,6,10,55,1900,0,NO,,NDIYO,2018,OCTOBER,2018,DECEMBER,1,2,400,NO,
80-17-56-66,0283-001-001,2,30,1,2016,0,NO,,HAPANA,,,,,,,,,
35-18-85-05,0291-001-001,2,44,5,2018,0,NO,,NDIYO,2018,JULY,2019,AUGUST,1,2,10,NO,
62-38-02-67,0295-001-001,1,31,60,2008,0,NO,,NDIYO,2018,OCTOBER,2018,NOVEMBER,1,,105,YES,THEFT
36-60-91-30,0296-001-002,2,31,78,1999,10,NO,,NDIYO,2018,OCTOBER,2019,JANUARY,2,,85,NO,
50-08-76-82,0299-001-001,2,31,20,1995,0,NO,,HAPANA,,,,,,,,,
16-73-84-34,0300-001-001,1,30,12,1900,0,NO,,NDIYO,2019,MARCH,2019,JUNE,1,,130,NO,
16-73-84-34,0300-001-001,3,30,54,1900,6,YES,SUBSTITUTE IF EITHER CROP FAILS,NDIYO,2018,JULY,2019,JUNE,1,,450,NO,
88-95-31-32,0300-001-002,1,30,30,1980,0,NO,,NDIYO,2018,AUGUST,2019,JUNE,1,,210,NO,
21-51-87-14,0301-001-001,1,10,400,2018,300,YES,SUBSTITUTE IF EITHER CROP FAILS,NDIYO,2018,MAY,2019,APRIL,1,,100,NO,
21-51-87-14,0301-001-001,1,44,20,2016,0,YES,SUBSTITUTE IF EITHER CROP FAILS,NDIYO,2018,JUNE,2018,OCTOBER,1,,40,NO,
21-51-87-14,0301-001-001,2,10,600,2018,400,YES,SUBSTITUTE IF EITHER CROP FAILS,NDIYO,2018,MAY,2019,APRIL,1,,300,NO,
21-51-87-14,0301-001-001,2,31,25,2013,0,YES,SUBSTITUTE IF EITHER CROP FAILS,NDIYO,2018,OCTOBER,2018,NOVEMBER,1,,39,NO,
49-07-66-40,0301-005-001,2,10,60,2017,0,YES,SUBSTITUTE IF EITHER CROP FAILS,NDIYO,2018,JULY,2019,MARCH,1,,60,NO,
49-07-66-40,0301-005-001,2,30,2,1980,0,NO,,NDIYO,2018,FEBRUARY,2019,MARCH,1,,45,NO,
49-07-66-40,0301-005-001,3,31,35,2019,35,NO,,HAPANA,,,,,,,,,
30-98-65-42,0302-001-001,1,31,60,2015,0,YES,OTHER (SPECIFY),HAPANA,,,,,,,,,
66-47-83-10,0303-001-001,2,10,960,2018,240,NO,,NDIYO,2018,DECEMBER,2019,MAY,1,2,90,NO,
62-07-81-83,0304-001-001,2,31,65,1900,0,NO,,HAPANA,,,,,,,,,
62-07-81-83,0304-001-001,3,30,13,1900,0,NO,,NDIYO,2018,JULY,2019,JUNE,1,,150,NO,
69-04-27-82,0306-001-001,1,44,20,2018,10,NO,,NDIYO,2019,AUGUST,2019,SEPTEMBER,1,2,10,NO,
69-04-27-82,0306-001-001,3,31,56,2017,0,NO,,HAPANA,,,,,,,,,
80-51-24-60,0307-001-001,4,31,60,2017,0,NO,,HAPANA,,,,,,,,,
03-60-63-99,0308-001-001,3,31,45,2003,0,NO,,NDIYO,2018,NOVEMBER,2018,NOVEMBER,1,2,300,NO,
40-17-36-05,0310-001-001,1,31,120,2000,0,NO,,NDIYO,2018,OCTOBER,2018,DECEMBER,1,,15,NO,
40-17-36-05,0310-001-001,2,31,4,1980,0,NO,,NDIYO,2018,NOVEMBER,2018,DECEMBER,1,,5,NO,
55-61-56-57,0311-002-001,1,10,300,2018,300,NO,,HAPANA,,,,,,,,,
55-61-56-57,0311-002-001,1,31,160,2000,0,NO,,NDIYO,2019,OCTOBER,2019,NOVEMBER,1,,2500,NO,
55-61-56-57,0311-002-001,2,31,15,2016,0,NO,,NDIYO,2019,OCTOBER,2019,NOVEMBER,1,,5,NO,
55-61-56-57,0311-002-001,2,44,200,2015,0,YES,SUBSTITUTE IF EITHER CROP FAILS,NDIYO,2018,DECEMBER,2019,NOVEMBER,1,,120,NO,
98-25-23-09,0312-001-001,1,31,70,1993,0,NO,,NDIYO,2018,NOVEMBER,2018,DECEMBER,1,,250,NO,
61-31-47-40,0312-002-001,2,31,120,2017,0,NO,,HAPANA,,,,,,,,,
22-19-05-49,0313-001-001,1,30,2,2008,0,YES,SUBSTITUTE IF EITHER CROP FAILS,HAPANA,,,,,,,,,
22-19-05-49,0313-001-001,1,31,2,2011,0,YES,SUBSTITUTE IF EITHER CROP FAILS,HAPANA,,,,,,,,,
22-19-05-49,0313-001-001,3,31,1,1900,0,NO,,HAPANA,,,,,,,,,
22-19-05-49,0313-001-001,4,31,1,1900,0,NO,,HAPANA,,,,,,,,,
61-15-16-96,0314-001-001,1,10,200,2018,0,NO,,NDIYO,2019,SEPTEMBER,2019,SEPTEMBER,1,,100,NO,
61-15-16-96,0314-001-001,1,31,150,1974,0,NO,,NDIYO,2018,OCTOBER,2018,DECEMBER,1,7,300,NO,
61-15-16-96,0314-001-001,2,30,4,1977,0,NO,,NDIYO,2018,SEPTEMBER,2019,AUGUST,1,7,25,NO,
61-15-16-96,0314-001-001,2,31,6,1974,0,NO,,NDIYO,2018,OCTOBER,2018,DECEMBER,1,7,100,NO,
66-32-50-84,0314-001-005,3,31,50,2017,0,NO,,NDIYO,2018,NOVEMBER,2019,JANUARY,1,2,200,NO,
53-55-68-22,0315-001-001,1,30,19,1900,7,NO,,NDIYO,2018,AUGUST,2019,JULY,1,2,15,YES,ANIMALS
33-84-24-00,0316-001-001,1,30,9,1980,0,NO,,NDIYO,2018,AUGUST,2019,JULY,1,2,15,NO,
33-84-24-00,0316-001-001,2,30,2,1999,0,NO,,NDIYO,2018,AUGUST,2019,JULY,1,2,5,NO,
33-84-24-00,0316-001-001,3,31,10,1990,0,NO,,NDIYO,2018,OCTOBER,2018,DECEMBER,1,2,4,NO,
79-96-60-97,0319-001-001,1,30,17,2009,0,NO,,NDIYO,2018,DECEMBER,2019,NOVEMBER,1,2,100,NO,
79-96-60-97,0319-001-001,2,30,2,1990,0,NO,,NDIYO,2018,DECEMBER,2019,NOVEMBER,1,2,12,NO,
70-01-42-10,0319-002-001,1,30,3,0,1996,NO,,NDIYO,2018,DECEMBER,2019,NOVEMBER,1,,5,NO,
70-01-42-10,0319-002-001,1,31,1,1996,0,NO,,NDIYO,2018,NOVEMBER,2018,DECEMBER,1,,3,NO,
70-01-42-10,0319-002-001,2,31,7,2017,0,NO,,HAPANA,,,,,,,,,
70-01-42-10,0319-002-001,3,31,38,1999,0,NO,,HAPANA,,,,,,,,,
70-01-42-10,0319-002-001,4,30,3,2014,0,NO,,NDIYO,2018,DECEMBER,2019,NOVEMBER,1,,15,NO,
50-35-86-27,0320-001-001,1,30,15,1900,0,NO,,NDIYO,2018,DECEMBER,2019,NOVEMBER,1,,225,NO,
87-02-55-58,0321-001-001,1,30,200,1900,0,NO,,NDIYO,2018,DECEMBER,2019,NOVEMBER,1,2,3146,NO,
87-02-55-58,0321-001-001,1,31,20,1900,0,NO,,NDIYO,2018,OCTOBER,2018,DECEMBER,1,2,50,NO,
87-02-55-58,0321-001-001,2,31,40,2015,0,NO,,HAPANA,,,,,,,,,
52-03-88-73,0324-001-001,1,30,20,1980,0,NO,,NDIYO,2018,AUGUST,2019,JULY,1,2,360,NO,
75-47-93-54,0326-001-001,1,30,4,1900,0,YES,SUBSTITUTE IF EITHER CROP FAILS,NDIYO,2018,AUGUST,2019,JULY,1,2,30,YES,ANIMALS
75-47-93-54,0326-001-001,3,31,9,1900,0,YES,SUBSTITUTE IF EITHER CROP FAILS,HAPANA,,,,,,,,,
38-80-82-46,0327-001-001,2,31,14,1900,0,NO,,NDIYO,2018,OCTOBER,2018,DECEMBER,1,2,150,NO,
88-15-45-24,0328-001-001,2,31,11,2016,0,NO,,HAPANA,,,,,,,,,
24-39-40-17,0329-001-001,2,10,60,2019,50,NO,,HAPANA,,,,,,,,,
79-72-16-28,0330-001-001,1,10,200,2018,120,NO,,NDIYO,2018,DECEMBER,2019,NOVEMBER,1,2,300,NO,
79-72-16-28,0330-001-001,1,31,26,2016,20,NO,,HAPANA,,,,,,,,,
62-23-66-59,0332-004-001,1,10,100,2018,60,YES,SUBSTITUTE IF EITHER CROP FAILS,HAPANA,,,,,,,,,
62-23-66-59,0332-004-001,1,30,20,2015,0,YES,SUBSTITUTE IF EITHER CROP FAILS,HAPANA,,,,,,,,,
62-23-66-59,0332-004-001,1,31,1,1900,0,YES,SUBSTITUTE IF EITHER CROP FAILS,NDIYO,2018,OCTOBER,2018,DECEMBER,1,2,30,NO,
62-23-66-59,0332-004-001,4,31,90,1900,0,NO,,NDIYO,2018,OCTOBER,2018,DECEMBER,1,2,860,NO,
62-23-66-59,0332-004-001,5,31,45,1900,0,NO,,NDIYO,2018,OCTOBER,2018,DECEMBER,1,2,560,NO,
90-12-94-91,0335-001-001,2,10,35,2018,0,NO,,NDIYO,2018,MAY,2019,APRIL,1,3,120,NO,
90-12-94-91,0335-001-001,2,31,400,1998,0,NO,,NDIYO,2018,SEPTEMBER,2018,DECEMBER,1,3,600,NO,
90-12-94-91,0335-001-001,3,31,85,2004,0,NO,,NDIYO,2018,OCTOBER,2019,JANUARY,1,3,1200,NO,
90-12-94-91,0335-001-001,4,31,50,2006,0,NO,,NDIYO,2018,OCTOBER,2019,JANUARY,1,3,300,NO,
90-12-94-91,0335-001-001,6,31,80,2008,0,NO,,NDIYO,2018,OCTOBER,2019,JANUARY,1,3,300,NO,
59-32-89-82,0336-001-001,1,31,28,1900,0,NO,,HAPANA,,,,,,,,,
59-32-89-82,0336-001-001,2,30,1,2012,0,NO,,HAPANA,,,,,,,,,
95-97-57-76,0337-001-001,1,10,400,2018,0,NO,,HAPANA,,,,,,,,,
95-97-57-76,0337-001-001,1,31,75,2007,0,NO,,NDIYO,2018,OCTOBER,2018,NOVEMBER,1,2,100,NO,
95-97-57-76,0337-001-001,2,10,30,2018,30,NO,,HAPANA,,,,,,,,,
95-97-57-76,0337-001-001,3,10,400,2018,400,NO,,HAPANA,,,,,,,,,
95-97-57-76,0337-001-001,3,31,200,2017,0,NO,,HAPANA,,,,,,,,,
79-32-59-15,0337-003-001,1,10,80,2018,80,NO,,NDIYO,2018,MAY,2019,APRIL,1,,100,NO,
57-22-81-69,0338-001-001,1,10,300,2018,0,YES,SUBSTITUTE IF EITHER CROP FAILS,NDIYO,2018,FEBRUARY,2018,APRIL,1,,600,NO,
57-22-81-69,0338-001-001,2,30,1,2017,0,YES,SUBSTITUTE IF EITHER CROP FAILS,HAPANA,,,,,,,,,
57-22-81-69,0338-001-001,2,31,8,1900,0,YES,SUBSTITUTE IF EITHER CROP FAILS,NDIYO,2017,DECEMBER,2018,JANUARY,1,,40,NO,
58-48-25-77,0339-001-001,1,98,15,2015,0,YES,SUBSTITUTE IF EITHER CROP FAILS,HAPANA,,,,,,,,,
09-00-90-33,0340-001-001,1,10,150,2018,100,NO,,NDIYO,2018,MAY,2019,APRIL,1,3,300,NO,
09-00-90-33,0340-001-001,1,31,5,1995,10,NO,,NDIYO,2018,OCTOBER,2018,DECEMBER,1,3,50,NO,
42-32-57-47,0342-001-001,3,30,30,1980,0,YES,SUBSTITUTE IF EITHER CROP FAILS,NDIYO,2018,MAY,2019,APRIL,1,,376,NO,
42-32-57-47,0342-001-001,3,98,2,1996,0,YES,SUBSTITUTE IF EITHER CROP FAILS,HAPANA,,,,,,,,,
84-20-57-41,0342-001-002,1,100,6,1900,0,NO,,HAPANA,,,,,,,,,
26-84-97-44,0346-001-001,1,31,35,2011,0,NO,,HAPANA,,,,,,,,,
26-84-97-44,0346-001-001,3,30,2,2012,0,YES,SUBSTITUTE IF EITHER CROP FAILS,HAPANA,,,,,,,,,
26-84-97-44,0346-001-001,3,31,1,19,0,NO,,HAPANA,,,,,,,,,
33-87-72-22,0347-001-001,1,30,2,2004,0,NO,,NDIYO,2018,MAY,2019,APRIL,1,2,30,NO,
33-87-72-22,0347-001-001,2,10,300,2018,50,NO,,NDIYO,2018,MAY,2019,APRIL,1,2,180,NO,
33-87-72-22,0347-001-001,2,31,76,2012,0,NO,,NDIYO,2018,OCTOBER,2018,DECEMBER,1,2,100,YES,DISEASES
33-87-72-22,0347-001-001,3,10,100,2018,100,NO,,HAPANA,,,,,,,,,
33-87-72-22,0347-001-001,3,31,66,2006,0,NO,,NDIYO,2018,OCTOBER,2018,DECEMBER,1,2,50,YES,DISEASES
27-37-98-68,0348-001-001,1,30,3,2001,0,NO,,NDIYO,2018,MAY,2019,APRIL,1,2,16,NO,
27-37-98-68,0348-001-001,1,31,1,1996,0,NO,,NDIYO,2018,OCTOBER,2018,NOVEMBER,1,2,20,NO,
27-37-98-68,0348-001-001,2,10,1000,2018,600,NO,,NDIYO,2018,MAY,2019,APRIL,1,2,300,NO,
27-37-98-68,0348-001-001,2,31,46,2001,0,NO,,NDIYO,2018,OCTOBER,2018,DECEMBER,1,2,50,NO,
27-37-98-68,0348-001-001,3,10,2000,2018,1500,NO,,NDIYO,2018,MAY,2019,APRIL,1,2,400,NO,
27-37-98-68,0348-001-001,3,31,150,1996,0,NO,,NDIYO,2018,OCTOBER,2018,DECEMBER,1,2,200,NO,
62-47-27-99,0348-001-005,2,10,1000,2017,1000,YES,SUBSTITUTE IF EITHER CROP FAILS,NDIYO,2018,OCTOBER,2018,NOVEMBER,1,2,180,NO,
62-47-27-99,0348-001-005,2,31,63,2017,0,YES,SUBSTITUTE IF EITHER CROP FAILS,HAPANA,,,,,,,,,
83-73-69-11,0350-001-001,1,31,15,1900,0,YES,SUBSTITUTE IF EITHER CROP FAILS,HAPANA,,,,,,,,,
83-73-69-11,0350-001-001,2,100,6,2010,0,YES,SUBSTITUTE IF EITHER CROP FAILS,HAPANA,,,,,,,,,
62-06-81-29,0352-001-001,2,10,100,2018,20,YES,SUBSTITUTE IF EITHER CROP FAILS,NDIYO,2018,NOVEMBER,2019,OCTOBER,1,2,50,NO,
62-06-81-29,0352-001-001,2,31,60,2013,0,YES,SUBSTITUTE IF EITHER CROP FAILS,NDIYO,2018,OCTOBER,2018,DECEMBER,1,2,40,NO,
62-06-81-29,0352-001-001,3,30,9,2019,2,YES,SUBSTITUTE IF EITHER CROP FAILS,NDIYO,2018,OCTOBER,2019,NOVEMBER,1,2,180,NO,
52-06-17-29,0353-001-001,1,10,22,2018,0,YES,SUBSTITUTE IF EITHER CROP FAILS,NDIYO,2018,MAY,2019,APRIL,1,,100,NO,
52-06-17-29,0353-001-001,1,30,1,1990,0,YES,SUBSTITUTE IF EITHER CROP FAILS,NDIYO,2018,APRIL,2019,MAY,1,,7,NO,
78-10-03-87,0356-001-001,1,10,70,2018,30,NO,,NDIYO,2018,NOVEMBER,2019,OCTOBER,1,2,160,NO,
78-10-03-87,0356-001-001,1,31,10,1975,0,NO,,NDIYO,2018,NOVEMBER,2019,DECEMBER,1,2,50,NO,
78-10-03-87,0356-001-001,3,10,60,2018,40,NO,,NDIYO,2018,NOVEMBER,2019,OCTOBER,1,2,20,NO,
78-10-03-87,0356-001-001,3,30,1,1980,0,NO,,NDIYO,2018,NOVEMBER,2019,OCTOBER,1,2,15,NO,
74-58-85-63,0357-001-001,1,10,200,2017,100,NO,,NDIYO,2018,NOVEMBER,2019,OCTOBER,1,2,240,NO,
74-58-85-63,0357-001-001,1,31,50,1970,0,NO,,NDIYO,2018,NOVEMBER,2019,JANUARY,1,2,400,NO,
74-58-85-63,0357-001-001,3,31,40,1975,0,NO,,HAPANA,,,,,,,,,
74-58-85-63,0357-001-001,4,30,2,1976,0,NO,,NDIYO,2018,NOVEMBER,2019,OCTOBER,1,2,60,NO,
74-58-85-63,0357-001-001,5,10,300,2018,200,NO,,NDIYO,2018,NOVEMBER,2019,OCTOBER,1,2,320,NO,
16-56-85-66,0357-003-001,1,10,200,2018,0,YES,SUBSTITUTE IF EITHER CROP FAILS,NDIYO,2018,JULY,2019,OCTOBER,1,3,210,NO,
16-56-85-66,0357-003-001,1,30,6,1995,0,NO,,NDIYO,2018,NOVEMBER,2019,OCTOBER,1,3,180,NO,
16-56-85-66,0357-003-001,2,31,50,1900,0,YES,SUBSTITUTE IF EITHER CROP FAILS,NDIYO,2018,OCTOBER,2019,DECEMBER,1,2,315,NO,
81-04-99-31,0358-001-001,1,10,25,2018,25,NO,,HAPANA,,,,,,,,,
81-04-99-31,0358-001-001,1,44,3,2018,3,NO,,HAPANA,,,,,,,,,
57-01-29-66,0359-001-001,1,10,52,2018,25,YES,SUBSTITUTE IF EITHER CROP FAILS,NDIYO,2019,MAY,2019,OCTOBER,1,,120,NO,
57-01-29-66,0359-001-001,1,30,70,1985,0,YES,SUBSTITUTE IF EITHER CROP FAILS,NDIYO,2018,NOVEMBER,2019,OCTOBER,1,,300,NO,
57-01-29-66,0359-001-001,1,31,105,2000,0,YES,SUBSTITUTE IF EITHER CROP FAILS,NDIYO,2018,OCTOBER,2018,DECEMBER,1,,20,NO,
57-01-29-66,0359-001-001,3,30,1,1987,0,NO,,NDIYO,2018,NOVEMBER,2019,OCTOBER,1,,9,NO,
34-32-29-13,0360-001-001,2,31,73,2015,0,NO,,NDIYO,2018,SEPTEMBER,2018,DECEMBER,1,2,350,YES,THEFT
75-12-65-48,0361-001-001,1,31,6,2011,0,NO,,HAPANA,,,,,,,,,
05-93-71-40,0362-001-001,1,31,50,1900,0,YES,SUBSTITUTE IF EITHER CROP FAILS,NDIYO,2018,NOVEMBER,2019,OCTOBER,1,,105,NO,
05-93-71-40,0362-001-001,3,30,4,2002,0,NO,,NDIYO,2018,NOVEMBER,2019,OCTOBER,1,,240,NO,
82-38-78-50,0363-003-001,1,30,2,1990,0,NO,,NDIYO,2018,NOVEMBER,2019,OCTOBER,1,,15,NO,
82-38-78-50,0363-003-001,2,10,100,2018,30,NO,,NDIYO,2019,MARCH,2019,OCTOBER,1,,80,NO,
82-38-78-50,0363-003-001,2,31,30,1990,0,NO,,NDIYO,2019,SEPTEMBER,2019,NOVEMBER,1,,59,NO,
16-25-69-84,0364-001-001,3,30,7,2017,0,NO,,HAPANA,,,,,,,,,
98-93-28-99,0367-001-001,1,31,1,1980,0,NO,,HAPANA,,,,,,,,,
98-93-28-99,0367-001-001,2,30,3,1995,0,NO,,NDIYO,2018,OCTOBER,2019,OCTOBER,1,2,15,NO,
37-91-82-56,0369-001-001,2,31,45,1996,0,NO,,NDIYO,2018,NOVEMBER,2019,DECEMBER,1,2,300,NO,
37-91-82-56,0369-001-001,4,30,1,1980,0,NO,,NDIYO,2018,NOVEMBER,2019,OCTOBER,1,2,10,NO,
05-20-75-51,0370-001-001,1,31,50,1900,0,NO,,HAPANA,,,,,,,,,
73-64-57-68,0373-001-001,1,30,2,1994,0,NO,,NDIYO,2018,DECEMBER,2019,NOVEMBER,1,2,72,NO,
87-29-04-68,0377-001-001,1,31,35,0,0,NO,,NDIYO,2018,OCTOBER,2018,DECEMBER,1,,400,NO,
87-29-04-68,0377-001-001,2,31,1,1900,0,NO,,NDIYO,2018,OCTOBER,2018,DECEMBER,1,,5,NO,
88-99-03-66,0378-003-001,2,10,250,2018,250,YES,SUBSTITUTE IF EITHER CROP FAILS,HAPANA,,,,,,,,,
88-99-03-66,0378-003-001,2,31,112,2018,112,YES,SUBSTITUTE IF EITHER CROP FAILS,HAPANA,,,,,,,,,
80-78-20-03,0381-001-002,1,10,100,2019,100,NO,,NDIYO,2018,MAY,2019,MAY,1,,120,NO,
11-13-08-42,0386-001-001,1,31,10,1900,0,NO,,NDIYO,2018,OCTOBER,2018,DECEMBER,1,2,140,NO,
11-13-08-42,0386-001-001,2,10,200,2017,0,NO,,NDIYO,2018,JULY,2019,JUNE,1,2,50,NO,
11-13-08-42,0386-001-001,2,31,38,1991,0,NO,,NDIYO,2018,OCTOBER,2018,DECEMBER,1,2,315,NO,
90-22-50-43,0387-001-001,1,31,1,2000,0,NO,,NDIYO,2018,SEPTEMBER,2018,DECEMBER,1,,8,NO,
90-22-50-43,0387-001-001,2,31,10,1995,0,NO,,HAPANA,,,,,,,,,
41-18-85-21,0388-001-001,1,30,2,1995,0,NO,,NDIYO,2018,JULY,2019,JUNE,1,2,15,NO,
41-18-85-21,0388-001-001,1,31,1,1900,0,NO,,NDIYO,2018,OCTOBER,2018,DECEMBER,1,2,5,NO,
43-97-80-50,0389-001-001,1,31,54,1900,0,NO,,NDIYO,2018,OCTOBER,2018,DECEMBER,1,,222,YES,THEFT
43-97-80-50,0389-001-001,2,31,35,1900,0,NO,,NDIYO,2018,OCTOBER,2018,DECEMBER,1,,70,NO,
43-97-80-50,0389-001-001,3,31,3,1900,0,YES,SUBSTITUTE IF EITHER CROP FAILS,NDIYO,2018,OCTOBER,2018,DECEMBER,1,,15,NO,
43-97-80-50,0389-001-001,4,10,200,2017,170,YES,SUBSTITUTE IF EITHER CROP FAILS,NDIYO,2018,JULY,2019,JUNE,1,,240,NO,
43-97-80-50,0389-001-001,4,31,4,1900,0,YES,SUBSTITUTE IF EITHER CROP FAILS,NDIYO,2018,OCTOBER,2018,DECEMBER,1,,10,NO,
49-08-86-51,0389-001-002,1,10,11,2017,15,YES,SUBSTITUTE IF EITHER CROP FAILS,NDIYO,2018,JULY,2019,JUNE,1,,43,NO,
49-08-86-51,0389-001-002,2,10,80,2018,25,YES,SUBSTITUTE IF EITHER CROP FAILS,NDIYO,2018,JULY,2019,JUNE,1,,155,NO,
98-73-14-89,0390-001-001,1,10,11,2018,0,NO,,NDIYO,2018,JULY,2019,JUNE,1,,20,NO,
98-73-14-89,0390-001-001,3,10,50,2019,50,NO,,HAPANA,,,,,,,,,
77-89-92-35,0391-001-001,1,31,300,1900,0,NO,,NDIYO,2018,OCTOBER,2018,DECEMBER,1,2,3600,NO,
77-89-92-35,0391-001-001,2,31,190,1900,0,NO,,NDIYO,2018,OCTOBER,2018,DECEMBER,1,2,2280,NO,
77-89-92-35,0391-001-001,3,31,300,1900,0,NO,,NDIYO,2018,SEPTEMBER,2018,DECEMBER,1,2,5400,NO,
77-89-92-35,0391-001-001,4,31,98,1900,0,NO,,NDIYO,2018,OCTOBER,2018,DECEMBER,1,2,1800,NO,
77-89-92-35,0391-001-001,5,31,12,1900,0,NO,,HAPANA,,,,,,,,,
77-89-92-35,0391-001-001,6,31,105,1900,0,NO,,NDIYO,2018,OCTOBER,2018,DECEMBER,1,2,1890,NO,
42-04-98-59,0392-001-002,1,10,100,2018,60,NO,,NDIYO,2018,JULY,2019,JUNE,1,,20,NO,
42-04-98-59,0392-001-002,1,31,20,1975,0,NO,,NDIYO,2018,OCTOBER,2019,JANUARY,1,,255,NO,
91-52-62-82,0393-001-001,1,31,55,1980,0,NO,,NDIYO,2018,OCTOBER,2019,JANUARY,1,2,120,NO,
91-52-62-82,0393-001-001,3,31,74,1980,0,NO,,NDIYO,2018,OCTOBER,2019,JANUARY,1,2,968,NO,
91-52-62-82,0393-001-001,4,10,10,2018,0,NO,,NDIYO,2018,JULY,2019,JUNE,1,2,20,NO,
68-78-67-09,0393-002-001,2,31,12,1900,0,NO,,NDIYO,2018,OCTOBER,2018,DECEMBER,1,,180,NO,
59-34-76-55,0394-001-001,1,31,46,1900,0,NO,,NDIYO,2018,OCTOBER,2018,DECEMBER,1,2,826,NO,
36-58-37-13,0395-001-006,1,98,20,2011,0,NO,,NDIYO,2019,FEBRUARY,2019,FEBRUARY,1,,80,NO,
36-58-37-13,0395-001-006,2,98,20,2000,3,YES,SUBSTITUTE IF EITHER CROP FAILS,NDIYO,2018,JUNE,2018,JUNE,1,,40,NO,
41-77-08-50,0397-001-001,3,10,500,2018,500,YES,SUBSTITUTE IF EITHER CROP FAILS,HAPANA,,,,,,,,,
41-77-08-50,0397-001-001,3,44,900,2018,900,YES,SUBSTITUTE IF EITHER CROP FAILS,HAPANA,,,,,,,,,
41-77-08-50,0397-001-001,3,98,15,2015,0,YES,SUBSTITUTE IF EITHER CROP FAILS,HAPANA,,,,,,,,,
41-77-08-50,0397-001-001,7,44,300,2017,0,YES,SUBSTITUTE IF EITHER CROP FAILS,HAPANA,,,,,,,,,
26-73-74-39,0398-001-001,1,98,2,2015,0,YES,SUBSTITUTE IF EITHER CROP FAILS,HAPANA,,,,,,,,,
75-52-50-40,0399-001-001,1,98,10,2015,0,NO,,HAPANA,,,,,,,,,
75-52-50-40,0399-001-001,2,98,8,2014,0,NO,,HAPANA,,,,,,,,,
75-24-28-19,0403-001-001,1,98,10,2014,0,NO,,HAPANA,,,,,,,,,
75-24-28-19,0403-001-001,2,10,140,2017,0,NO,,NDIYO,2018,OCTOBER,2019,NOVEMBER,1,,80,YES,INSECTS
23-48-39-75,0404-001-001,1,98,50,1980,0,NO,,NDIYO,2018,DECEMBER,2018,DECEMBER,1,,1200,NO,
23-48-39-75,0404-001-001,2,98,56,2018,56,YES,SUBSTITUTE IF EITHER CROP FAILS,HAPANA,,,,,,,,,
23-48-39-75,0404-001-001,3,98,25,1985,0,NO,,HAPANA,,,,,,,,,
71-97-65-36,0405-001-001,1,98,7,1981,0,NO,,HAPANA,,,,,,,,,
71-97-65-36,0405-001-001,3,98,4,2018,4,NO,,HAPANA,,,,,,,,,
90-30-68-35,0407-001-001,1,10,50,2018,30,NO,,NDIYO,2018,JUNE,2019,MAY,1,2,50,NO,
51-68-01-74,0408-001-001,1,98,1,2010,0,YES,SUBSTITUTE IF EITHER CROP FAILS,HAPANA,,,,,,,,,
51-68-01-74,0408-001-001,3,44,35,2003,0,YES,SUBSTITUTE IF EITHER CROP FAILS,NDIYO,2018,APRIL,2019,MAY,1,2,60,YES,INSECTS
98-64-80-85,0411-001-001,1,10,600,2017,180,YES,SUBSTITUTE IF EITHER CROP FAILS,NDIYO,2018,MARCH,2019,MARCH,1,2,420,YES,ANIMALS
98-64-80-85,0411-001-001,1,30,4,1990,0,YES,SUBSTITUTE IF EITHER CROP FAILS,NDIYO,2018,FEBRUARY,2019,JANUARY,1,2,15,NO,
98-64-80-85,0411-001-001,1,98,34,2010,8,YES,SUBSTITUTE IF EITHER CROP FAILS,HAPANA,,,,,,,,,
61-37-92-17,0418-001-001,3,10,200,2018,150,NO,,NDIYO,2018,JUNE,2019,MAY,1,2,150,NO,
29-39-31-65,0420-001-001,1,103,5,2017,5,YES,SUBSTITUTE IF EITHER CROP FAILS,HAPANA,,,,,,,,,
64-07-55-27,0422-106-001,4,10,2500,2017,1500,NO,,NDIYO,2018,JUNE,2019,JANUARY,1,,200,NO,
64-07-55-27,0422-106-001,6,10,1500,2018,1500,NO,,NDIYO,2018,OCTOBER,2019,JANUARY,1,,150,NO,
56-15-63-11,0424-001-001,2,10,3000,2017,0,NO,,NDIYO,2018,JUNE,2018,DECEMBER,1,,1200,NO,
56-15-63-11,0424-001-001,3,98,5,2015,1,YES,MORE FERTILE FOR SOIL,HAPANA,,,,,,,,,
79-86-35-12,0425-001-001,2,10,3500,2018,3000,NO,,NDIYO,2019,JANUARY,2019,JANUARY,1,,70,NO,
79-86-35-12,0425-001-001,4,10,4000,2018,4000,NO,,HAPANA,,,,,,,,,
56-01-92-97,0426-001-001,2,10,3200,2018,2500,NO,,NDIYO,2018,FEBRUARY,2019,JANUARY,1,2,2000,NO,
73-36-66-15,0427-001-001,3,10,1500,2018,2500,NO,,NDIYO,2018,OCTOBER,2019,JANUARY,1,2,150,NO,
73-36-66-15,0427-001-001,4,10,1000,2018,2000,NO,,NDIYO,2018,SEPTEMBER,2019,JANUARY,1,2,180,NO,
46-28-63-44,0430-002-001,1,31,2,2009,0,NO,,HAPANA,,,,,,,,,
46-28-63-44,0430-002-001,2,10,300,2018,100,NO,,NDIYO,2018,FEBRUARY,2019,JANUARY,1,,2000,NO,
46-28-63-44,0430-002-001,2,31,2,2009,0,NO,,HAPANA,,,,,,,,,
20-19-96-28,0432-001-001,2,10,400,2018,400,NO,,HAPANA,,,,,,,,,
20-19-96-28,0432-001-001,5,10,1500,2018,1500,NO,,HAPANA,,,,,,,,,
20-19-96-28,0432-001-001,6,10,200,2017,0,NO,,NDIYO,2018,MARCH,2018,DECEMBER,2,3,450,NO,
89-59-90-58,0436-001-001,2,10,3600,2018,3600,NO,,NDIYO,2018,OCTOBER,2019,JANUARY,1,,200,NO,
60-87-75-28,0436-002-001,4,10,3000,2018,2500,NO,,NDIYO,2018,OCTOBER,2019,JANUARY,1,2,100,NO,
03-49-85-68,0437-001-001,1,30,2,2003,0,YES,SUBSTITUTE IF EITHER CROP FAILS,NDIYO,2018,JANUARY,2018,DECEMBER,1,,200,YES,INSECTS
03-49-85-68,0437-001-001,1,103,13,2006,0,YES,SUBSTITUTE IF EITHER CROP FAILS,HAPANA,,,,,,,,,
03-49-85-68,0437-001-001,2,10,2000,2017,0,NO,,NDIYO,2018,FEBRUARY,2019,JANUARY,1,,600,NO,
03-49-85-68,0437-001-001,3,103,2,2009,0,YES,SUBSTITUTE IF EITHER CROP FAILS,HAPANA,,,,,,,,,
39-42-81-55,0439-001-001,2,98,0,0,0,NO,,NDIYO,2019,APRIL,2019,JUNE,1,,50000,NO,
39-42-81-55,0439-001-001,3,98,400,2007,0,NO,,HAPANA,,,,,,,,,
39-42-81-55,0439-001-001,4,98,1600,2011,0,NO,,HAPANA,,,,,,,,,
39-42-81-55,0439-001-001,5,98,600,2018,600,NO,,HAPANA,,,,,,,,,
31-07-58-53,0441-001-001,1,98,2800,2006,0,NO,,NDIYO,2018,JULY,2019,JULY,1,,40000,NO,
31-07-58-53,0441-001-001,2,98,5400,2014,0,NO,,HAPANA,,,,,,,,,
05-88-93-30,0443-001-001,3,98,100,2015,0,YES,SUBSTITUTE IF EITHER CROP FAILS,NDIYO,2018,JULY,2018,JULY,1,,280,NO,
62-63-62-03,0443-003-002,1,98,400,2015,0,NO,,HAPANA,,,,,,,,,
50-82-03-42,0444-001-001,1,98,250,2017,0,NO,,HAPANA,,,,,,,,,
73-77-71-52,0445-001-002,2,98,10,2017,0,NO,,HAPANA,,,,,,,,,
74-23-57-59,0457-001-001,1,44,20,2017,0,NO,,NDIYO,2018,JUNE,2019,MAY,1,2,20,NO,
10-58-95-87,0461-001-001,1,44,2,2005,0,YES,SUBSTITUTE IF EITHER CROP FAILS,NDIYO,2018,MAY,2019,JUNE,1,,35,NO,
64-34-17-13,0467-001-003,1,98,1,2003,0,YES,SUBSTITUTE IF EITHER CROP FAILS,HAPANA,,,,,,,,,
35-25-01-93,0468-001-001,1,10,22,2017,16,YES,SUBSTITUTE IF EITHER CROP FAILS,NDIYO,2018,JUNE,2019,MAY,1,2,120,NO,
35-25-01-93,0468-001-001,1,44,35,2014,13,YES,SUBSTITUTE IF EITHER CROP FAILS,NDIYO,2018,JUNE,2019,MAY,1,2,130,NO,
35-25-01-93,0468-001-001,1,98,13,1900,0,YES,SUBSTITUTE IF EITHER CROP FAILS,HAPANA,,,,,,,,,
42-91-86-83,0469-001-003,1,38,112,2006,0,NO,,NDIYO,2019,MAY,2019,JULY,1,,30,NO,
42-91-86-83,0469-001-003,4,38,30,2008,40,NO,,HAPANA,,,,,,,,,
01-20-50-14,0471-001-001,1,44,10,2019,10,NO,,HAPANA,,,,,,,,,
05-32-96-07,0474-001-001,2,98,800,2016,0,NO,,HAPANA,,,,,,,,,
05-32-96-07,0474-001-001,3,98,500,2018,500,NO,,NDIYO,2018,NOVEMBER,2018,DECEMBER,1,2,10500,NO,
05-32-96-07,0474-001-001,6,98,500,2016,0,NO,,HAPANA,,,,,,,,,
05-32-96-07,0474-001-001,11,98,20,2017,0,NO,,HAPANA,,,,,,,,,
72-03-92-77,0477-001-001,3,98,300,2014,0,NO,,HAPANA,,,,,,,,,
94-04-57-79,0478-001-001,4,98,80,2017,0,NO,,HAPANA,,,,,,,,,
94-04-57-79,0478-001-001,5,98,100,2017,0,NO,,HAPANA,,,,,,,,,
53-31-43-03,0491-001-002,1,98,6,2013,0,NO,,HAPANA,,,,,,,,,
68-73-60-31,0491-003-001,5,98,9,2013,0,NO,,HAPANA,,,,,,,,,
20-63-33-06,0492-001-001,1,98,20,2010,0,NO,,HAPANA,,,,,,,,,
31-15-31-20,0499-001-001,2,10,1500,2018,1500,NO,,HAPANA,,,,,,,,,
98-78-01-38,0499-004-002,2,10,3500,2018,3500,NO,,HAPANA,,,,,,,,,
10-51-31-09,0510-001-001,1,100,40,2000,0,NO,,HAPANA,,,,,,,,,
10-51-31-09,0510-001-001,3,44,40,2018,10,NO,,NDIYO,2019,APRIL,2019,JULY,1,,180,NO,
55-47-18-86,0517-001-001,2,10,15,2019,15,YES,OTHER (SPECIFY),HAPANA,,,,,,,,,
55-47-18-86,0517-001-001,2,98,12,2012,0,YES,OTHER (SPECIFY),HAPANA,,,,,,,,,
81-44-06-49,0525-001-001,4,10,12000,2017,3000,NO,,NDIYO,2018,NOVEMBER,2019,FEBRUARY,1,2,2700,NO,
57-59-30-22,0525-005-003,1,10,1500,2018,0,NO,,NDIYO,2019,JUNE,2019,AUGUST,1,2,450,NO,
16-41-04-04,0529-001-001,1,47,1,1900,0,NO,,NDIYO,2019,AUGUST,2019,NOVEMBER,1,,150,YES,INSECTS
26-24-72-45,0530-001-001,3,10,6000,2017,4000,YES,OTHER (SPECIFY),HAPANA,,,,,,,,,
98-57-18-93,0537-001-001,4,10,250,2019,200,NO,,HAPANA,,,,,,,,,
30-80-71-86,0542-001-002,1,29,6,1900,0,YES,SUBSTITUTE IF EITHER CROP FAILS,NDIYO,2018,APRIL,2019,APRIL,2,,90,NO,
20-78-49-50,0547-001-001,1,29,2,1998,0,NO,,HAPANA,,,,,,,,,
12-86-07-37,0554-003-001,1,20,3,2018,0,NO,,HAPANA,,,,,,,,,
12-86-07-37,0554-003-001,1,44,3,2018,2,NO,,HAPANA,,,,,,,,,
08-79-34-76,0565-001-001,2,10,140,2018,140,YES,SUBSTITUTE IF EITHER CROP FAILS,NDIYO,2019,JANUARY,2020,DECEMBER,1,2,120,YES,DISEASES
83-04-78-20,0569-001-001,1,98,4,9999,0,YES,SUBSTITUTE IF EITHER CROP FAILS,HAPANA,,,,,,,,,
89-23-01-64,0574-001-001,2,10,180,2017,0,YES,SUBSTITUTE IF EITHER CROP FAILS,HAPANA,,,,,,,,,
89-23-01-64,0574-001-001,2,37,32,1990,0,YES,OTHER (SPECIFY),HAPANA,,,,,,,,,
89-23-01-64,0574-001-001,2,44,270,2000,0,YES,SUBSTITUTE IF EITHER CROP FAILS,NDIYO,2018,FEBRUARY,2019,MARCH,1,2,120,YES,DISEASES
71-32-15-08,0576-001-002,2,98,9,1900,0,NO,,HAPANA,,,,,,,,,
89-16-16-87,0585-001-001,2,10,1800,2017,2100,NO,,NDIYO,2018,JUNE,2018,SEPTEMBER,1,2,480,NO,
76-83-41-82,0585-001-003,2,10,750,2018,250,NO,,NDIYO,2018,AUGUST,2018,SEPTEMBER,1,2,90,NO,
96-39-75-25,0586-001-001,1,29,2,1900,0,YES,OTHER (SPECIFY),HAPANA,,,,,,,,,
48-55-92-72,0591-001-001,3,10,2850,2018,0,NO,,HAPANA,,,,,,,,,
59-91-83-15,0592-001-001,1,10,180,2017,0,YES,SUBSTITUTE IF EITHER CROP FAILS,HAPANA,,,,,,,,,
87-24-38-48,0593-001-001,2,10,25,2018,25,YES,SUBSTITUTE IF EITHER CROP FAILS,HAPANA,,,,,,,,,
99-53-65-08,0593-004-001,1,103,2,2012,0,NO,,HAPANA,,,,,,,,,
99-53-65-08,0593-004-001,2,10,2017,11,0,NO,,NDIYO,2019,JUNE,2019,JUNE,1,2,1000,NO,
35-87-73-75,0597-001-001,1,10,1750,2018,0,NO,,HAPANA,,,,,,,,,
90-31-84-80,0598-001-001,3,10,120,2017,40,NO,,HAPANA,,,,,,,,,
79-15-68-02,0599-001-001,1,10,1500,2017,0,NO,,NDIYO,2018,JUNE,2018,JUNE,1,2,360,NO,
39-51-58-76,0600-001-001,3,10,2500,2018,2018,NO,,HAPANA,,,,,,,,,
37-19-01-98,0601-001-001,4,10,250,2019,250,NO,,HAPANA,,,,,,,,,
25-56-28-11,0602-001-001,2,10,3500,2017,0,YES,SUBSTITUTE IF EITHER CROP FAILS,HAPANA,,,,,,,,,
84-29-07-25,0605-001-001,1,10,1500,2017,0,YES,SUBSTITUTE IF EITHER CROP FAILS,NDIYO,2018,JULY,2018,AUGUST,1,,600,NO,
72-23-86-21,0614-001-001,2,47,4,1990,0,YES,SUBSTITUTE IF EITHER CROP FAILS,HAPANA,,,,,,,,,
37-98-90-37,0619-106-001,3,47,1,1998,0,NO,,HAPANA,,,,,,,,,
07-29-77-96,0620-001-002,1,10,300,2018,300,NO,,HAPANA,,,,,,,,,
52-77-78-43,0621-001-001,2,10,2000,2017,0,NO,,NDIYO,2018,SEPTEMBER,2018,OCTOBER,1,2,540,NO,
07-54-46-36,0622-001-001,1,10,400,2018,0,NO,,HAPANA,,,,,,,,,
07-54-46-36,0622-001-001,2,98,5,1992,0,NO,,HAPANA,,,,,,,,,
73-37-55-41,0623-001-001,2,10,2500,2018,0,NO,,HAPANA,,,,,,,,,
25-47-63-62,0627-001-001,1,98,5,1900,0,NO,,HAPANA,,,,,,,,,
25-47-63-62,0627-001-001,1,103,2,1900,0,NO,,NDIYO,2018,AUGUST,2019,JULY,1,2,130,YES,THEFT
34-90-65-56,0628-003-001,1,10,200,2018,400,NO,,NDIYO,2018,AUGUST,2019,JULY,1,,240,NO,
32-73-64-62,0631-001-001,1,10,60,2018,60,NO,,HAPANA,,,,,,,,,
23-49-04-65,0633-001-002,2,10,3000,2017,0,YES,SUBSTITUTE IF EITHER CROP FAILS,NDIYO,2018,SEPTEMBER,2018,DECEMBER,2,6,400,NO,
23-49-04-65,0633-001-002,5,98,3,1900,0,YES,SUBSTITUTE IF EITHER CROP FAILS,HAPANA,,,,,,,,,
23-49-04-65,0633-001-002,5,99,2,1900,0,YES,SUBSTITUTE IF EITHER CROP FAILS,HAPANA,,,,,,,,,
80-55-01-46,0639-007-001,1,10,2000,2018,2000,NO,,NDIYO,2018,SEPTEMBER,2018,NOVEMBER,1,,1050,NO,
03-58-62-92,0639-007-003,1,98,4,2015,0,NO,,HAPANA,,,,,,,,,
04-52-63-04,0642-001-001,1,38,36,1974,0,NO,,NDIYO,2019,JUNE,2019,SEPTEMBER,1,,300,NO,
04-52-63-04,0642-001-001,3,38,21,1974,0,NO,,NDIYO,2019,JUNE,2019,SEPTEMBER,1,,200,NO,
04-52-63-04,0642-001-001,3,98,25,1976,0,NO,,HAPANA,,,,,,,,,
15-94-42-33,0642-001-004,2,98,1000,2015,0,NO,,HAPANA,,,,,,,,,
96-16-28-77,0642-001-006,1,38,15,1900,0,YES,SUBSTITUTE IF EITHER CROP FAILS,NDIYO,2019,JUNE,2019,JULY,1,,130,NO,
04-94-12-79,0642-001-009,1,38,7,2015,0,YES,SUBSTITUTE IF EITHER CROP FAILS,HAPANA,,,,,,,,,
09-53-11-55,0643-001-001,3,38,250,2006,20,YES,SUBSTITUTE IF EITHER CROP FAILS,NDIYO,2019,AUGUST,2019,SEPTEMBER,1,,360,NO,
73-72-53-25,0644-001-001,1,38,30,0,0,NO,,NDIYO,2019,JULY,2019,SEPTEMBER,1,,70,NO,
73-72-53-25,0644-001-001,1,98,170,1996,0,NO,,NDIYO,2018,SEPTEMBER,2019,OCTOBER,1,,300,NO,
95-29-04-76,0645-001-001,2,10,26,2018,8,YES,SUBSTITUTE IF EITHER CROP FAILS,NDIYO,2019,JULY,2019,OCTOBER,2,,20,NO,
95-29-04-76,0645-001-001,2,38,12,2014,0,YES,SUBSTITUTE IF EITHER CROP FAILS,NDIYO,2019,MAY,2019,JUNE,1,,22,NO,
81-88-93-76,0645-001-003,1,10,120,2018,120,YES,SUBSTITUTE IF EITHER CROP FAILS,HAPANA,,,,,,,,,
81-88-93-76,0645-001-003,1,38,60,1986,0,NO,,NDIYO,2019,JULY,2019,SEPTEMBER,1,,200,NO,
81-88-93-76,0645-001-003,1,98,8,1900,0,NO,,HAPANA,,,,,,,,,
55-16-13-84,0646-001-001,2,10,52,2018,13,NO,,NDIYO,2019,SEPTEMBER,2019,NOVEMBER,1,,20,NO,
73-60-06-64,0646-001-002,1,10,125,2018,50,NO,,NDIYO,2019,JULY,2019,NOVEMBER,1,2,65,NO,
73-60-06-64,0646-001-002,2,98,280,2002,0,NO,,HAPANA,,,,,,,,,
57-40-27-79,0647-001-001,1,38,20,1900,0,YES,SUBSTITUTE IF EITHER CROP FAILS,NDIYO,2019,JUNE,2019,AUGUST,1,2,70,NO,
32-85-24-94,0648-001-001,1,38,12,2009,0,NO,,NDIYO,2019,JUNE,2019,SEPTEMBER,1,2,25,NO,
32-85-24-94,0648-001-001,2,10,266,2018,50,YES,SUBSTITUTE IF EITHER CROP FAILS,NDIYO,2019,JUNE,2019,NOVEMBER,1,2,180,NO,
32-85-24-94,0648-001-001,2,38,35,2008,0,YES,SUBSTITUTE IF EITHER CROP FAILS,NDIYO,2019,JULY,2019,SEPTEMBER,1,2,90,NO,
20-84-09-10,0649-001-001,1,98,12,1996,0,NO,,HAPANA,,,,,,,,,
21-41-45-56,0652-001-001,1,10,166,2018,0,YES,SUBSTITUTE IF EITHER CROP FAILS,NDIYO,2019,SEPTEMBER,2019,NOVEMBER,1,2,45,NO,
21-41-45-56,0652-001-001,1,38,4,1978,0,NO,,HAPANA,,,,,,,,,
21-41-45-56,0652-001-001,3,38,32,1977,0,NO,,NDIYO,2019,JUNE,2019,AUGUST,1,2,76,NO,
38-47-82-69,0652-003-001,1,10,68,2818,68,NO,,HAPANA,,,,,,,,,
35-30-83-19,0653-001-001,2,38,48,1988,0,NO,,NDIYO,2019,JULY,2019,SEPTEMBER,1,,150,NO,
35-30-83-19,0653-001-001,2,98,2,1982,0,NO,,HAPANA,,,,,,,,,
42-93-81-17,0654-001-001,1,38,50,1900,0,NO,,NDIYO,2019,JULY,2019,SEPTEMBER,1,2,84,NO,
70-81-65-41,0654-001-002,1,38,145,1978,0,NO,,NDIYO,2019,MAY,2019,SEPTEMBER,2,,360,NO,
18-25-55-05,0654-004-001,2,10,45,2018,10,YES,SUBSTITUTE IF EITHER CROP FAILS,NDIYO,2019,AUGUST,2020,FEBRUARY,1,,240,NO,
18-25-55-05,0654-004-001,2,38,12,2017,0,YES,SUBSTITUTE IF EITHER CROP FAILS,HAPANA,,,,,,,,,
45-08-66-74,0657-001-001,1,10,1500,2017,0,YES,SUBSTITUTE IF EITHER CROP FAILS,NDIYO,2018,JULY,2019,APRIL,1,2,200,NO,
45-08-66-74,0657-001-001,1,38,30,2013,0,YES,SUBSTITUTE IF EITHER CROP FAILS,NDIYO,2018,MAY,2018,MAY,1,2,50,NO,
80-11-06-01,0658-001-001,1,10,30,2018,30,YES,SUBSTITUTE IF EITHER CROP FAILS,HAPANA,,,,,,,,,
80-11-06-01,0658-001-001,1,38,20,1985,0,YES,SUBSTITUTE IF EITHER CROP FAILS,NDIYO,2019,APRIL,2019,MAY,1,,115,NO,
08-56-07-13,0661-002-001,1,29,5,2000,0,YES,SUBSTITUTE IF EITHER CROP FAILS,NDIYO,2018,JUNE,2018,JUNE,1,,10,NO,
08-56-07-13,0661-002-001,1,38,40,1990,0,YES,SUBSTITUTE IF EITHER CROP FAILS,NDIYO,2018,JUNE,2018,JUNE,1,,100,NO,
08-56-07-13,0661-002-001,1,98,30,2007,0,YES,SUBSTITUTE IF EITHER CROP FAILS,HAPANA,,,,,,,,,
08-56-07-13,0661-002-001,2,10,200,2017,60,NO,,NDIYO,2018,APRIL,2018,JULY,1,2,100,NO,
08-56-07-13,0661-002-001,3,10,70,2017,0,NO,,NDIYO,2019,APRIL,2019,MAY,1,2,60,NO,
51-15-35-70,0662-001-001,1,10,500,2018,500,YES,SUBSTITUTE IF EITHER CROP FAILS,HAPANA,,,,,,,,,
51-15-35-70,0662-001-001,1,20,4,2017,0,YES,SUBSTITUTE IF EITHER CROP FAILS,NDIYO,2018,JULY,2018,OCTOBER,1,,10,NO,
51-15-35-70,0662-001-001,1,29,2,1900,0,YES,SUBSTITUTE IF EITHER CROP FAILS,NDIYO,2018,JULY,2018,OCTOBER,1,,5,NO,
51-15-35-70,0662-001-001,1,38,6,1900,0,YES,SUBSTITUTE IF EITHER CROP FAILS,NDIYO,2018,JUNE,2018,JUNE,1,,10,NO,
51-15-35-70,0662-001-001,1,103,150,2017,50,YES,SUBSTITUTE IF EITHER CROP FAILS,NDIYO,2018,JUNE,2018,OCTOBER,1,,80,NO,
10-37-19-93,0662-002-002,1,38,250,2012,0,NO,,NDIYO,2019,MAY,2019,AUGUST,1,2,300,NO,
10-37-19-93,0662-002-002,2,38,150,2005,0,NO,,NDIYO,2018,MAY,2018,AUGUST,1,2,206,NO,
69-75-97-36,0663-003-001,1,38,70,1900,0,NO,,NDIYO,2019,JUNE,2019,JULY,1,2,50,NO,
05-21-74-76,0664-001-001,1,10,1800,2017,0,YES,SUBSTITUTE IF EITHER CROP FAILS,NDIYO,2019,MARCH,2019,JULY,1,,240,NO,
05-21-74-76,0664-001-001,1,38,12,2006,0,YES,SUBSTITUTE IF EITHER CROP FAILS,NDIYO,2018,JULY,2018,JULY,1,,36,NO,
05-21-74-76,0664-001-001,1,44,25,2017,8,YES,SUBSTITUTE IF EITHER CROP FAILS,NDIYO,2018,AUGUST,2019,MAY,1,,40,NO,
05-21-74-76,0664-001-001,1,98,7,2004,0,YES,SUBSTITUTE IF EITHER CROP FAILS,HAPANA,,,,,,,,,
05-21-74-76,0664-001-001,2,38,50,2011,0,YES,SUBSTITUTE IF EITHER CROP FAILS,NDIYO,2019,APRIL,2019,JUNE,1,,25,NO,
05-21-74-76,0664-001-001,2,98,4,2009,0,YES,OTHER (SPECIFY),HAPANA,,,,,,,,,
05-21-74-76,0664-001-001,5,10,1500,2018,0,YES,SUBSTITUTE IF EITHER CROP FAILS,HAPANA,,,,,,,,,
05-21-74-76,0664-001-001,5,44,200,2017,0,YES,SUBSTITUTE IF EITHER CROP FAILS,NDIYO,2018,JUNE,2019,MAY,1,,50,NO,
05-21-74-76,0664-001-001,6,10,2800,2018,2800,YES,SUBSTITUTE IF EITHER CROP FAILS,HAPANA,,,,,,,,,
05-21-74-76,0664-001-001,6,29,3,2017,0,YES,SUBSTITUTE IF EITHER CROP FAILS,HAPANA,,,,,,,,,
05-21-74-76,0664-001-001,6,38,80,2017,0,YES,SUBSTITUTE IF EITHER CROP FAILS,HAPANA,,,,,,,,,
76-81-55-22,0669-001-001,2,38,9,0,0,NO,,NDIYO,2018,JULY,2018,AUGUST,1,2,27,NO,
31-50-67-22,0675-001-001,1,98,5,2002,0,NO,,HAPANA,,,,,,,,,
36-42-77-74,0676-001-001,1,38,320,1972,0,YES,SUBSTITUTE IF EITHER CROP FAILS,NDIYO,2019,MAY,2019,JULY,1,,150,NO,
36-42-77-74,0676-001-001,1,98,25,1995,0,YES,SUBSTITUTE IF EITHER CROP FAILS,HAPANA,,,,,,,,,
90-00-57-86,0681-001-002,1,38,10,2014,0,YES,SUBSTITUTE IF EITHER CROP FAILS,NDIYO,2019,JULY,2019,AUGUST,2,,15,NO,
81-82-35-91,0683-002-002,1,98,5,1992,0,NO,,HAPANA,,,,,,,,,
61-41-06-82,0684-005-001,1,10,210,2018,210,NO,,NDIYO,2019,NOVEMBER,2019,DECEMBER,1,,80,NO,
04-78-48-50,0687-006-002,2,10,1000,2018,0,YES,SUBSTITUTE IF EITHER CROP FAILS,HAPANA,,,,,,,,,
04-78-48-50,0687-006-002,2,44,100,2018,100,YES,SUBSTITUTE IF EITHER CROP FAILS,HAPANA,,,,,,,,,
56-57-53-73,0688-001-001,1,10,26,2018,0,NO,,HAPANA,,,,,,,,,
23-06-93-51,0689-001-001,1,10,40,2019,40,YES,SUBSTITUTE IF EITHER CROP FAILS,HAPANA,,,,,,,,,
23-06-93-51,0689-001-001,1,98,5,2016,0,YES,SUBSTITUTE IF EITHER CROP FAILS,HAPANA,,,,,,,,,
23-06-93-51,0689-001-001,2,98,40,2016,0,NO,,HAPANA,,,,,,,,,
75-21-34-64,0689-001-008,1,38,30,1900,0,YES,SUBSTITUTE IF EITHER CROP FAILS,NDIYO,2019,JUNE,2019,JULY,1,,180,NO,
75-21-34-64,0689-001-008,1,98,2,2012,0,YES,SUBSTITUTE IF EITHER CROP FAILS,HAPANA,,,,,,,,,
27-84-62-21,0694-001-001,1,40,1,2017,0,YES,SUBSTITUTE IF EITHER CROP FAILS,HAPANA,,,,,,,,,
91-33-85-80,0695-001-001,1,29,2,1900,0,YES,SUBSTITUTE IF EITHER CROP FAILS,NDIYO,2018,DECEMBER,2019,FEBRUARY,1,,120,YES,INSECTS
91-33-85-80,0695-001-001,1,38,12,1900,5,YES,SUBSTITUTE IF EITHER CROP FAILS,NDIYO,2018,JULY,2018,AUGUST,1,,90,YES,INSECTS
91-33-85-80,0695-001-001,1,44,36,2004,10,YES,SUBSTITUTE IF EITHER CROP FAILS,NDIYO,2018,APRIL,2019,MARCH,1,,200,YES,THEFT
53-85-16-71,0695-004-001,1,29,8,2010,0,NO,,NDIYO,2019,FEBRUARY,2019,FEBRUARY,1,,20,NO,
53-85-16-71,0695-004-001,1,38,25,1990,0,NO,,NDIYO,2018,OCTOBER,2019,JANUARY,1,,40,NO,
53-85-16-71,0695-004-001,1,44,30,2014,0,NO,,NDIYO,2018,APRIL,2019,FEBRUARY,1,,120,NO,
53-85-16-71,0695-004-001,1,98,7,2001,0,NO,,HAPANA,,,,,,,,,
64-88-46-60,0695-004-003,1,10,20,2018,0,YES,SUBSTITUTE IF EITHER CROP FAILS,HAPANA,,,,,,,,,
64-88-46-60,0695-004-003,1,103,30,2018,30,YES,SUBSTITUTE IF EITHER CROP FAILS,NDIYO,2018,NOVEMBER,2019,APRIL,1,2,100,NO,
64-88-46-60,0695-004-003,2,29,1,2017,0,NO,,HAPANA,,,,,,,,,
78-20-87-66,0696-001-001,1,10,15,2018,15,YES,SUBSTITUTE IF EITHER CROP FAILS,HAPANA,,,,,,,,,
78-20-87-66,0696-001-001,1,29,4,2010,0,YES,SUBSTITUTE IF EITHER CROP FAILS,NDIYO,2018,APRIL,2019,MARCH,1,,20,NO,
78-20-87-66,0696-001-001,1,100,3,2014,0,YES,SUBSTITUTE IF EITHER CROP FAILS,HAPANA,,,,,,,,,
60-53-18-73,0696-002-001,1,10,2600,2018,2600,YES,SUBSTITUTE IF EITHER CROP FAILS,NDIYO,2019,MARCH,2019,JUNE,1,2,100,NO,
96-88-18-26,0696-004-001,1,98,1,1900,0,NO,,HAPANA,,,,,,,,,
84-43-61-13,0698-003-002,2,98,8,1994,0,NO,,HAPANA,,,,,,,,,
04-80-76-28,0698-009-001,1,10,183,2018,106,YES,SUBSTITUTE IF EITHER CROP FAILS,NDIYO,2019,JULY,2019,SEPTEMBER,1,,140,NO,
04-80-76-28,0698-009-001,1,38,18,1900,0,YES,SUBSTITUTE IF EITHER CROP FAILS,HAPANA,,,,,,,,,
10-70-45-48,0700-001-001,1,38,12,1900,0,YES,SUBSTITUTE IF EITHER CROP FAILS,HAPANA,,,,,,,,,
10-70-45-48,0700-001-001,1,98,3,2008,0,NO,,HAPANA,,,,,,,,,
42-34-18-97,0701-003-001,1,100,6,1900,0,NO,,HAPANA,,,,,,,,,
08-56-40-01,0707-001-001,1,44,20,2017,0,NO,,NDIYO,2018,MAY,2019,APRIL,1,,8,NO,
10-28-30-33,0710-003-003,1,98,1,2014,0,YES,SUBSTITUTE IF EITHER CROP FAILS,HAPANA,,,,,,,,,
95-04-11-03,0711-001-003,1,10,35,2018,35,NO,,HAPANA,,,,,,,,,
55-95-90-52,0715-004-001,1,98,10,1998,0,YES,SUBSTITUTE IF EITHER CROP FAILS,HAPANA,,,,,,,,,
42-21-63-58,0717-001-001,1,10,500,2019,500,YES,SUBSTITUTE IF EITHER CROP FAILS,HAPANA,,,,,,,,,
42-21-63-58,0717-001-001,1,98,5,2016,0,YES,SUBSTITUTE IF EITHER CROP FAILS,HAPANA,,,,,,,,,
83-10-26-19,0718-001-001,2,103,9,2009,0,NO,,NDIYO,2018,JULY,2018,JULY,1,,1500,NO,
93-92-62-88,0718-010-001,3,10,2500,2018,500,NO,,HAPANA,,,,,,,,,
01-38-32-24,0720-001-011,1,98,17,2000,0,YES,SUBSTITUTE IF EITHER CROP FAILS,NDIYO,2018,FEBRUARY,2018,FEBRUARY,1,2,1500,NO,
01-38-32-24,0720-001-011,3,98,38,2000,0,NO,,NDIYO,2019,APRIL,2019,APRIL,1,2,1200,NO,
01-38-32-24,0720-001-011,5,44,6000,2018,6000,NO,,HAPANA,,,,,,,,,
89-74-22-66,0720-010-006,1,10,2500,2018,0,YES,SUBSTITUTE IF EITHER CROP FAILS,NDIYO,2019,JULY,2019,AUGUST,1,,240,YES,DISEASES
89-74-22-66,0720-010-006,1,98,5,2010,0,NO,,HAPANA,,,,,,,,,
64-88-68-03,0720-015-001,1,98,9,2017,0,NO,,HAPANA,,,,,,,,,
29-58-22-46,0721-002-001,2,10,6000,2017,0,YES,SUBSTITUTE IF EITHER CROP FAILS,NDIYO,2018,SEPTEMBER,2019,APRIL,1,2,700,NO,
00-12-69-11,0723-001-001,1,10,2500,2018,2500,YES,SUBSTITUTE IF EITHER CROP FAILS,HAPANA,,,,,,,,,
73-62-20-14,0724-001-001,1,10,3000,2017,0,NO,,NDIYO,2018,SEPTEMBER,2019,FEBRUARY,1,2,375,NO,
83-43-91-36,0726-001-001,2,10,8000,2018,8000,NO,,HAPANA,,,,,,,,,
83-43-91-36,0726-001-001,3,10,1000,2017,0,NO,,NDIYO,2018,NOVEMBER,2019,MAY,1,,2500,NO,
52-19-00-24,0726-004-001,4,10,4500,2017,0,YES,SUBSTITUTE IF EITHER CROP FAILS,NDIYO,2018,JUNE,2018,AUGUST,1,,780,NO,
71-44-85-61,0727-001-001,1,29,3,1992,0,YES,SUBSTITUTE IF EITHER CROP FAILS,NDIYO,2018,JUNE,2019,MAY,1,2,100,NO,
71-44-85-61,0727-001-001,1,98,10,2014,0,YES,SUBSTITUTE IF EITHER CROP FAILS,HAPANA,,,,,,,,,
71-44-85-61,0727-001-001,2,10,2000,2017,2000,YES,SUBSTITUTE IF EITHER CROP FAILS,NDIYO,2018,OCTOBER,2019,JULY,1,2,600,NO,
87-68-89-36,0729-001-002,1,10,15000,2018,15000,YES,SUBSTITUTE IF EITHER CROP FAILS,HAPANA,,,,,,,,,
87-68-89-36,0729-001-002,1,98,25,2016,10,YES,SUBSTITUTE IF EITHER CROP FAILS,HAPANA,,,,,,,,,
87-68-89-36,0729-001-002,1,103,8,1900,0,YES,SUBSTITUTE IF EITHER CROP FAILS,NDIYO,2018,JULY,2019,MAY,2,4,800,NO,
53-00-35-57,0729-003-001,2,10,400,2018,0,YES,SUBSTITUTE IF EITHER CROP FAILS,HAPANA,,,,,,,,,
41-67-65-60,0731-001-001,2,30,1,2018,0,YES,SUBSTITUTE IF EITHER CROP FAILS,HAPANA,,,,,,,,,
41-67-65-60,0731-001-001,2,31,1,2017,0,YES,SUBSTITUTE IF EITHER CROP FAILS,HAPANA,,,,,,,,,
59-42-39-17,0732-001-001,1,10,3500,2018,0,YES,SUBSTITUTE IF EITHER CROP FAILS,NDIYO,2018,SEPTEMBER,2018,DECEMBER,1,,240,NO,
59-42-39-17,0732-001-001,4,98,4,2014,0,NO,,HAPANA,,,,,,,,,
63-80-38-30,0733-001-001,2,10,400,2018,400,NO,,HAPANA,,,,,,,,,
63-80-38-30,0733-001-001,2,98,2,1900,0,NO,,HAPANA,,,,,,,,,
63-80-38-30,0733-001-001,3,29,1,1994,0,YES,SUBSTITUTE IF EITHER CROP FAILS,NDIYO,2018,JUNE,2018,JULY,1,2,10,NO,
05-65-41-70,0736-003-001,1,10,4000,2018,4000,YES,SUBSTITUTE IF EITHER CROP FAILS,HAPANA,,,,,,,,,
05-65-41-70,0736-003-001,1,98,12,2006,0,NO,,NDIYO,2018,JULY,2018,SEPTEMBER,1,,440,NO,
05-65-41-70,0736-003-001,3,10,4500,2018,4500,YES,SUBSTITUTE IF EITHER CROP FAILS,HAPANA,,,,,,,,,
84-20-01-44,0736-003-003,1,10,1000,2017,0,NO,,NDIYO,2018,OCTOBER,2018,OCTOBER,1,2,60,NO,
99-14-00-70,0736-003-006,1,10,2500,2018,2500,YES,SUBSTITUTE IF EITHER CROP FAILS,HAPANA,,,,,,,,,
97-65-53-21,0737-001-001,1,10,188,2018,40,NO,,NDIYO,2019,JUNE,2019,SEPTEMBER,1,2,160,NO,
97-65-53-21,0737-001-001,3,10,140,2018,35,NO,,NDIYO,2019,MARCH,2019,JUNE,1,2,140,NO,
25-22-14-90,0739-001-001,1,10,260,2018,260,NO,,NDIYO,2019,JULY,2019,SEPTEMBER,1,2,220,YES,DISEASES
25-22-14-90,0739-001-001,4,10,184,2018,120,NO,,NDIYO,2019,JUNE,2019,SEPTEMBER,1,2,140,YES,DISEASES
25-22-14-90,0739-001-001,4,98,14,2010,3,NO,,NDIYO,2018,SEPTEMBER,2018,SEPTEMBER,1,,200,NO,
71-49-87-81,0740-001-001,1,10,2500,2017,0,YES,SUBSTITUTE IF EITHER CROP FAILS,NDIYO,2018,OCTOBER,2019,JANUARY,1,,300,NO,
46-44-66-21,0740-003-001,2,10,164,2018,164,NO,,NDIYO,2019,JULY,2019,SEPTEMBER,2,,180,YES,DISEASES
46-44-66-21,0740-003-001,2,98,14,2011,0,NO,,HAPANA,,,,,,,,,
46-44-66-21,0740-003-001,3,10,420,2018,420,NO,,NDIYO,2019,JULY,2019,SEPTEMBER,2,,320,YES,DISEASES
09-76-22-49,0741-001-001,3,10,1124,2018,428,NO,,NDIYO,2019,SEPTEMBER,2019,OCTOBER,1,2,160,NO,
14-06-51-04,0741-001-004,1,10,1500,2018,0,YES,SUBSTITUTE IF EITHER CROP FAILS,NDIYO,2018,JUNE,2019,AUGUST,1,,300,YES,DISEASES
50-01-48-22,0742-001-001,1,10,7500,2018,0,YES,SUBSTITUTE IF EITHER CROP FAILS,NDIYO,2019,FEBRUARY,2019,JUNE,3,,1500,YES,DISEASES
50-01-48-22,0742-001-001,1,98,10,2012,0,YES,SUBSTITUTE IF EITHER CROP FAILS,NDIYO,2019,JULY,2019,AUGUST,3,,400,NO,
50-01-48-22,0742-001-001,3,98,25,2014,0,YES,SUBSTITUTE IF EITHER CROP FAILS,HAPANA,,,,,,,,,
54-99-39-86,0743-001-001,1,10,50,2017,0,NO,,NDIYO,2019,FEBRUARY,2019,FEBRUARY,1,3,60,NO,
11-42-87-71,0744-001-001,1,10,364,2018,364,NO,,HAPANA,,,,,,,,,
11-42-87-71,0744-001-001,2,10,380,2018,380,NO,,NDIYO,2019,JUNE,2019,JULY,1,2,370,YES,DISEASES
43-11-94-86,0744-005-002,1,10,4233,2018,977,NO,,NDIYO,2019,AUGUST,2019,SEPTEMBER,2,,340,NO,
83-40-04-19,0745-001-001,3,10,246,2018,246,NO,,NDIYO,2019,JULY,2019,OCTOBER,1,2,230,NO,
83-40-04-19,0745-001-001,4,10,357,2018,357,NO,,HAPANA,,,,,,,,,
83-40-04-19,0745-001-001,5,10,185,2018,185,NO,,HAPANA,,,,,,,,,
30-77-22-01,0746-001-001,1,10,7500,2018,0,YES,SUBSTITUTE IF EITHER CROP FAILS,NDIYO,2019,MAY,2019,AUGUST,1,,500,YES,DISEASES
30-77-22-01,0746-001-001,1,98,10,2014,0,NO,,HAPANA,,,,,,,,,
31-95-03-62,0747-001-001,1,10,1300,2018,556,NO,,NDIYO,2019,JULY,2019,SEPTEMBER,1,2,360,NO,
90-66-22-54,0748-001-001,1,10,1600,2018,245,NO,,NDIYO,2018,DECEMBER,2019,FEBRUARY,1,5,470,NO,
90-66-22-54,0748-001-001,2,10,1800,2018,0,NO,,NDIYO,2019,FEBRUARY,2019,AUGUST,1,2,350,NO,
90-66-22-54,0748-001-001,4,10,1150,2019,1150,NO,,HAPANA,,,,,,,,,
90-66-22-54,0748-001-001,6,10,1640,2018,0,NO,,HAPANA,,,,,,,,,
40-92-93-80,0748-006-001,1,98,2,1992,0,NO,,HAPANA,,,,,,,,,
91-74-73-51,0752-021-001,2,10,7500,2018,7500,NO,,NDIYO,2019,OCTOBER,2019,DECEMBER,1,2,670,NO,
95-00-47-94,0761-001-001,1,10,200,2018,200,NO,,NDIYO,2018,JUNE,2018,DECEMBER,1,,500,NO,
95-00-47-94,0761-001-001,2,10,200,2018,200,NO,,NDIYO,2018,NOVEMBER,2019,MARCH,1,,600,NO,
27-22-49-12,0762-001-001,2,10,300,2018,300,NO,,NDIYO,2019,JUNE,2019,AUGUST,2,,400,NO,
13-97-20-68,0767-001-001,3,10,50,2018,50,NO,,HAPANA,,,,,,,,,
63-77-64-08,0773-001-001,1,10,250,2018,250,YES,OTHER (SPECIFY),NDIYO,2019,JUNE,2019,SEPTEMBER,1,,250,NO,
16-44-54-61,0773-001-003,1,10,50,2018,50,NO,,NDIYO,2019,MAY,2019,AUGUST,1,,100,YES,THEFT
36-12-98-96,0775-001-001,2,50,4,2013,0,YES,OTHER (SPECIFY),HAPANA,,,,,,,,,
39-76-12-55,0776-001-001,1,10,500,2018,500,YES,SUBSTITUTE IF EITHER CROP FAILS,NDIYO,2018,OCTOBER,2018,DECEMBER,1,,100,NO,
05-60-96-11,0777-001-001,1,10,50,2018,40,NO,,HAPANA,,,,,,,,,
70-77-85-90,0778-001-001,1,50,30,2018,15,YES,SUBSTITUTE IF EITHER CROP FAILS,NDIYO,2019,JUNE,2019,JULY,1,,80,NO,
70-77-85-90,0778-001-001,2,10,300,2018,300,YES,SUBSTITUTE IF EITHER CROP FAILS,NDIYO,2019,AUGUST,2019,SEPTEMBER,1,,800,NO,
73-75-54-66,0780-001-001,2,30,20,1980,5,NO,,NDIYO,2019,JANUARY,2019,OCTOBER,1,,200,YES,THEFT
26-99-83-49,0781-001-001,1,10,100,2018,0,NO,,HAPANA,,,,,,,,,
01-05-09-28,0783-001-001,1,50,17,2017,7,NO,,NDIYO,2018,SEPTEMBER,2018,SEPTEMBER,1,,75,NO,
01-05-09-28,0783-001-001,2,10,300,2019,300,NO,,NDIYO,2018,MAY,2018,JULY,1,,600,YES,ANIMALS
04-67-21-54,0783-001-006,2,10,40,2018,40,YES,OTHER (SPECIFY),NDIYO,2019,MAY,2019,OCTOBER,1,,50,NO,
04-67-21-54,0783-001-006,2,30,15,2015,0,YES,OTHER (SPECIFY),HAPANA,,,,,,,,,
04-67-21-54,0783-001-006,2,50,20,2009,5,YES,OTHER (SPECIFY),NDIYO,2019,MARCH,2019,JUNE,1,,100,NO,
92-08-19-67,0785-001-006,2,10,30,2018,30,NO,,NDIYO,2018,MAY,2018,NOVEMBER,2,,20,NO,
92-08-19-67,0785-001-006,3,10,50,2018,50,NO,,HAPANA,,,,,,,,,
59-27-33-64,0789-001-003,3,30,10,2016,7,NO,,HAPANA,,,,,,,,,
05-09-03-42,0797-002-002,2,10,30,2018,30,NO,,NDIYO,2019,MARCH,2019,JULY,2,3,25,NO,
11-50-63-98,0828-001-001,2,10,100,2018,100,NO,,NDIYO,2019,JUNE,2019,JULY,1,,50,YES,DISEASES
34-57-47-47,0828-001-002,2,10,150,2018,200,NO,,NDIYO,2019,JUNE,2019,JULY,1,,120,YES,THEFT
76-13-11-27,0830-001-001,1,10,200,2018,200,NO,,NDIYO,2019,FEBRUARY,2019,JUNE,1,,50,NO,
95-47-50-34,0839-001-003,1,10,50,2018,50,NO,,HAPANA,,,,,,,,,
42-31-29-16,0839-002-001,2,10,30,2018,30,NO,,HAPANA,,,,,,,,,
34-83-13-34,0840-001-002,2,10,50,2018,50,YES,MORE FERTILE FOR SOIL,NDIYO,2019,JANUARY,2019,OCTOBER,2,,300,NO,
70-81-71-72,0840-001-003,4,30,30,1980,0,YES,MORE FERTILE FOR SOIL,NDIYO,2017,FEBRUARY,2020,MAY,1,,150,NO,
50-33-65-85,0841-001-001,1,30,20,2000,0,NO,,NDIYO,2018,JUNE,2018,JULY,1,,5,YES,THEFT
50-33-65-85,0841-001-001,2,10,200,2018,200,NO,,HAPANA,,,,,,,,,
50-33-65-85,0841-001-001,3,10,250,2018,250,NO,,HAPANA,,,,,,,,,
50-33-65-85,0841-001-001,3,30,30,2010,25,NO,,NDIYO,2018,AUGUST,2018,OCTOBER,1,,20,YES,THEFT
50-33-65-85,0841-001-001,5,10,100,2018,90,NO,,HAPANA,,,,,,,,,
55-18-26-79,0843-001-001,1,10,50,2018,40,NO,,NDIYO,2019,JANUARY,2019,JANUARY,1,,10,NO,
27-80-16-97,0844-001-001,2,10,120,120,120,NO,,HAPANA,,,,,,,,,
15-99-63-51,0844-004-001,2,10,2000,2018,2000,NO,,HAPANA,,,,,,,,,
15-99-63-51,0844-004-001,3,10,550,2018,550,NO,,NDIYO,2019,JANUARY,2019,MARCH,1,,50,NO,
07-65-39-81,0846-001-001,2,10,100,2018,100,NO,,HAPANA,,,,,,,,,
61-34-55-28,0848-001-001,1,10,150,2018,150,NO,,HAPANA,,,,,,,,,
78-45-29-07,0848-001-003,2,10,70,2018,70,NO,,HAPANA,,,,,,,,,
78-45-29-07,0848-001-003,3,30,70,1990,0,NO,,NDIYO,2019,JANUARY,2019,FEBRUARY,1,,100,YES,THEFT
37-95-22-04,0848-001-004,1,10,200,2018,200,YES,SUBSTITUTE IF EITHER CROP FAILS,NDIYO,2018,DECEMBER,2019,APRIL,1,,100,NO,
40-93-38-08,0849-001-001,1,10,150,2018,150,NO,,HAPANA,,,,,,,,,
28-86-83-55,0850-001-003,5,50,50,2002,25,NO,,HAPANA,,,,,,,,,
37-11-18-81,0851-001-001,2,10,90,2018,90,YES,MORE FERTILE FOR SOIL,NDIYO,2019,JANUARY,2019,MARCH,1,,300,NO,
34-55-40-03,0852-001-001,2,10,300,2018,300,NO,,NDIYO,2018,OCTOBER,2019,JANUARY,1,,200,NO,
34-55-40-03,0852-001-001,3,10,80,2018,80,YES,MORE FERTILE FOR SOIL,HAPANA,,,,,,,,,
08-17-94-34,0854-001-001,2,10,200,2018,200,YES,OTHER (SPECIFY),HAPANA,,,,,,,,,
08-17-94-34,0854-001-001,2,30,40,2008,4,YES,OTHER (SPECIFY),NDIYO,2018,DECEMBER,2019,FEBRUARY,1,,300,YES,THEFT
08-17-94-34,0854-001-001,2,50,39,2016,14,YES,OTHER (SPECIFY),NDIYO,2018,SEPTEMBER,2018,SEPTEMBER,1,,50,YES,THEFT
08-17-94-34,0854-001-001,3,10,40,2018,40,YES,OTHER (SPECIFY),HAPANA,,,,,,,,,
68-74-43-56,0855-001-001,2,10,400,2018,400,NO,,NDIYO,2018,DECEMBER,2019,FEBRUARY,1,3,320,NO,
88-80-22-55,0856-001-003,4,10,30,2018,30,NO,,NDIYO,2018,NOVEMBER,2019,FEBRUARY,1,,20,NO,
26-93-79-69,0857-001-001,3,50,25,2017,25,NO,,HAPANA,,,,,,,,,
26-93-79-69,0857-001-001,4,50,20,2017,20,NO,,HAPANA,,,,,,,,,
43-58-88-26,0858-001-001,1,10,22,2017,13,YES,SUBSTITUTE IF EITHER CROP FAILS,NDIYO,2018,MARCH,2019,APRIL,1,8,70,NO,
43-58-88-26,0858-001-001,1,44,2,2018,2,YES,SUBSTITUTE IF EITHER CROP FAILS,HAPANA,,,,,,,,,
43-58-88-26,0858-001-001,1,100,11,2015,0,YES,OTHER (SPECIFY),HAPANA,,,,,,,,,
