interview__key,sdd_hhid,itemid,ag11_01,ag11_02,ag11_03,ag11_04,ag11_05,ag11_06,ag11_07,ag11_08_1,ag11_08_2,ag11_09
69-04-74-63,0001-001-001,HAND HOE,2,3000,YES,,,NO,,,,
89-47-56-17,0001-001-003,HAND HOE,2,3000,YES,,,NO,,,,
46-71-56-27,0001-004-001,HAND HOE,3,15000,YES,,,NO,,,,
50-85-79-66,0003-001-001,HAND HOE,3,12000,YES,,,NO,,,,
50-85-79-66,0003-001-001,TRACTOR PLOUGH,0,,NO,,,YES,1,M/BIASHARA BINAFSI,NDANI YA KIJIJI/MJI,30000
50-85-79-66,0003-001-001,TRACTOR HARROW,0,,NO,,,YES,3,M/BIASHARA BINAFSI,NDANI YA KIJIJI/MJI,15000
98-30-81-51,0004-001-001,HAND HOE,1,6000,YES,YES,,NO,,,,
71-75-12-39,0005-001-001,HAND HOE,4,6000,YES,,,NO,,,,
98-53-45-06,0007-001-001,HAND HOE,3,10000,YES,,,NO,,,,
98-53-45-06,0007-001-001,OX PLOUGH,0,,NO,,,YES,2,JIRANI,NDANI YA KIJIJI/MJI,30000
98-53-45-06,0007-001-001,OX SEED PLANTER,0,,NO,,,YES,1,JIRANI,NDANI YA KIJIJI/MJI,8000
20-72-78-84,0009-001-001,HAND HOE,1,2000,YES,YES,,YES,2,JIRANI,NDANI YA KIJIJI/MJI,0
90-18-72-04,0010-001-001,HAND HOE,2,8000,YES,,,NO,,,,
85-64-65-42,0011-001-001,HAND HOE,2,12000,YES,,,NO,,,,
52-32-57-20,0012-001-001,HAND HOE,5,3000,YES,,,NO,,,,
52-32-57-20,0012-001-001,OTHER (SPECIFY),1,5000,YES,YES,,NO,,,,
31-30-77-11,0012-003-001,HAND HOE,2,4000,YES,,,NO,,,,
18-76-19-96,0013-001-001,HAND HOE,1,2000,YES,YES,,NO,,,,
58-42-71-45,0015-001-001,HAND HOE,6,30000,YES,,,NO,,,,
58-42-71-45,0015-001-001,OX PLOUGH,7,2100000,YES,,,NO,,,,
58-42-71-45,0015-001-001,TRACTOR,1,150000,YES,YES,,NO,,,,
73-26-58-64,0016-001-002,HAND HOE,2,6000,YES,,,NO,,,,
56-32-76-33,0017-001-001,HAND HOE,2,15000,YES,,,NO,,,,
56-32-76-33,0017-001-001,TRACTOR PLOUGH,0,,NO,,,YES,1,M/BIASHARA BINAFSI,NDANI YA KIJIJI/MJI,50000
39-47-88-39,0018-001-001,HAND HOE,3,12000,YES,,,NO,,,,
40-73-12-41,0020-001-001,HAND HOE,4,2000,YES,,,NO,,,,
40-73-12-41,0020-001-001,OX PLOUGH,0,,NO,,,YES,2,JIRANI,NDANI YA KIJIJI/MJI,105000
40-73-12-41,0020-001-001,OX SEED PLANTER,0,,NO,,,YES,1,JIRANI,NDANI YA KIJIJI/MJI,0
52-25-14-40,0023-001-001,HAND HOE,0,,NO,,,YES,10,"NYINGINE, TAJA",WILAYA NYINGINE,0
52-25-14-40,0023-001-001,HAND-POWERED SPRAYER,0,,NO,,,YES,4,"NYINGINE, TAJA",WILAYA NYINGINE,0
52-25-14-40,0023-001-001,TRACTOR PLOUGH,0,,NO,,,YES,1,"NYINGINE, TAJA",WILAYA NYINGINE,3000000
96-43-78-97,0024-001-001,HAND HOE,2,4000,YES,,,NO,,,,
96-43-78-97,0024-001-001,WATERING CAN,1,8000,YES,NO,NO NEED FOR ONE,NO,,,,
06-46-18-18,0026-001-001,HAND HOE,1,3000,YES,YES,,NO,,,,
38-25-71-90,0029-001-001,HAND HOE,2,15000,YES,,,NO,,,,
38-25-71-90,0029-001-001,HAND-POWERED SPRAYER,1,100000,YES,NO,NO NEED FOR ONE,NO,,,,
28-47-21-26,0030-001-001,HAND HOE,2,10000,YES,,,NO,,,,
59-86-17-13,0032-001-001,HAND HOE,1,5000,YES,NO,NO NEED FOR ONE,NO,,,,
27-91-28-82,0033-001-001,HAND HOE,1,8000,YES,YES,,NO,,,,
15-50-37-82,0036-001-001,HAND HOE,1,8000,YES,NO,NO NEED FOR ONE,NO,,,,
69-55-32-84,0040-001-001,HAND HOE,2,10000,YES,,,NO,,,,
96-09-76-36,0041-001-001,HAND HOE,1,8000,YES,YES,,NO,,,,
43-77-98-27,0046-001-001,HAND HOE,1,6000,YES,YES,,YES,3,NDUGU,NDANI YA KIJIJI/MJI,0
43-77-98-27,0046-001-001,GERI CANS/DRUMS,1,18000,YES,YES,,NO,,,,
24-75-61-52,0047-001-001,HAND HOE,4,20000,YES,,,NO,,,,
24-75-61-52,0047-001-001,OX PLOUGH,1,800000,YES,YES,,NO,,,,
24-75-61-52,0047-001-001,OX SEED PLANTER,1,90000,YES,YES,,NO,,,,
24-75-61-52,0047-001-001,TRACTOR PLOUGH,0,,NO,,,YES,1,M/BIASHARA BINAFSI,NDANI YA KIJIJI/MJI,300000
24-75-61-52,0047-001-001,TRACTOR HARROW,0,,NO,,,YES,1,M/BIASHARA BINAFSI,NDANI YA KIJIJI/MJI,0
24-75-61-52,0047-001-001,OTHER (SPECIFY),2,10000,YES,,,NO,,,,
97-60-31-67,0048-001-001,HAND HOE,2,4000,YES,,,NO,,,,
03-68-77-59,0049-001-001,HAND HOE,3,21000,YES,,,NO,,,,
88-71-20-70,0050-001-001,HAND HOE,4,20000,YES,,,NO,,,,
88-71-20-70,0050-001-001,OTHER (SPECIFY),2,10000,YES,,,NO,,,,
62-93-39-20,0051-001-001,HAND HOE,5,4000,YES,,,NO,,,,
28-71-87-26,0051-001-003,HAND HOE,1,6000,YES,NO,NO NEED FOR ONE,NO,,,,
00-72-79-53,0055-001-001,HAND HOE,2,3000,YES,,,NO,,,,
73-41-85-14,0056-001-001,HAND HOE,2,10000,YES,,,NO,,,,
16-64-27-88,0057-001-001,HAND HOE,2,8000,YES,,,NO,,,,
34-42-58-96,0058-001-001,HAND HOE,7,35000,YES,,,NO,,,,
77-68-44-59,0059-001-001,HAND HOE,3,12000,YES,,,NO,,,,
77-68-44-59,0059-001-001,OX PLOUGH,0,,NO,,,YES,2,JIRANI,NDANI YA KIJIJI/MJI,40000
77-68-44-59,0059-001-001,TRACTOR,0,,NO,,,YES,1,JIRANI,NDANI YA KIJIJI/MJI,10000
44-35-85-32,0060-001-001,HAND HOE,3,9000,YES,,,NO,,,,
44-35-85-32,0060-001-001,HAND-POWERED SPRAYER,0,,NO,,,YES,1,JIRANI,NDANI YA KIJIJI/MJI,0
44-35-85-32,0060-001-001,OX PLOUGH,0,,NO,,,NO,,,,
44-35-85-32,0060-001-001,OX SEED PLANTER,0,,NO,,,NO,,,,
47-61-12-15,0062-001-001,HAND HOE,5,25000,YES,,,NO,,,,
47-61-12-15,0062-001-001,OX PLOUGH,0,,NO,,,YES,4,NDUGU,NDANI YA KIJIJI/MJI,60000
47-61-12-15,0062-001-001,OX SEED PLANTER,0,,NO,,,YES,2,NDUGU,NDANI YA KIJIJI/MJI,0
20-34-21-50,0062-004-001,HAND HOE,1,3000,YES,YES,,NO,,,,
47-38-96-20,0065-001-001,HAND HOE,4,20000,YES,,,NO,,,,
32-51-53-41,0066-003-001,HAND HOE,6,36000,YES,,,NO,,,,
09-55-27-80,0066-003-003,HAND HOE,0,,NO,,,YES,2,NDUGU,NDANI YA KIJIJI/MJI,0
39-00-30-36,0066-003-006,HAND HOE,0,,NO,,,YES,1,RAFIKI,NDANI YA KIJIJI/MJI,0
39-00-30-36,0066-003-006,WATERING CAN,1,5000,YES,NO,NO NEED FOR ONE,NO,,,,
47-27-42-34,0067-001-001,HAND HOE,3,15000,YES,,,NO,,,,
47-27-42-34,0067-001-001,HAND-POWERED SPRAYER,1,30000,YES,YES,,NO,,,,
13-42-14-49,0067-004-001,HAND HOE,2,3000,YES,,,NO,,,,
81-85-31-88,0069-002-001,HAND HOE,5,20000,YES,,,NO,,,,
91-76-63-44,0071-001-001,HAND HOE,3,15000,YES,,,NO,,,,
28-76-80-54,0072-001-001,HAND HOE,3,3000,YES,,,NO,,,,
82-54-53-99,0072-003-001,HAND HOE,2,10000,YES,,,NO,,,,
86-08-97-34,0073-001-001,HAND HOE,4,20000,YES,,,NO,,,,
09-96-03-52,0073-001-002,HAND HOE,1,2000,YES,YES,,NO,,,,
64-01-68-39,0074-001-001,HAND HOE,6,3500,YES,,,NO,,,,
69-76-07-75,0077-001-001,HAND HOE,6,24000,YES,,,NO,,,,
80-60-48-21,0077-003-001,HAND HOE,6,28000,YES,,,NO,,,,
77-61-09-41,0078-001-001,HAND HOE,7,3000,YES,,,NO,,,,
03-09-85-87,0079-001-001,HAND HOE,3,15000,YES,,,NO,,,,
78-16-68-29,0080-001-001,HAND HOE,5,40000,YES,,,NO,,,,
82-35-18-51,0081-001-001,HAND HOE,6,30000,YES,,,NO,,,,
24-96-35-07,0081-004-001,HAND HOE,2,5000,YES,,,NO,,,,
24-96-35-07,0081-004-001,OTHER (SPECIFY),2,8000,YES,,,NO,,,,
61-09-91-34,0082-001-001,HAND HOE,3,18000,YES,,,NO,,,,
65-72-13-93,0082-003-001,HAND HOE,5,20000,YES,,,NO,,,,
65-72-13-93,0082-003-001,HAND-POWERED SPRAYER,1,45000,YES,YES,,NO,,,,
69-63-97-41,0082-004-001,HAND HOE,2,10000,YES,,,NO,,,,
82-24-69-15,0083-001-001,HAND HOE,10,40000,YES,,,NO,,,,
82-24-69-15,0083-001-001,HAND-POWERED SPRAYER,0,,NO,,,YES,1,JIRANI,NDANI YA KIJIJI/MJI,0
71-57-99-29,0084-001-001,HAND HOE,2,6000,YES,,,NO,,,,
74-56-02-42,0084-002-001,HAND HOE,2,5000,YES,,,NO,,,,
74-56-02-42,0084-002-001,HAND-POWERED SPRAYER,0,,NO,,,YES,1,JIRANI,NDANI YA KIJIJI/MJI,0
70-36-26-23,0085-001-001,HAND HOE,3,15000,NO,,,NO,,,,
05-51-26-77,0085-003-001,HAND HOE,1,2500,YES,YES,,YES,1,JIRANI,NDANI YA KIJIJI/MJI,0
08-61-34-21,0086-001-001,HAND HOE,2,10000,YES,,,NO,,,,
07-11-78-55,0087-001-001,HAND HOE,4,4000,YES,,,NO,,,,
26-78-44-09,0087-001-002,HAND HOE,3,30000,YES,,,NO,,,,
74-12-78-76,0088-001-001,HAND HOE,3,4500,YES,,,NO,,,,
74-12-78-76,0088-001-001,HAND-POWERED SPRAYER,1,60000,YES,YES,,NO,,,,
47-53-89-65,0089-001-001,HAND HOE,2,8000,YES,,,YES,3,JIRANI,NDANI YA KIJIJI/MJI,0
47-53-89-65,0089-001-001,HAND-POWERED SPRAYER,0,,NO,,,YES,1,JIRANI,NDANI YA KIJIJI/MJI,0
67-17-25-56,0089-002-001,HAND HOE,2,20000,YES,,,NO,,,,
11-84-02-64,0089-002-002,HAND HOE,0,,NO,,,YES,2,NDUGU,KARIBU NA KIJIJI,0
13-79-88-08,0090-001-001,HAND HOE,6,24000,YES,,,NO,,,,
13-79-88-08,0090-001-001,HAND-POWERED SPRAYER,1,25000,YES,NO,NO NEED FOR ONE,NO,,,,
43-96-03-62,0090-001-005,HAND HOE,1,5000,YES,YES,,NO,,,,
18-41-40-51,0093-001-001,HAND HOE,2,5000,YES,,,NO,,,,
70-24-33-41,0096-001-001,HAND HOE,3,2500,YES,,,NO,,,,
42-11-56-10,0096-002-002,HAND HOE,3,3000,YES,,,NO,,,,
88-19-63-23,0097-001-001,HAND HOE,2,10000,YES,,,NO,,,,
88-19-63-23,0097-001-001,TRACTOR PLOUGH,0,,NO,,,YES,1,JIRANI,KARIBU NA KIJIJI,120000
93-47-38-83,0097-001-003,HAND HOE,7,28000,YES,,,NO,,,,
93-47-38-83,0097-001-003,TRACTOR PLOUGH,0,,NO,,,YES,1,M/BIASHARA BINAFSI,KARIBU NA KIJIJI,80000
93-47-38-83,0097-001-003,TRACTOR HARROW,0,,NO,,,YES,1,M/BIASHARA BINAFSI,KARIBU NA KIJIJI,0
89-69-28-73,0099-001-001,HAND HOE,5,20000,YES,,,NO,,,,
89-69-28-73,0099-001-001,TRACTOR PLOUGH,0,,NO,,,YES,1,M/BIASHARA BINAFSI,KARIBU NA KIJIJI,150
89-69-28-73,0099-001-001,TRACTOR HARROW,0,,NO,,,YES,4,M/BIASHARA BINAFSI,KARIBU NA KIJIJI,60000
25-01-61-44,0099-001-006,HAND HOE,1,6000,YES,YES,,YES,1,NDUGU,NDANI YA KIJIJI/MJI,0
25-01-61-44,0099-001-006,TRACTOR PLOUGH,0,,NO,,,YES,1,M/BIASHARA BINAFSI,NDANI YA KIJIJI/MJI,15000
25-01-61-44,0099-001-006,TRACTOR HARROW,0,,NO,,,YES,3,M/BIASHARA BINAFSI,KARIBU NA KIJIJI,10000
42-94-75-73,0099-008-001,HAND HOE,2,10000,YES,,,NO,,,,
07-74-53-75,0101-001-001,HAND HOE,4,20000,YES,,,NO,,,,
07-74-53-75,0101-001-001,TRACTOR PLOUGH,0,,NO,,,YES,1,M/BIASHARA BINAFSI,KARIBU NA KIJIJI,30000
07-74-53-75,0101-001-001,TRACTOR HARROW,0,,NO,,,YES,3,M/BIASHARA BINAFSI,KARIBU NA KIJIJI,10000
09-18-15-86,0101-002-001,HAND HOE,2,8000,YES,,,NO,,,,
16-87-89-06,0102-001-001,HAND HOE,2,12000,YES,,,NO,,,,
16-87-89-06,0102-001-001,TRACTOR PLOUGH,0,,NO,,,YES,1,M/BIASHARA BINAFSI,NDANI YA KIJIJI/MJI,80000
61-86-51-55,0104-001-001,HAND HOE,4,16000,YES,,,NO,,,,
61-86-51-55,0104-001-001,TRACTOR PLOUGH,0,,NO,,,YES,1,M/BIASHARA BINAFSI,NDANI YA KIJIJI/MJI,80000
61-86-51-55,0104-001-001,TRACTOR HARROW,0,,NO,,,YES,3,M/BIASHARA BINAFSI,NDANI YA KIJIJI/MJI,40000
82-80-49-27,0104-001-006,HAND HOE,1,5000,YES,YES,,YES,1,JIRANI,NDANI YA KIJIJI/MJI,0
82-80-49-27,0104-001-006,TRACTOR PLOUGH,0,,NO,,,YES,1,M/BIASHARA BINAFSI,NDANI YA KIJIJI/MJI,80000
82-80-49-27,0104-001-006,TRACTOR HARROW,0,,NO,,,YES,3,M/BIASHARA BINAFSI,NDANI YA KIJIJI/MJI,40000
56-75-17-70,0105-001-001,HAND HOE,2,10000,YES,,,NO,,,,
56-75-17-70,0105-001-001,TRACTOR PLOUGH,0,,NO,,,YES,1,M/BIASHARA BINAFSI,KARIBU NA MJI,120000
03-36-44-51,0105-005-001,HAND HOE,2,8000,YES,,,NO,,,,
83-56-10-16,0106-001-002,HAND HOE,1,4000,YES,YES,,NO,,,,
72-82-51-97,0106-001-003,HAND HOE,2,3000,YES,,,NO,,,,
11-04-09-01,0107-001-001,HAND HOE,1,5000,YES,YES,,NO,,,,
51-54-44-86,0108-001-001,HAND HOE,2,12000,YES,,,NO,,,,
51-54-44-86,0108-001-001,TRACTOR PLOUGH,0,,NO,,,YES,1,M/BIASHARA BINAFSI,KARIBU NA KIJIJI,50000
51-54-44-86,0108-001-001,TRACTOR HARROW,0,,NO,,,YES,1,M/BIASHARA BINAFSI,KARIBU NA KIJIJI,30000
35-34-97-68,0108-001-002,HAND HOE,2,6000,YES,,,NO,,,,
47-69-21-93,0109-001-001,HAND HOE,1,2000,YES,YES,,NO,,,,
22-62-73-26,0110-001-001,HAND HOE,2,10000,YES,,,NO,,,,
09-03-93-64,0111-001-001,HAND HOE,2,15000,YES,,,NO,,,,
09-03-93-64,0111-001-001,HAND-POWERED SPRAYER,0,,NO,,,YES,1,JIRANI,NDANI YA KIJIJI/MJI,0
09-03-93-64,0111-001-001,TRACTOR PLOUGH,0,,NO,,,YES,1,M/BIASHARA BINAFSI,NDANI YA KIJIJI/MJI,120000
49-60-00-77,0112-001-001,HAND HOE,3,9000,YES,,,NO,,,,
49-60-00-77,0112-001-001,OX PLOUGH,2,1300000,YES,,,NO,,,,
49-60-00-77,0112-001-001,OX SEED PLANTER,1,90000,YES,YES,,NO,,,,
80-23-77-43,0113-001-001,HAND HOE,3,3000,YES,,,NO,,,,
80-23-77-43,0113-001-001,TRACTOR PLOUGH,0,,NO,,,YES,1,M/BIASHARA BINAFSI,KARIBU NA KIJIJI,80000
80-23-77-43,0113-001-001,TRACTOR HARROW,0,,NO,,,YES,1,M/BIASHARA BINAFSI,KARIBU NA KIJIJI,0
86-56-84-14,0113-002-001,HAND HOE,1,3000,YES,YES,,NO,,,,
95-71-62-51,0114-001-001,HAND HOE,2,14000,YES,,,NO,,,,
95-71-62-51,0114-001-001,TRACTOR PLOUGH,0,,NO,,,YES,1,M/BIASHARA BINAFSI,KARIBU NA KIJIJI,50000
35-20-92-57,0115-001-001,HAND HOE,2,6000,YES,,,NO,,,,
61-55-11-19,0115-001-002,HAND HOE,2,8000,YES,,,NO,,,,
61-11-91-19,0118-001-001,HAND HOE,2,8000,YES,,,NO,,,,
61-11-91-19,0118-001-001,HAND-POWERED SPRAYER,1,25000,YES,YES,,NO,,,,
61-11-91-19,0118-001-001,TRACTOR PLOUGH,0,,NO,,,YES,1,M/BIASHARA BINAFSI,NDANI YA KIJIJI/MJI,80000
67-13-31-42,0119-001-001,HAND HOE,4,35000,YES,,,NO,,,,
67-13-31-42,0119-001-001,TRACTOR PLOUGH,0,,NO,,,YES,1,M/BIASHARA BINAFSI,KARIBU NA KIJIJI,60
16-86-84-80,0119-001-002,HAND HOE,1,5000,YES,YES,,NO,,,,
98-32-46-89,0120-001-001,HAND HOE,3,15000,YES,,,NO,,,,
98-32-46-89,0120-001-001,TRACTOR PLOUGH,0,,NO,,,YES,1,M/BIASHARA BINAFSI,NDANI YA KIJIJI/MJI,20000
98-32-46-89,0120-001-001,TRACTOR HARROW,0,,NO,,,YES,1,M/BIASHARA BINAFSI,NDANI YA KIJIJI/MJI,30000
11-41-50-08,0121-002-001,HAND HOE,5,25000,YES,,,NO,,,,
11-41-50-08,0121-002-001,HAND-POWERED SPRAYER,1,35000,YES,YES,,NO,,,,
11-41-50-08,0121-002-001,TRACTOR PLOUGH,0,,NO,,,YES,1,M/BIASHARA BINAFSI,NDANI YA KIJIJI/MJI,50000
20-26-27-46,0121-004-001,HAND HOE,2,3000,YES,,,NO,,,,
20-26-27-46,0121-004-001,TRACTOR PLOUGH,0,,NO,,,YES,1,M/BIASHARA BINAFSI,KARIBU NA KIJIJI,40000
20-26-27-46,0121-004-001,TRACTOR HARROW,0,,NO,,,YES,1,M/BIASHARA BINAFSI,KARIBU NA KIJIJI,0
51-99-30-00,0122-001-001,HAND HOE,2,14000,YES,,,NO,,,,
94-57-72-83,0122-001-002,HAND HOE,1,5000,YES,YES,,NO,,,,
94-57-72-83,0122-001-002,TRACTOR PLOUGH,0,,NO,,,YES,1,M/BIASHARA BINAFSI,KARIBU NA KIJIJI,40000
94-57-72-83,0122-001-002,TRACTOR HARROW,0,,NO,,,YES,1,M/BIASHARA BINAFSI,KARIBU NA MJI,0
43-50-47-25,0122-001-003,HAND HOE,8,40000,YES,,,NO,,,,
43-50-47-25,0122-001-003,OX PLOUGH,0,,NO,,,YES,2,M/BIASHARA BINAFSI,NDANI YA KIJIJI/MJI,80000
43-50-47-25,0122-001-003,OX SEED PLANTER,0,,NO,,,YES,1,M/BIASHARA BINAFSI,NDANI YA KIJIJI/MJI,20000
38-83-27-01,0123-001-001,HAND HOE,3,9000,YES,,,NO,,,,
38-83-27-01,0123-001-001,TRACTOR PLOUGH,0,,NO,,,YES,1,M/BIASHARA BINAFSI,KARIBU NA MJI,50000
38-83-27-01,0123-001-001,TRACTOR HARROW,0,,NO,,,YES,1,M/BIASHARA BINAFSI,KARIBU NA MJI,0
59-55-68-20,0126-001-001,HAND HOE,3,9000,NO,,,YES,2,JIRANI,WILAYA NYINGINE,0
59-55-68-20,0126-001-001,OX PLOUGH,0,,NO,,,YES,2,"NYINGINE, TAJA",WILAYA NYINGINE,210000
59-55-68-20,0126-001-001,TRACTOR PLOUGH,0,,NO,,,YES,1,"NYINGINE, TAJA",WILAYA NYINGINE,360000
32-50-39-98,0126-001-003,HAND HOE,0,,NO,,,YES,4,"NYINGINE, TAJA",WILAYA NYINGINE,0
32-50-39-98,0126-001-003,TRACTOR PLOUGH,0,,NO,,,YES,1,M/BIASHARA BINAFSI,WILAYA NYINGINE,160000
20-77-46-74,0127-001-001,HAND HOE,1,3000,YES,YES,,NO,,,,
40-08-98-18,0127-003-001,HAND HOE,7,35000,YES,,,NO,,,,
87-27-18-80,0128-001-001,HAND HOE,5,2000,YES,,,NO,,,,
87-27-18-80,0128-001-001,TRACTOR PLOUGH,0,,NO,,,YES,1,"NYINGINE, TAJA",KARIBU NA MJI,100000
77-02-36-76,0129-001-001,HAND HOE,1,3000,YES,YES,,YES,1,JIRANI,NDANI YA KIJIJI/MJI,0
77-02-36-76,0129-001-001,TRACTOR PLOUGH,0,,NO,,,YES,1,NDUGU,NDANI YA KIJIJI/MJI,40000
77-02-36-76,0129-001-001,OTHER (SPECIFY),1,1000,YES,YES,,NO,,,,
18-53-46-11,0131-001-002,HAND HOE,6,1500,YES,,,NO,,,,
44-39-10-22,0134-001-001,HAND HOE,3,9000,YES,,,NO,,,,
49-77-74-54,0136-001-001,HAND HOE,5,25000,YES,,,NO,,,,
21-87-07-74,0137-001-001,HAND HOE,4,24000,YES,,,NO,,,,
91-46-77-86,0137-003-001,HAND HOE,3,15000,YES,,,NO,,,,
91-46-77-86,0137-003-001,TRACTOR PLOUGH,0,,NO,,,YES,1,M/BIASHARA BINAFSI,KARIBU NA MJI,405000
91-46-77-86,0137-003-001,TRACTOR HARROW,0,,NO,,,YES,1,M/BIASHARA BINAFSI,KARIBU NA MJI,0
96-40-12-40,0138-002-001,HAND HOE,1,1000,YES,YES,,NO,,,,
96-40-12-40,0138-002-001,TRACTOR PLOUGH,0,,NO,,,YES,1,M/BIASHARA BINAFSI,WILAYA NYINGINE,50000
96-40-12-40,0138-002-001,TRACTOR HARROW,0,,NO,,,YES,1,M/BIASHARA BINAFSI,WILAYA NYINGINE,0
51-16-04-26,0139-001-001,HAND HOE,2,6000,YES,,,YES,1,JIRANI,NDANI YA KIJIJI/MJI,0
78-88-97-43,0140-002-001,HAND HOE,4,3000,YES,,,NO,,,,
43-41-40-08,0142-001-001,HAND HOE,1,3000,YES,YES,,NO,,,,
43-41-40-08,0142-001-001,OTHER (SPECIFY),1,2000,YES,YES,,NO,,,,
93-57-90-59,0142-002-002,HAND HOE,2,14000,YES,,,NO,,,,
45-56-78-16,0142-006-001,HAND HOE,3,15000,YES,,,NO,,,,
76-14-00-21,0142-006-002,HAND HOE,1,7000,YES,YES,,NO,,,,
70-42-29-42,0143-001-001,HAND HOE,4,12000,YES,,,NO,,,,
70-42-29-42,0143-001-001,OTHER (SPECIFY),2,3000,YES,,,NO,,,,
30-35-00-07,0144-001-001,HAND HOE,1,2000,YES,NO,NO NEED FOR ONE,NO,,,,
64-63-77-61,0146-001-007,HAND HOE,1,5000,YES,YES,,NO,,,,
55-93-34-62,0149-001-002,HAND HOE,1,2000,YES,NO,NO NEED FOR ONE,NO,,,,
42-47-45-53,0149-001-009,HAND HOE,1,2000,YES,YES,,NO,,,,
10-44-19-68,0154-001-001,HAND HOE,1,6000,YES,YES,,YES,1,JIRANI,NDANI YA KIJIJI/MJI,0
88-54-76-45,0159-001-002,HAND HOE,4,20000,YES,,,NO,,,,
22-99-30-42,0159-001-003,HAND HOE,3,12000,YES,,,NO,,,,
72-54-77-52,0168-002-001,HAND HOE,2,8000,YES,,,NO,,,,
88-48-93-24,0174-002-003,HAND HOE,4,20000,YES,,,NO,,,,
88-48-93-24,0174-002-003,TRACTOR PLOUGH,0,,NO,,,YES,1,M/BIASHARA BINAFSI,NDANI YA KIJIJI/MJI,200000
88-48-93-24,0174-002-003,TRACTOR HARROW,0,,NO,,,YES,1,M/BIASHARA BINAFSI,NDANI YA KIJIJI/MJI,50000
80-93-48-57,0177-001-001,HAND HOE,1,5000,YES,YES,,NO,,,,
36-54-74-87,0180-001-007,HAND HOE,4,16000,YES,,,NO,,,,
36-54-74-87,0180-001-007,HAND-POWERED SPRAYER,0,,NO,,,YES,1,RAFIKI,NDANI YA KIJIJI/MJI,0
36-54-74-87,0180-001-007,TRACTOR PLOUGH,0,,NO,,,YES,1,M/BIASHARA BINAFSI,KARIBU NA KIJIJI,560000
36-54-74-87,0180-001-007,TRACTOR HARROW,0,,NO,,,YES,1,M/BIASHARA BINAFSI,KARIBU NA KIJIJI,0
82-20-98-85,0183-002-001,HAND HOE,2,4000,YES,,,NO,,,,
82-20-98-85,0183-002-001,TRACTOR PLOUGH,0,,NO,,,YES,1,"NYINGINE, TAJA",KARIBU NA KIJIJI,12000
93-13-13-82,0183-002-003,HAND HOE,2,10000,YES,,,NO,,,,
93-13-13-82,0183-002-003,TRACTOR PLOUGH,0,,NO,,,YES,1,M/BIASHARA BINAFSI,NDANI YA KIJIJI/MJI,80000
93-13-13-82,0183-002-003,TRACTOR HARROW,0,,NO,,,YES,1,M/BIASHARA BINAFSI,NDANI YA KIJIJI/MJI,0
22-19-42-39,0188-001-001,HAND HOE,7,69000,NO,,,NO,,,,
22-19-42-39,0188-001-001,HAND-POWERED SPRAYER,1,2500,YES,NO,NO NEED FOR ONE,NO,,,,
22-19-42-39,0188-001-001,GERI CANS/DRUMS,1,170000,YES,YES,,NO,,,,
66-54-30-86,0195-001-001,HAND HOE,1,3000,YES,YES,,NO,,,,
56-90-38-75,0199-001-001,HAND HOE,2,4000,YES,,,NO,,,,
43-42-16-20,0199-008-001,HAND HOE,1,5000,YES,YES,,NO,,,,
84-55-32-10,0202-002-001,HAND HOE,1,3500,YES,YES,,NO,,,,
83-06-62-27,0208-004-001,HAND HOE,4,12000,YES,,,NO,,,,
83-06-62-27,0208-004-001,OTHER (SPECIFY),2,4000,YES,,,NO,,,,
80-82-58-54,0214-001-001,HAND HOE,1,4000,YES,YES,,NO,,,,
02-85-44-36,0217-002-001,HAND HOE,3,9000,YES,,,NO,,,,
58-92-13-43,0218-001-001,HAND HOE,1,5000,YES,YES,,NO,,,,
98-66-63-47,0219-001-001,HAND HOE,3,12000,YES,,,NO,,,,
32-61-13-34,0219-005-001,HAND HOE,2,15000,YES,,,NO,,,,
32-61-13-34,0219-005-001,TRACTOR PLOUGH,0,,NO,,,YES,1,M/BIASHARA BINAFSI,NDANI YA KIJIJI/MJI,80000
67-31-73-27,0223-001-001,HAND HOE,0,,NO,,,YES,3,JIRANI,KARIBU NA KIJIJI,0
36-07-10-97,0230-001-001,HAND HOE,2,12000,YES,,,NO,,,,
17-61-33-27,0231-001-001,HAND HOE,1,5000,YES,NO,NO NEED FOR ONE,NO,,,,
32-98-50-34,0232-001-001,HAND HOE,1,8000,YES,NO,NO NEED FOR ONE,NO,,,,
16-71-73-07,0233-001-001,HAND HOE,1,5000,YES,YES,,NO,,,,
88-13-25-26,0235-001-002,HAND HOE,1,6000,YES,NO,NO NEED FOR ONE,NO,,,,
93-28-19-25,0236-005-001,HAND HOE,3,15000,YES,,,NO,,,,
99-85-97-80,0242-001-001,HAND HOE,4,20000,YES,,,NO,,,,
99-85-97-80,0242-001-001,HAND-POWERED SPRAYER,1,70000,YES,YES,,NO,,,,
05-26-99-01,0243-001-001,HAND HOE,1,3000,YES,NO,NO NEED FOR ONE,NO,,,,
21-44-88-45,0244-001-001,HAND HOE,1,8000,YES,YES,,NO,,,,
29-56-58-07,0249-001-001,HAND HOE,3,3000,YES,,,NO,,,,
47-43-87-43,0251-001-001,HAND HOE,1,4000,YES,YES,,NO,,,,
66-44-07-30,0255-001-001,HAND HOE,1,4500,YES,YES,,NO,,,,
42-84-07-76,0255-001-009,HAND HOE,1,5000,YES,YES,,NO,,,,
42-84-07-76,0255-001-009,HAND-POWERED SPRAYER,1,270000,YES,NO,NO NEED FOR ONE,NO,,,,
42-84-07-76,0255-001-009,TRACTOR PLOUGH,0,,NO,,,YES,1,M/BIASHARA BINAFSI,KARIBU NA MJI,140000
42-84-07-76,0255-001-009,TRACTOR HARROW,0,,NO,,,YES,1,M/BIASHARA BINAFSI,KARIBU NA KIJIJI,0
56-73-22-28,0257-001-001,HAND HOE,1,5000,YES,NO,NO NEED FOR ONE,NO,,,,
12-03-97-45,0260-001-001,HAND HOE,1,6000,YES,NO,NO NEED FOR ONE,NO,,,,
89-92-90-61,0263-001-001,HAND HOE,2,10000,YES,,,NO,,,,
72-76-27-22,0264-001-001,HAND HOE,1,4000,YES,NO,NO NEED FOR ONE,NO,,,,
21-28-91-77,0266-001-001,HAND HOE,3,12000,YES,,,NO,,,,
21-28-91-77,0266-001-001,TRACTOR PLOUGH,0,,NO,,,YES,1,M/BIASHARA BINAFSI,NDANI YA KIJIJI/MJI,80000
21-28-91-77,0266-001-001,TRACTOR HARROW,0,,NO,,,YES,1,M/BIASHARA BINAFSI,NDANI YA KIJIJI/MJI,20000
08-95-27-37,0267-001-001,HAND HOE,2,7000,YES,,,NO,,,,
61-93-73-52,0267-001-005,HAND HOE,1,5000,YES,YES,,NO,,,,
99-73-94-40,0268-001-001,HAND HOE,2,10000,YES,,,NO,,,,
88-55-89-02,0268-001-002,OTHER (SPECIFY),1,3000,YES,YES,,NO,,,,
07-15-41-44,0269-001-001,HAND HOE,1,6000,YES,NO,NO NEED FOR ONE,NO,,,,
32-61-54-24,0275-001-002,HAND HOE,5,20000,YES,,,NO,,,,
32-61-54-24,0275-001-002,OX PLOUGH,0,,NO,,,YES,4,JIRANI,NDANI YA KIJIJI/MJI,0
32-61-54-24,0275-001-002,OX SEED PLANTER,0,,NO,,,YES,1,JIRANI,NDANI YA KIJIJI/MJI,0
23-05-27-92,0279-006-001,HAND HOE,2,10000,YES,,,NO,,,,
80-17-56-66,0283-001-001,HAND HOE,1,4000,YES,YES,,NO,,,,
65-18-30-41,0292-001-001,HAND HOE,2,12000,YES,,,NO,,,,
62-38-02-67,0295-001-001,HAND HOE,3,15000,YES,,,NO,,,,
36-60-91-30,0296-001-002,HAND HOE,2,14000,YES,,,NO,,,,
01-12-50-30,0298-006-004,HAND HOE,1,3000,YES,YES,,YES,2,JIRANI,NDANI YA KIJIJI/MJI,0
01-12-50-30,0298-006-004,HAND-POWERED SPRAYER,1,40000,YES,NO,NO NEED FOR ONE,NO,,,,
81-68-55-28,0298-006-006,HAND HOE,3,4500,YES,,,YES,2,JIRANI,NDANI YA KIJIJI/MJI,0
50-08-76-82,0299-001-001,HAND HOE,2,10000,YES,,,NO,,,,
16-73-84-34,0300-001-001,HAND HOE,10,46000,YES,,,NO,,,,
88-95-31-32,0300-001-002,HAND HOE,3,15000,YES,,,NO,,,,
21-51-87-14,0301-001-001,HAND HOE,5,25000,YES,,,NO,,,,
21-51-87-14,0301-001-001,HAND-POWERED SPRAYER,0,,NO,,,YES,1,NDUGU,NDANI YA KIJIJI/MJI,0
49-07-66-40,0301-005-001,HAND HOE,3,9000,YES,,,NO,,,,
49-07-66-40,0301-005-001,OTHER (SPECIFY),1,5000,YES,YES,,NO,,,,
30-98-65-42,0302-001-001,HAND HOE,5,25000,YES,,,NO,,,,
66-47-83-10,0303-001-001,HAND HOE,2,10000,YES,,,NO,,,,
62-07-81-83,0304-001-001,HAND HOE,5,25000,YES,,,NO,,,,
69-04-27-82,0306-001-001,HAND HOE,2,10000,YES,,,NO,,,,
69-04-27-82,0306-001-001,HAND-POWERED SPRAYER,0,,NO,,,YES,1,NDUGU,NDANI YA KIJIJI/MJI,0
80-51-24-60,0307-001-001,HAND HOE,4,20000,YES,,,NO,,,,
80-51-24-60,0307-001-001,TRACTOR PLOUGH,0,,NO,,,YES,1,M/BIASHARA BINAFSI,NDANI YA KIJIJI/MJI,180000
80-51-24-60,0307-001-001,TRACTOR HARROW,0,,NO,,,YES,1,M/BIASHARA BINAFSI,NDANI YA KIJIJI/MJI,0
03-60-63-99,0308-001-001,HAND HOE,4,15000,YES,,,NO,,,,
03-60-63-99,0308-001-001,HAND-POWERED SPRAYER,1,45000,YES,YES,,NO,,,,
40-17-36-05,0310-001-001,HAND HOE,1,7000,YES,YES,,NO,,,,
55-61-56-57,0311-002-001,HAND HOE,2,16000,YES,,,NO,,,,
55-61-56-57,0311-002-001,HAND-POWERED SPRAYER,1,270000,YES,YES,,NO,,,,
98-25-23-09,0312-001-001,HAND HOE,1,4000,YES,YES,,NO,,,,
98-25-23-09,0312-001-001,HAND-POWERED SPRAYER,1,75000,NO,YES,,NO,,,,
61-31-47-40,0312-002-001,HAND HOE,2,14000,YES,,,NO,,,,
22-19-05-49,0313-001-001,HAND HOE,2,14000,YES,,,NO,,,,
61-15-16-96,0314-001-001,HAND HOE,4,20000,YES,,,NO,,,,
66-32-50-84,0314-001-005,HAND HOE,7,30000,YES,,,NO,,,,
66-32-50-84,0314-001-005,HAND-POWERED SPRAYER,1,400000,YES,YES,,NO,,,,
66-32-50-84,0314-001-005,TRACTOR PLOUGH,0,,NO,,,YES,1,M/BIASHARA BINAFSI,NDANI YA KIJIJI/MJI,70000
66-32-50-84,0314-001-005,TRACTOR HARROW,0,,NO,,,YES,1,M/BIASHARA BINAFSI,NDANI YA KIJIJI/MJI,0
53-55-68-22,0315-001-001,HAND HOE,3,12000,YES,,,NO,,,,
19-01-66-04,0315-001-006,HAND HOE,1,5000,YES,YES,,NO,,,,
33-84-24-00,0316-001-001,HAND HOE,3,12000,YES,,,NO,,,,
93-08-92-21,0317-002-001,HAND HOE,1,5000,YES,YES,,YES,1,NDUGU,NDANI YA KIJIJI/MJI,0
79-96-60-97,0319-001-001,HAND HOE,3,12000,YES,,,NO,,,,
79-96-60-97,0319-001-001,HAND-POWERED SPRAYER,1,30000,YES,NO,NO NEED FOR ONE,NO,,,,
70-01-42-10,0319-002-001,HAND HOE,4,30000,YES,,,NO,,,,
70-01-42-10,0319-002-001,HAND-POWERED SPRAYER,0,,NO,,,YES,1,RAFIKI,NDANI YA KIJIJI/MJI,10000
50-35-86-27,0320-001-001,HAND HOE,2,10000,YES,,,NO,,,,
87-02-55-58,0321-001-001,HAND HOE,3,15000,YES,,,NO,,,,
72-26-60-34,0322-001-001,HAND HOE,2,10000,YES,,,NO,,,,
72-26-60-34,0322-001-001,HAND-POWERED SPRAYER,0,,NO,,,YES,1,JIRANI,NDANI YA KIJIJI/MJI,0
18-58-75-31,0322-006-001,HAND HOE,2,8000,YES,,,NO,,,,
18-58-75-31,0322-006-001,HAND-POWERED SPRAYER,1,30000,YES,YES,,NO,,,,
52-03-88-73,0324-001-001,HAND HOE,3,15000,YES,,,NO,,,,
50-46-20-22,0325-002-001,HAND HOE,1,7000,YES,YES,,NO,,,,
75-47-93-54,0326-001-001,HAND HOE,2,11000,YES,,,NO,,,,
38-80-82-46,0327-001-001,HAND HOE,2,10000,YES,,,YES,1,NDUGU,NDANI YA KIJIJI/MJI,0
88-15-45-24,0328-001-001,HAND HOE,3,15000,YES,,,NO,,,,
24-39-40-17,0329-001-001,HAND HOE,3,12000,YES,,,NO,,,,
79-72-16-28,0330-001-001,HAND HOE,2,7000,YES,,,NO,,,,
38-57-13-13,0331-001-001,HAND HOE,2,12000,YES,,,NO,,,,
62-23-66-59,0332-004-001,HAND HOE,4,40000,YES,,,NO,,,,
62-23-66-59,0332-004-001,HAND-POWERED SPRAYER,1,280000,YES,YES,,NO,,,,
90-12-94-91,0335-001-001,HAND HOE,6,24000,YES,,,NO,,,,
90-12-94-91,0335-001-001,HAND-POWERED SPRAYER,2,700000,YES,,,NO,,,,
59-32-89-82,0336-001-001,HAND HOE,1,5000,YES,YES,,YES,1,NDUGU,NDANI YA KIJIJI/MJI,0
95-97-57-76,0337-001-001,HAND HOE,3,12000,YES,,,NO,,,,
95-97-57-76,0337-001-001,HAND-POWERED SPRAYER,0,,NO,,,YES,1,JIRANI,NDANI YA KIJIJI/MJI,0
95-97-57-76,0337-001-001,FARM BUILDINGS/STORAGE FACILITIES,1,10000,YES,YES,,NO,,,,
79-32-59-15,0337-003-001,HAND HOE,2,10000,YES,,,NO,,,,
57-22-81-69,0338-001-001,HAND HOE,2,8000,YES,,,NO,,,,
58-48-25-77,0339-001-001,HAND HOE,3,3000,YES,,,NO,,,,
58-48-25-77,0339-001-001,OX PLOUGH,0,,NO,,,YES,2,JIRANI,NDANI YA KIJIJI/MJI,100000
58-48-25-77,0339-001-001,OX SEED PLANTER,0,,NO,,,YES,1,JIRANI,NDANI YA KIJIJI/MJI,0
09-00-90-33,0340-001-001,HAND HOE,3,9000,YES,,,NO,,,,
42-32-57-47,0342-001-001,HAND HOE,2,14000,YES,,,NO,,,,
50-97-33-57,0344-001-001,HAND HOE,1,10000,YES,YES,,NO,,,,
26-84-97-44,0346-001-001,HAND HOE,2,7000,YES,,,NO,,,,
33-87-72-22,0347-001-001,HAND HOE,3,10500,YES,,,NO,,,,
33-87-72-22,0347-001-001,HAND-POWERED SPRAYER,0,,NO,,,YES,1,JIRANI,NDANI YA KIJIJI/MJI,50000
27-37-98-68,0348-001-001,HAND HOE,4,20000,YES,,,NO,,,,
62-47-27-99,0348-001-005,HAND HOE,2,10000,YES,,,NO,,,,
03-38-40-57,0349-001-001,HAND HOE,1,5000,YES,NO,NO NEED FOR ONE,NO,,,,
83-73-69-11,0350-001-001,HAND HOE,3,15000,YES,,,NO,,,,
83-73-69-11,0350-001-001,TRACTOR PLOUGH,0,,NO,,,YES,1,JIRANI,NDANI YA KIJIJI/MJI,210000
83-73-69-11,0350-001-001,TRACTOR HARROW,0,,NO,,,YES,1,JIRANI,NDANI YA KIJIJI/MJI,0
05-53-86-21,0351-001-001,HAND HOE,2,12000,YES,,,NO,,,,
62-06-81-29,0352-001-001,HAND HOE,4,28000,YES,,,NO,,,,
52-06-17-29,0353-001-001,HAND HOE,1,4000,YES,YES,,NO,,,,
78-10-03-87,0356-001-001,HAND HOE,2,10000,YES,,,NO,,,,
74-58-85-63,0357-001-001,HAND HOE,6,18000,YES,,,NO,,,,
16-56-85-66,0357-003-001,HAND HOE,3,16000,YES,,,NO,,,,
81-04-99-31,0358-001-001,HAND HOE,1,3000,YES,YES,,YES,1,JIRANI,NDANI YA KIJIJI/MJI,0
57-01-29-66,0359-001-001,HAND HOE,3,15000,YES,,,NO,,,,
34-32-29-13,0360-001-001,HAND HOE,2,6000,YES,,,NO,,,,
34-32-29-13,0360-001-001,HAND-POWERED SPRAYER,0,,NO,,,YES,1,RAFIKI,NDANI YA KIJIJI/MJI,20000
75-12-65-48,0361-001-001,HAND HOE,1,5000,YES,YES,,NO,,,,
05-93-71-40,0362-001-001,HAND HOE,3,15000,YES,,,NO,,,,
82-38-78-50,0363-003-001,HAND HOE,3,15000,YES,,,NO,,,,
16-25-69-84,0364-001-001,HAND HOE,2,10000,YES,,,NO,,,,
98-93-28-99,0367-001-001,HAND HOE,6,36000,YES,,,NO,,,,
98-93-28-99,0367-001-001,TRACTOR PLOUGH,0,,NO,,,YES,1,M/BIASHARA BINAFSI,KARIBU NA KIJIJI,210000
98-93-28-99,0367-001-001,TRACTOR HARROW,0,,NO,,,YES,1,M/BIASHARA BINAFSI,KARIBU NA KIJIJI,0
72-02-74-10,0368-001-001,HAND HOE,1,5000,YES,NO,NO NEED FOR ONE,NO,,,,
37-91-82-56,0369-001-001,HAND HOE,4,16000,YES,,,NO,,,,
37-91-82-56,0369-001-001,HAND-POWERED SPRAYER,0,,NO,,,YES,1,RAFIKI,NDANI YA KIJIJI/MJI,27000
05-20-75-51,0370-001-001,HAND HOE,2,10000,YES,,,NO,,,,
73-64-57-68,0373-001-001,HAND HOE,6,30000,YES,,,NO,,,,
73-64-57-68,0373-001-001,TRACTOR PLOUGH,0,,NO,,,YES,1,M/BIASHARA BINAFSI,NDANI YA KIJIJI/MJI,90000
73-64-57-68,0373-001-001,TRACTOR HARROW,0,,NO,,,YES,1,M/BIASHARA BINAFSI,NDANI YA KIJIJI/MJI,0
14-25-57-80,0376-001-001,HAND HOE,1,6000,YES,NO,NO NEED FOR ONE,NO,,,,
87-29-04-68,0377-001-001,HAND HOE,2,9000,YES,,,NO,,,,
88-99-03-66,0378-003-001,HAND HOE,2,7000,YES,,,NO,,,,
53-65-82-49,0380-001-001,HAND HOE,1,5000,YES,NO,NO NEED FOR ONE,NO,,,,
80-78-20-03,0381-001-002,HAND HOE,3,6000,YES,,,NO,,,,
11-13-08-42,0386-001-001,HAND HOE,3,15000,YES,,,NO,,,,
11-13-08-42,0386-001-001,HAND-POWERED SPRAYER,0,,NO,,,YES,1,JIRANI,NDANI YA KIJIJI/MJI,39200
90-22-50-43,0387-001-001,HAND HOE,2,10000,YES,,,NO,,,,
90-22-50-43,0387-001-001,HAND-POWERED SPRAYER,0,,NO,,,YES,1,JIRANI,NDANI YA KIJIJI/MJI,1000
41-18-85-21,0388-001-001,HAND HOE,2,12000,YES,,,NO,,,,
43-97-80-50,0389-001-001,HAND HOE,8,24000,YES,,,NO,,,,
43-97-80-50,0389-001-001,HAND-POWERED SPRAYER,1,120000,YES,YES,,NO,,,,
49-08-86-51,0389-001-002,HAND HOE,0,,NO,,,YES,2,JIRANI,NDANI YA KIJIJI/MJI,0
98-73-14-89,0390-001-001,HAND HOE,3,15000,YES,,,NO,,,,
98-73-14-89,0390-001-001,HAND-POWERED SPRAYER,0,,NO,,,YES,1,JIRANI,NDANI YA KIJIJI/MJI,0
77-89-92-35,0391-001-001,HAND HOE,10,50000,YES,,,NO,,,,
77-89-92-35,0391-001-001,HAND-POWERED SPRAYER,1,480000,YES,YES,,NO,,,,
77-89-92-35,0391-001-001,TRACTOR PLOUGH,0,,NO,,,YES,1,M/BIASHARA BINAFSI,NDANI YA KIJIJI/MJI,160000
77-89-92-35,0391-001-001,TRACTOR HARROW,0,,NO,,,YES,1,M/BIASHARA BINAFSI,NDANI YA KIJIJI/MJI,0
42-04-98-59,0392-001-002,HAND HOE,2,9000,YES,,,NO,,,,
42-04-98-59,0392-001-002,HAND-POWERED SPRAYER,0,,NO,,,YES,1,JIRANI,NDANI YA KIJIJI/MJI,0
91-52-62-82,0393-001-001,HAND HOE,3,9000,YES,,,NO,,,,
91-52-62-82,0393-001-001,HAND-POWERED SPRAYER,0,,NO,,,YES,1,RAFIKI,NDANI YA KIJIJI/MJI,0
68-78-67-09,0393-002-001,HAND HOE,1,5000,YES,YES,,NO,,,,
68-78-67-09,0393-002-001,HAND-POWERED SPRAYER,0,,NO,,,YES,1,JIRANI,NDANI YA KIJIJI/MJI,20000
59-34-76-55,0394-001-001,HAND HOE,3,15000,YES,,,NO,,,,
59-34-76-55,0394-001-001,HAND-POWERED SPRAYER,0,,NO,,,YES,1,NDUGU,NDANI YA KIJIJI/MJI,0
07-50-77-12,0395-001-001,HAND HOE,5,25000,YES,,,NO,,,,
36-58-37-13,0395-001-006,HAND HOE,2,80000,YES,,,YES,3,NDUGU,NDANI YA KIJIJI/MJI,0
36-58-37-13,0395-001-006,OTHER (SPECIFY),1,5000,YES,YES,,NO,,,,
47-39-84-55,0396-001-001,HAND HOE,2,8000,YES,,,NO,,,,
41-77-08-50,0397-001-001,HAND HOE,4,20000,YES,,,NO,,,,
26-73-74-39,0398-001-001,HAND HOE,1,4000,YES,YES,,NO,,,,
72-00-98-96,0398-001-002,HAND HOE,2,10000,YES,,,NO,,,,
72-00-98-96,0398-001-002,HAND-POWERED SPRAYER,0,,NO,,,YES,1,NDUGU,NDANI YA KIJIJI/MJI,0
46-80-56-01,0398-001-003,HAND HOE,2,10000,YES,,,NO,,,,
05-84-71-82,0398-001-005,HAND HOE,4,20000,YES,,,NO,,,,
75-52-50-40,0399-001-001,HAND HOE,6,30000,YES,,,NO,,,,
80-55-95-04,0400-001-001,HAND HOE,2,4500,YES,,,NO,,,,
65-75-62-15,0401-001-001,HAND HOE,4,16000,YES,,,NO,,,,
96-25-62-36,0402-001-002,HAND HOE,2,10000,YES,,,NO,,,,
74-17-85-60,0402-001-003,HAND HOE,0,,NO,,,YES,2,NDUGU,NDANI YA KIJIJI/MJI,0
75-24-28-19,0403-001-001,HAND HOE,5,20000,YES,,,NO,,,,
75-24-28-19,0403-001-001,HAND-POWERED SPRAYER,0,,NO,,,YES,1,JIRANI,NDANI YA KIJIJI/MJI,0
23-48-39-75,0404-001-001,HAND HOE,3,15000,YES,,,NO,,,,
71-97-65-36,0405-001-001,HAND HOE,3,10000,YES,,,NO,,,,
05-05-31-11,0405-003-001,HAND HOE,1,7500,YES,YES,,YES,1,JIRANI,NDANI YA KIJIJI/MJI,0
75-14-26-71,0406-001-001,HAND HOE,3,21000,YES,,,NO,,,,
90-30-68-35,0407-001-001,HAND HOE,4,20000,YES,,,NO,,,,
51-68-01-74,0408-001-001,HAND HOE,5,10000,YES,,,NO,,,,
51-68-01-74,0408-001-001,OTHER (SPECIFY),2,4000,YES,,,NO,,,,
45-60-97-69,0409-001-001,HAND HOE,5,15000,YES,,,NO,,,,
45-60-97-69,0409-001-001,HAND-POWERED SPRAYER,0,,NO,,,YES,1,JIRANI,NDANI YA KIJIJI/MJI,0
98-64-80-85,0411-001-001,HAND HOE,7,21000,YES,,,NO,,,,
98-64-80-85,0411-001-001,HAND-POWERED SPRAYER,0,,NO,,,YES,1,NDUGU,NDANI YA KIJIJI/MJI,0
17-95-98-51,0412-001-001,HAND HOE,2,10000,YES,,,NO,,,,
20-06-16-32,0414-001-001,HAND HOE,4,12000,YES,,,NO,,,,
99-47-44-47,0415-002-001,HAND HOE,3,12000,YES,,,NO,,,,
32-54-64-43,0416-001-001,HAND HOE,6,36000,YES,,,NO,,,,
61-37-92-17,0418-001-001,HAND HOE,4,22000,YES,,,NO,,,,
26-99-70-78,0419-001-001,HAND HOE,4,20000,YES,,,NO,,,,
29-39-31-65,0420-001-001,HAND HOE,2,10000,YES,,,NO,,,,
70-43-28-26,0420-001-003,HAND HOE,2,10000,YES,,,NO,,,,
53-51-88-47,0421-001-001,HAND HOE,3,12000,YES,,,NO,,,,
52-26-67-08,0421-001-002,HAND HOE,2,7500,YES,,,NO,,,,
64-07-55-27,0422-106-001,HAND HOE,5,10000,YES,,,NO,,,,
56-15-63-11,0424-001-001,HAND HOE,3,15000,YES,,,NO,,,,
79-86-35-12,0425-001-001,HAND HOE,3,9000,YES,,,NO,,,,
56-01-92-97,0426-001-001,HAND HOE,2,8000,YES,,,NO,,,,
73-36-66-15,0427-001-001,HAND HOE,6,12000,YES,,,NO,,,,
19-76-84-95,0428-001-001,HAND HOE,1,5000,YES,YES,,NO,,,,
46-28-63-44,0430-002-001,HAND HOE,2,8000,YES,,,NO,,,,
32-32-47-74,0431-001-001,HAND HOE,2,6000,YES,,,NO,,,,
20-19-96-28,0432-001-001,HAND HOE,2,8000,YES,,,NO,,,,
38-89-22-03,0435-001-001,HAND HOE,1,3000,YES,NO,NO NEED FOR ONE,NO,,,,
89-59-90-58,0436-001-001,HAND HOE,2,6000,YES,,,NO,,,,
60-87-75-28,0436-002-001,HAND HOE,2,4000,YES,,,NO,,,,
03-49-85-68,0437-001-001,HAND HOE,2,10000,YES,,,NO,,,,
03-49-85-68,0437-001-001,OTHER (SPECIFY),1,3000,YES,YES,,NO,,,,
40-38-17-08,0438-001-002,HAND HOE,3,10000,YES,,,NO,,,,
32-43-99-10,0438-002-001,HAND HOE,0,,NO,,,YES,1,JIRANI,NDANI YA KIJIJI/MJI,0
39-42-81-55,0439-001-001,HAND HOE,2,8000,YES,,,NO,,,,
31-07-58-53,0441-001-001,HAND HOE,2,10000,YES,,,NO,,,,
05-88-93-30,0443-001-001,HAND HOE,2,10000,YES,,,NO,,,,
62-63-62-03,0443-003-002,HAND HOE,1,6000,YES,NO,NO NEED FOR ONE,NO,,,,
50-82-03-42,0444-001-001,HAND HOE,3,3000,YES,,,NO,,,,
65-60-88-82,0444-002-001,HAND HOE,2,12000,YES,,,NO,,,,
73-77-71-52,0445-001-002,HAND HOE,4,16000,YES,,,NO,,,,
86-47-16-30,0447-001-001,HAND HOE,1,4000,YES,YES,,NO,,,,
57-69-67-98,0449-001-001,HAND HOE,4,20000,YES,,,NO,,,,
27-74-78-37,0449-001-003,HAND HOE,2,8000,YES,,,NO,,,,
10-67-74-98,0451-001-001,HAND HOE,1,5000,YES,YES,,YES,3,NDUGU,NDANI YA KIJIJI/MJI,0
80-39-97-04,0455-001-001,HAND HOE,7,35000,YES,,,NO,,,,
80-39-97-04,0455-001-001,OX PLOUGH,0,,NO,,,YES,2,M/BIASHARA BINAFSI,KARIBU NA MJI,50000
08-66-17-10,0456-001-001,HAND HOE,2,4000,YES,,,NO,,,,
74-23-57-59,0457-001-001,HAND HOE,3,15000,YES,,,NO,,,,
74-23-57-59,0457-001-001,HAND-POWERED SPRAYER,2,100000,YES,,,NO,,,,
74-23-57-59,0457-001-001,HAND MILL/GRINDER,0,,NO,,,YES,1,M/BIASHARA BINAFSI,KARIBU NA KIJIJI,6000
79-92-81-05,0459-001-001,HAND HOE,5,30000,YES,,,NO,,,,
79-92-81-05,0459-001-001,HAND-POWERED SPRAYER,2,40000,NO,,,YES,1,MWAJIRI,KARIBU NA MJI,0
79-92-81-05,0459-001-001,HAND MILL/GRINDER,0,,YES,,,YES,1,RAFIKI,KARIBU NA KIJIJI,225000
19-61-19-60,0460-001-001,HAND HOE,2,12000,YES,,,NO,,,,
10-58-95-87,0461-001-001,HAND HOE,2,10000,YES,,,NO,,,,
28-80-80-37,0463-001-001,HAND HOE,4,9000,YES,,,NO,,,,
28-80-80-37,0463-001-001,TRACTOR PLOUGH,0,,NO,,,YES,1,M/BIASHARA BINAFSI,KARIBU NA MJI,160000
28-80-80-37,0463-001-001,TRACTOR HARROW,0,,NO,,,YES,1,M/BIASHARA BINAFSI,KARIBU NA MJI,0
88-82-54-67,0464-001-001,HAND HOE,3,18000,YES,,,NO,,,,
88-82-54-67,0464-001-001,HAND-POWERED SPRAYER,0,,NO,,,YES,1,SHAMBA KUBWA,MKOA MWINGINE,30000
88-59-03-40,0465-001-001,HAND HOE,2,10000,YES,,,NO,,,,
54-47-99-19,0465-001-002,HAND HOE,1,2500,YES,YES,,NO,,,,
00-59-19-34,0466-001-001,HAND HOE,5,15000,YES,,,NO,,,,
00-59-19-34,0466-001-001,HAND-POWERED SPRAYER,0,,YES,,,YES,1,NDUGU,NDANI YA KIJIJI/MJI,0
00-59-19-34,0466-001-001,TRACTOR PLOUGH,0,,NO,,,YES,1,M/BIASHARA BINAFSI,KARIBU NA MJI,50000
00-59-19-34,0466-001-001,TRACTOR HARROW,0,,NO,,,YES,1,M/BIASHARA BINAFSI,KARIBU NA MJI,0
44-15-41-02,0467-001-002,HAND HOE,6,30000,YES,,,NO,,,,
64-34-17-13,0467-001-003,HAND HOE,1,4000,YES,YES,,NO,,,,
35-25-01-93,0468-001-001,HAND HOE,5,15000,YES,,,NO,,,,
35-25-01-93,0468-001-001,HAND-POWERED SPRAYER,0,,NO,,,YES,1,JIRANI,NDANI YA KIJIJI/MJI,6000
28-12-55-49,0469-001-001,HAND HOE,5,20000,YES,,,NO,,,,
42-91-86-83,0469-001-003,HAND HOE,4,15000,YES,,,NO,,,,
70-27-93-09,0469-001-004,HAND HOE,0,,NO,,,YES,1,JIRANI,NDANI YA KIJIJI/MJI,0
99-52-82-56,0470-001-001,HAND HOE,3,15000,YES,,,NO,,,,
01-20-50-14,0471-001-001,HAND HOE,2,15000,YES,,,NO,,,,
01-20-50-14,0471-001-001,HAND-POWERED SPRAYER,1,30000,YES,YES,,NO,,,,
38-25-53-03,0472-001-001,HAND HOE,1,8000,YES,YES,,YES,1,JIRANI,NDANI YA KIJIJI/MJI,0
38-25-53-03,0472-001-001,FARM BUILDINGS/STORAGE FACILITIES,1,40000,YES,YES,,NO,,,,
73-12-47-39,0473-001-001,HAND HOE,2,8000,YES,,,NO,,,,
05-32-96-07,0474-001-001,HAND HOE,3,36000,YES,,,NO,,,,
90-68-34-99,0475-001-001,HAND HOE,1,10000,YES,YES,,NO,,,,
65-14-41-78,0475-001-002,HAND HOE,1,5000,YES,YES,,NO,,,,
78-45-68-39,0476-001-001,HAND HOE,3,30000,YES,,,NO,,,,
72-03-92-77,0477-001-001,HAND HOE,3,15000,YES,,,NO,,,,
72-03-92-77,0477-001-001,FARM BUILDINGS/STORAGE FACILITIES,1,100000,YES,YES,,NO,,,,
94-04-57-79,0478-001-001,HAND HOE,2,20000,YES,,,NO,,,,
94-62-16-61,0479-001-001,HAND HOE,2,14000,YES,,,NO,,,,
94-62-16-61,0479-001-001,FARM BUILDINGS/STORAGE FACILITIES,1,25000,YES,YES,,NO,,,,
44-86-40-50,0481-001-001,HAND HOE,4,20000,NO,,,NO,,,,
25-23-86-61,0483-001-001,HAND HOE,2,8000,YES,,,NO,,,,
29-78-41-94,0484-001-001,HAND HOE,2,20000,YES,,,NO,,,,
67-76-38-68,0485-001-002,HAND HOE,2,8000,YES,,,NO,,,,
92-10-23-86,0486-001-001,HAND HOE,2,10000,YES,,,NO,,,,
47-36-77-75,0486-001-002,HAND HOE,2,12000,YES,,,NO,,,,
06-58-60-31,0487-001-001,HAND HOE,2,4000,YES,,,NO,,,,
68-66-69-90,0488-002-001,HAND HOE,2,4000,YES,,,NO,,,,
68-66-69-90,0488-002-001,HAND-POWERED SPRAYER,0,,NO,,,YES,1,JIRANI,NDANI YA KIJIJI/MJI,0
66-18-09-29,0489-001-001,HAND HOE,2,20000,YES,,,YES,2,NDUGU,NDANI YA KIJIJI/MJI,0
24-04-32-53,0490-001-001,HAND HOE,1,10000,YES,YES,,NO,,,,
24-04-32-53,0490-001-001,FARM BUILDINGS/STORAGE FACILITIES,1,5000,YES,YES,,NO,,,,
61-73-23-72,0491-001-001,HAND HOE,1,4000,YES,YES,,NO,,,,
61-73-23-72,0491-001-001,HAND MILL/GRINDER,0,,NO,,,YES,1,JIRANI,NDANI YA KIJIJI/MJI,10000
53-31-43-03,0491-001-002,HAND HOE,2,8000,YES,,,NO,,,,
75-89-58-82,0491-001-003,HAND HOE,0,,NO,,,YES,2,NDUGU,KARIBU NA KIJIJI,0
79-64-69-56,0491-001-004,HAND HOE,0,,NO,,,YES,2,"NYINGINE, TAJA",NDANI YA KIJIJI/MJI,0
79-64-69-56,0491-001-004,HAND-POWERED SPRAYER,0,,NO,,,YES,1,RAFIKI,KARIBU NA KIJIJI,0
76-15-29-53,0491-002-001,HAND HOE,1,8000,YES,YES,,NO,,,,
76-15-29-53,0491-002-001,HAND-POWERED SPRAYER,0,,NO,,,YES,1,JIRANI,NDANI YA KIJIJI/MJI,0
68-73-60-31,0491-003-001,HAND HOE,1,5000,YES,YES,,NO,,,,
68-73-60-31,0491-003-001,HAND-POWERED SPRAYER,0,,NO,,,YES,1,NDUGU,KARIBU NA KIJIJI,0
68-73-60-31,0491-003-001,GERI CANS/DRUMS,0,,NO,,,YES,1,NDUGU,KARIBU NA KIJIJI,0
00-55-08-95,0491-004-001,HAND HOE,2,13000,YES,,,NO,,,,
00-55-08-95,0491-004-001,HAND-POWERED SPRAYER,0,,NO,,,YES,0,JIRANI,NDANI YA KIJIJI/MJI,0
20-63-33-06,0492-001-001,HAND HOE,6,6000,YES,,,NO,,,,
69-69-83-72,0493-001-001,HAND HOE,2,6000,YES,,,NO,,,,
69-69-83-72,0493-001-001,OX PLOUGH,4,1600000,NO,,,YES,4,NDUGU,NDANI YA KIJIJI/MJI,0
69-69-83-72,0493-001-001,OX SEED PLANTER,1,100000,YES,YES,,NO,,,,
47-92-40-90,0494-001-001,HAND HOE,4,12000,YES,,,NO,,,,
47-92-40-90,0494-001-001,OX PLOUGH,1,400000,YES,YES,,YES,3,RAFIKI,NDANI YA KIJIJI/MJI,0
47-92-40-90,0494-001-001,OX SEED PLANTER,1,50000,YES,YES,,NO,,,,
94-84-76-53,0494-105-001,HAND HOE,3,15000,YES,,,NO,,,,
94-84-76-53,0494-105-001,HAND-POWERED SPRAYER,0,,NO,,,YES,1,JIRANI,NDANI YA KIJIJI/MJI,0
94-84-76-53,0494-105-001,OX PLOUGH,4,2400000,YES,,,NO,,,,
94-84-76-53,0494-105-001,OX SEED PLANTER,1,70000,YES,YES,,NO,,,,
24-90-97-55,0495-001-001,HAND HOE,2,6000,YES,,,NO,,,,
24-90-97-55,0495-001-001,OX SEED PLANTER,1,50000,YES,YES,,NO,,,,
85-40-12-14,0496-001-002,HAND HOE,3,3000,YES,,,NO,,,,
85-40-12-14,0496-001-002,OX PLOUGH,1,600000,YES,YES,,YES,3,NDUGU,NDANI YA KIJIJI/MJI,0
85-40-12-14,0496-001-002,OX SEED PLANTER,0,,NO,,,YES,1,NDUGU,NDANI YA KIJIJI/MJI,0
82-96-20-56,0497-001-001,HAND HOE,3,6000,YES,,,NO,,,,
82-96-20-56,0497-001-001,OX SEED PLANTER,1,200000,YES,YES,,NO,,,,
58-25-83-45,0497-001-003,HAND HOE,2,8000,YES,,,NO,,,,
58-25-83-45,0497-001-003,HAND-POWERED SPRAYER,0,,NO,,,YES,1,JIRANI,NDANI YA KIJIJI/MJI,0
58-25-83-45,0497-001-003,OX PLOUGH,0,,NO,,,YES,2,NDUGU,NDANI YA KIJIJI/MJI,0
58-25-83-45,0497-001-003,OX SEED PLANTER,0,,NO,,,YES,1,NDUGU,NDANI YA KIJIJI/MJI,0
86-35-99-27,0498-001-001,HAND HOE,3,9000,YES,,,NO,,,,
85-30-11-93,0498-001-006,HAND HOE,4,24000,YES,,,NO,,,,
85-30-11-93,0498-001-006,OX PLOUGH,0,,NO,,,YES,8,JIRANI,NDANI YA KIJIJI/MJI,30000
85-30-11-93,0498-001-006,OX SEED PLANTER,0,,NO,,,YES,2,JIRANI,NDANI YA KIJIJI/MJI,0
24-45-26-49,0498-004-001,HAND HOE,2,10000,YES,,,NO,,,,
24-45-26-49,0498-004-001,OX SEED PLANTER,1,70000,NO,YES,,YES,1,NDUGU,NDANI YA KIJIJI/MJI,10000
31-15-31-20,0499-001-001,HAND HOE,5,15000,YES,,,NO,,,,
31-15-31-20,0499-001-001,OTHER (SPECIFY),1,4000,YES,YES,,NO,,,,
51-60-75-13,0499-001-004,HAND HOE,4,12000,YES,,,NO,,,,
98-78-01-38,0499-004-002,HAND HOE,3,4000,YES,,,NO,,,,
98-78-01-38,0499-004-002,HAND-POWERED SPRAYER,1,40000,YES,YES,,NO,,,,
98-78-01-38,0499-004-002,OX PLOUGH,4,2000000,YES,,,NO,,,,
98-78-01-38,0499-004-002,OX SEED PLANTER,1,60000,YES,YES,,NO,,,,
66-76-23-69,0500-001-001,HAND HOE,2,8000,YES,,,NO,,,,
66-76-23-69,0500-001-001,OX PLOUGH,0,,NO,,,YES,4,JIRANI,NDANI YA KIJIJI/MJI,60000
66-76-23-69,0500-001-001,OX SEED PLANTER,0,,NO,,,YES,1,JIRANI,NDANI YA KIJIJI/MJI,0
81-34-91-83,0501-001-001,HAND HOE,2,10000,YES,,,NO,,,,
81-34-91-83,0501-001-001,OX PLOUGH,2,700000,YES,,,YES,2,NDUGU,NDANI YA KIJIJI/MJI,0
81-34-91-83,0501-001-001,OX SEED PLANTER,1,60000,YES,YES,,NO,,,,
81-34-91-83,0501-001-001,TRACTOR,1,300000,YES,YES,,NO,,,,
94-06-30-25,0502-001-002,HAND HOE,2,8000,YES,,,NO,,,,
94-06-30-25,0502-001-002,OX PLOUGH,0,,NO,,,YES,4,NDUGU,NDANI YA KIJIJI/MJI,0
94-06-30-25,0502-001-002,OX SEED PLANTER,0,,NO,,,YES,1,NDUGU,NDANI YA KIJIJI/MJI,0
99-52-98-92,0502-004-001,HAND HOE,1,4000,YES,YES,,NO,,,,
20-96-70-22,0503-001-001,HAND HOE,2,1000,YES,,,NO,,,,
20-96-70-22,0503-001-001,OX PLOUGH,4,140000,YES,,,NO,,,,
20-96-70-22,0503-001-001,OX SEED PLANTER,1,120000,YES,YES,,NO,,,,
20-96-70-22,0503-001-001,OTHER (SPECIFY),2,1000,YES,,,NO,,,,
65-14-61-05,0504-008-001,HAND HOE,5,15000,YES,,,NO,,,,
65-14-61-05,0504-008-001,OX PLOUGH,0,,NO,,,YES,4,JIRANI,NDANI YA KIJIJI/MJI,350000
65-14-61-05,0504-008-001,OX SEED PLANTER,0,,NO,,,YES,2,JIRANI,NDANI YA KIJIJI/MJI,0
65-14-61-05,0504-008-001,POWER TILLER,0,,NO,,,YES,1,JIRANI,NDANI YA KIJIJI/MJI,180000
08-87-48-82,0505-001-001,HAND HOE,2,60000,YES,,,NO,,,,
83-21-21-03,0505-001-002,HAND HOE,2,10000,YES,,,NO,,,,
31-41-21-88,0506-001-001,HAND HOE,4,20000,YES,,,NO,,,,
31-41-21-88,0506-001-001,OX PLOUGH,4,2000000,YES,,,NO,,,,
31-41-21-88,0506-001-001,OX SEED PLANTER,1,50000,YES,YES,,NO,,,,
99-79-94-61,0506-003-001,HAND HOE,2,6000,YES,,,NO,,,,
99-79-94-61,0506-003-001,OX PLOUGH,0,,NO,,,YES,2,NDUGU,NDANI YA KIJIJI/MJI,0
99-79-94-61,0506-003-001,OX SEED PLANTER,0,,NO,,,YES,1,NDUGU,NDANI YA KIJIJI/MJI,0
99-79-94-61,0506-003-001,TRACTOR,0,,NO,,,YES,1,RAFIKI,NDANI YA KIJIJI/MJI,5000
30-76-15-30,0508-001-001,HAND HOE,3,15000,YES,,,NO,,,,
30-76-15-30,0508-001-001,OX PLOUGH,0,,NO,,,YES,2,NDUGU,NDANI YA KIJIJI/MJI,10000
30-76-15-30,0508-001-001,OX SEED PLANTER,0,,NO,,,YES,1,NDUGU,NDANI YA KIJIJI/MJI,0
02-51-58-04,0509-001-001,HAND HOE,2,10000,YES,,,NO,,,,
02-51-58-04,0509-001-001,OX PLOUGH,0,,NO,,,YES,4,JIRANI,NDANI YA KIJIJI/MJI,20000
10-51-31-09,0510-001-001,HAND HOE,4,14000,YES,,,NO,,,,
10-51-31-09,0510-001-001,OX PLOUGH,4,2400000,YES,,,NO,,,,
10-51-31-09,0510-001-001,OX SEED PLANTER,1,150000,YES,YES,,NO,,,,
21-30-35-20,0510-003-001,HAND HOE,2,6000,YES,,,NO,,,,
17-59-80-31,0511-001-001,HAND HOE,2,7000,YES,,,NO,,,,
17-59-80-31,0511-001-001,OX PLOUGH,0,,NO,,,YES,2,RAFIKI,KARIBU NA KIJIJI,60000
17-59-80-31,0511-001-001,OX SEED PLANTER,0,,NO,,,YES,1,RAFIKI,KARIBU NA KIJIJI,0
02-15-25-91,0512-001-001,HAND HOE,1,3000,YES,YES,,NO,,,,
29-85-19-31,0513-001-001,HAND HOE,3,15000,NO,,,NO,,,,
50-14-76-19,0514-001-001,HAND HOE,4,6000,YES,,,NO,,,,
50-14-76-19,0514-001-001,OX PLOUGH,0,,NO,,,YES,4,JIRANI,NDANI YA KIJIJI/MJI,40000
16-94-94-48,0515-001-001,HAND HOE,2,4000,YES,,,NO,,,,
16-94-94-48,0515-001-001,OX PLOUGH,0,,NO,,,YES,4,NDUGU,NDANI YA KIJIJI/MJI,0
24-89-62-63,0515-003-001,HAND HOE,2,10000,YES,,,NO,,,,
24-89-62-63,0515-003-001,OX PLOUGH,0,,NO,,,YES,2,NDUGU,NDANI YA KIJIJI/MJI,0
24-89-62-63,0515-003-001,OX SEED PLANTER,0,,NO,,,YES,1,NDUGU,NDANI YA KIJIJI/MJI,0
55-47-18-86,0517-001-001,HAND HOE,3,9000,YES,,,NO,,,,
55-47-18-86,0517-001-001,GERI CANS/DRUMS,1,400000,YES,YES,,NO,,,,
10-21-26-14,0518-001-001,HAND HOE,3,9000,YES,,,YES,1,JIRANI,NDANI YA KIJIJI/MJI,0
10-21-26-14,0518-001-001,OX PLOUGH,2,600000,YES,,,YES,2,JIRANI,NDANI YA KIJIJI/MJI,30000
10-21-26-14,0518-001-001,OX SEED PLANTER,0,,NO,,,YES,1,JIRANI,NDANI YA KIJIJI/MJI,0
10-21-26-14,0518-001-001,TRACTOR,1,150000,YES,YES,,NO,,,,
10-21-26-14,0518-001-001,FARM BUILDINGS/STORAGE FACILITIES,1,25000,YES,YES,,NO,,,,
57-94-84-68,0519-001-002,HAND HOE,4,6000,YES,,,NO,,,,
57-94-84-68,0519-001-002,OX SEED PLANTER,1,100000,YES,YES,,NO,,,,
92-69-46-35,0521-001-001,HAND HOE,6,30000,YES,,,NO,,,,
92-69-46-35,0521-001-001,OX PLOUGH,2,1000000,YES,,,NO,,,,
92-69-46-35,0521-001-001,OX SEED PLANTER,2,160000,YES,,,NO,,,,
92-69-46-35,0521-001-001,TRACTOR,1,300000,YES,YES,,NO,,,,
85-65-43-35,0521-001-003,HAND HOE,2,8000,YES,,,NO,,,,
34-50-10-45,0521-001-011,HAND HOE,0,,NO,,,YES,2,NDUGU,NDANI YA KIJIJI/MJI,0
34-50-10-45,0521-001-011,OTHER (SPECIFY),2,2500,YES,,,NO,,,,
75-59-73-61,0522-001-001,HAND HOE,3,15000,YES,,,NO,,,,
75-59-73-61,0522-001-001,HAND-POWERED SPRAYER,1,25000,YES,NO,NO NEED FOR ONE,NO,,,,
75-59-73-61,0522-001-001,OX PLOUGH,4,1600000,YES,,,NO,,,,
75-59-73-61,0522-001-001,OX SEED PLANTER,1,80000,YES,YES,,NO,,,,
75-59-73-61,0522-001-001,TRACTOR,1,450000,YES,YES,,NO,,,,
81-44-06-49,0525-001-001,HAND HOE,8,12000,YES,,,NO,,,,
81-44-06-49,0525-001-001,HAND-POWERED SPRAYER,1,35000,YES,YES,,NO,,,,
81-44-06-49,0525-001-001,OX PLOUGH,7,2100000,YES,,,NO,,,,
81-44-06-49,0525-001-001,OX SEED PLANTER,3,210000,YES,,,NO,,,,
81-44-06-49,0525-001-001,TRACTOR,1,500000,YES,YES,,NO,,,,
84-11-21-22,0525-003-001,HAND HOE,2,6000,YES,,,NO,,,,
44-54-17-13,0525-003-004,HAND HOE,4,16000,YES,,,NO,,,,
44-54-17-13,0525-003-004,OX PLOUGH,0,,NO,,,YES,2,NDUGU,NDANI YA KIJIJI/MJI,0
44-54-17-13,0525-003-004,OX SEED PLANTER,2,140000,YES,,,NO,,,,
36-34-79-20,0525-004-001,HAND HOE,3,10000,YES,,,NO,,,,
36-34-79-20,0525-004-001,HAND-POWERED SPRAYER,1,20000,YES,NO,NO NEED FOR ONE,NO,,,,
36-34-79-20,0525-004-001,OX PLOUGH,2,600000,YES,,,NO,,,,
36-34-79-20,0525-004-001,OX SEED PLANTER,1,70000,YES,YES,,NO,,,,
96-26-27-84,0525-005-001,HAND HOE,2,10000,YES,,,NO,,,,
57-59-30-22,0525-005-003,HAND HOE,3,6000,YES,,,NO,,,,
57-59-30-22,0525-005-003,OX PLOUGH,0,,NO,,,YES,2,NDUGU,NDANI YA KIJIJI/MJI,0
57-59-30-22,0525-005-003,OX SEED PLANTER,0,,NO,,,YES,1,NDUGU,NDANI YA KIJIJI/MJI,0
21-20-05-63,0526-001-001,HAND HOE,1,3000,YES,NO,NO NEED FOR ONE,NO,,,,
84-63-95-42,0528-001-001,HAND HOE,8,24000,YES,,,NO,,,,
84-63-95-42,0528-001-001,HAND-POWERED SPRAYER,2,30000,YES,,,NO,,,,
84-63-95-42,0528-001-001,OX PLOUGH,8,4000000,YES,,,NO,,,,
84-63-95-42,0528-001-001,OX SEED PLANTER,2,160000,YES,,,NO,,,,
84-63-95-42,0528-001-001,FARM BUILDINGS/STORAGE FACILITIES,1,10000,YES,NO,NEEDS REPAIR/SICK,NO,,,,
31-74-85-54,0528-001-002,HAND HOE,2,3000,YES,,,NO,,,,
96-96-12-14,0528-001-003,HAND HOE,2,8000,YES,,,NO,,,,
16-41-04-04,0529-001-001,HAND HOE,16,32000,YES,,,NO,,,,
16-41-04-04,0529-001-001,HAND-POWERED SPRAYER,1,20000,YES,YES,,NO,,,,
16-41-04-04,0529-001-001,OX PLOUGH,8,4000000,YES,,,NO,,,,
16-41-04-04,0529-001-001,OX SEED PLANTER,4,320000,YES,,,NO,,,,
04-32-04-23,0529-001-003,HAND HOE,2,6000,YES,,,YES,9,NDUGU,NDANI YA KIJIJI/MJI,0
04-32-04-23,0529-001-003,OX PLOUGH,0,,NO,,,YES,6,NDUGU,NDANI YA KIJIJI/MJI,0
04-32-04-23,0529-001-003,OX SEED PLANTER,0,,NO,,,YES,3,NDUGU,NDANI YA KIJIJI/MJI,0
12-26-30-56,0529-001-009,HAND HOE,2,8000,YES,,,NO,,,,
26-24-72-45,0530-001-001,HAND HOE,3,3000,YES,,,NO,,,,
26-24-72-45,0530-001-001,OX PLOUGH,3,1500000,YES,,,YES,1,JIRANI,NDANI YA KIJIJI/MJI,0
26-24-72-45,0530-001-001,OX SEED PLANTER,1,120000,YES,YES,,NO,,,,
26-24-72-45,0530-001-001,OTHER (SPECIFY),2,4000,YES,,,NO,,,,
53-12-65-26,0530-001-003,HAND HOE,9,2000,YES,,,NO,,,,
53-12-65-26,0530-001-003,HAND-POWERED SPRAYER,1,25000,YES,YES,,NO,,,,
53-12-65-26,0530-001-003,OX PLOUGH,8,3200000,YES,,,NO,,,,
53-12-65-26,0530-001-003,OX SEED PLANTER,2,100000,YES,,,NO,,,,
53-12-65-26,0530-001-003,TRACTOR,1,400000,YES,YES,,NO,,,,
53-12-65-26,0530-001-003,OTHER (SPECIFY),2,3500,YES,,,NO,,,,
79-87-34-06,0531-001-001,HAND HOE,3,15000,YES,,,NO,,,,
79-87-34-06,0531-001-001,OX SEED PLANTER,1,100000,YES,YES,,NO,,,,
92-68-11-85,0532-001-001,HAND HOE,6,36000,YES,,,NO,,,,
08-64-64-36,0534-001-001,HAND HOE,5,20000,YES,,,NO,,,,
08-64-64-36,0534-001-001,HAND-POWERED SPRAYER,0,,NO,,,YES,0,JIRANI,NDANI YA KIJIJI/MJI,0
08-64-64-36,0534-001-001,OX PLOUGH,0,,NO,,,YES,2,JIRANI,NDANI YA KIJIJI/MJI,0
08-64-64-36,0534-001-001,OX SEED PLANTER,1,120000,YES,YES,,NO,,,,
30-98-08-59,0535-001-001,HAND HOE,4,20000,YES,,,NO,,,,
30-98-08-59,0535-001-001,HAND-POWERED SPRAYER,1,7000,YES,NO,NO NEED FOR ONE,NO,,,,
47-29-66-48,0535-006-001,HAND HOE,2,13000,YES,,,NO,,,,
01-41-05-70,0536-001-001,HAND HOE,4,16000,YES,,,NO,,,,
01-41-05-70,0536-001-001,OX PLOUGH,4,1600000,YES,,,NO,,,,
01-41-05-70,0536-001-001,OX SEED PLANTER,1,100000,YES,YES,,NO,,,,
01-41-05-70,0536-001-001,TRACTOR,1,500000,YES,YES,,NO,,,,
98-57-18-93,0537-001-001,HAND HOE,2,4000,YES,,,NO,,,,
98-57-18-93,0537-001-001,OX PLOUGH,2,0,NO,,,YES,2,JIRANI,NDANI YA KIJIJI/MJI,20000
68-28-88-02,0539-001-001,HAND HOE,3,3000,YES,,,NO,,,,
68-28-88-02,0539-001-001,OX PLOUGH,4,300000,YES,,,NO,,,,
68-28-88-02,0539-001-001,OX SEED PLANTER,1,100000,YES,YES,,NO,,,,
37-80-27-56,0540-001-001,HAND HOE,2,4000,YES,,,NO,,,,
30-80-71-86,0542-001-002,HAND HOE,3,5000,YES,,,YES,2,JIRANI,NDANI YA KIJIJI/MJI,0
12-00-28-08,0543-001-001,HAND HOE,3,12000,YES,,,NO,,,,
12-00-28-08,0543-001-001,OX PLOUGH,4,2000000,YES,,,NO,,,,
12-00-28-08,0543-001-001,OX SEED PLANTER,1,100000,YES,YES,,NO,,,,
86-66-07-32,0544-001-001,HAND HOE,2,3000,YES,,,NO,,,,
25-52-41-32,0545-006-001,HAND HOE,0,,NO,,,YES,1,NDUGU,KARIBU NA KIJIJI,0
25-52-41-32,0545-006-001,TRACTOR PLOUGH,0,,NO,,,YES,1,M/BIASHARA BINAFSI,WILAYA NYINGINE,200000
25-52-41-32,0545-006-001,TRACTOR HARROW,0,,NO,,,YES,1,M/BIASHARA BINAFSI,WILAYA NYINGINE,0
25-52-41-32,0545-006-001,OTHER (SPECIFY),0,,NO,,,YES,1,M/BIASHARA BINAFSI,WILAYA NYINGINE,350000
20-78-49-50,0547-001-001,HAND HOE,1,1000,YES,YES,,NO,,,,
26-14-17-11,0548-001-001,HAND HOE,3,6000,YES,,,NO,,,,
67-70-48-74,0548-002-001,HAND HOE,1,1000,NO,NO,NO NEED FOR ONE,NO,,,,
22-35-45-21,0551-001-001,HAND HOE,3,6000,YES,,,NO,,,,
12-86-07-37,0554-003-001,HAND HOE,2,3000,YES,,,NO,,,,
53-84-84-32,0557-001-001,HAND HOE,2,3000,YES,,,NO,,,,
67-80-33-73,0559-001-001,HAND HOE,2,4000,YES,,,NO,,,,
08-79-34-76,0565-001-001,HAND HOE,5,10000,YES,,,NO,,,,
08-79-34-76,0565-001-001,OX PLOUGH,2,400000,YES,,,NO,,,,
08-79-34-76,0565-001-001,OX SEED PLANTER,2,300000,YES,,,NO,,,,
82-44-68-41,0565-003-001,HAND HOE,3,13000,YES,,,NO,,,,
82-44-68-41,0565-003-001,OX PLOUGH,2,800000,YES,,,NO,,,,
82-44-68-41,0565-003-001,OX SEED PLANTER,1,120000,YES,YES,,NO,,,,
94-14-64-63,0565-004-001,HAND HOE,1,5000,YES,YES,,YES,1,NDUGU,NDANI YA KIJIJI/MJI,0
34-81-69-35,0565-005-001,HAND HOE,2,10000,YES,,,NO,,,,
34-81-69-35,0565-005-001,OX PLOUGH,0,,NO,,,YES,2,NDUGU,NDANI YA KIJIJI/MJI,0
24-83-68-12,0566-001-001,HAND HOE,4,15000,YES,,,NO,,,,
24-83-68-12,0566-001-001,OX PLOUGH,1,350000,YES,YES,,YES,1,RAFIKI,NDANI YA KIJIJI/MJI,0
24-83-68-12,0566-001-001,OX SEED PLANTER,1,140000,YES,YES,,NO,,,,
28-88-07-10,0567-001-001,HAND HOE,2,10000,YES,,,NO,,,,
28-88-07-10,0567-001-001,OX PLOUGH,2,700000,YES,,,NO,,,,
28-88-07-10,0567-001-001,OX SEED PLANTER,1,140000,YES,YES,,NO,,,,
38-87-96-66,0568-001-001,HAND HOE,5,40000,YES,,,NO,,,,
38-87-96-66,0568-001-001,OX PLOUGH,2,600000,YES,,,NO,,,,
38-87-96-66,0568-001-001,OX SEED PLANTER,1,80000,YES,YES,,NO,,,,
83-04-78-20,0569-001-001,HAND HOE,6,24000,YES,,,NO,,,,
83-04-78-20,0569-001-001,HAND-POWERED SPRAYER,1,50000,YES,YES,,NO,,,,
83-04-78-20,0569-001-001,OX PLOUGH,2,1600000,YES,,,NO,,,,
83-04-78-20,0569-001-001,OX SEED PLANTER,1,120000,YES,YES,,NO,,,,
15-73-35-36,0570-001-001,HAND HOE,2,10000,YES,,,NO,,,,
15-73-35-36,0570-001-001,OX PLOUGH,0,,NO,,,YES,2,NDUGU,NDANI YA KIJIJI/MJI,0
15-73-35-36,0570-001-001,OX SEED PLANTER,0,,NO,,,YES,1,NDUGU,NDANI YA KIJIJI/MJI,0
15-73-35-36,0570-001-001,TRACTOR,0,,NO,,,YES,1,NDUGU,NDANI YA KIJIJI/MJI,0
03-83-80-72,0571-001-001,HAND HOE,2,8000,YES,,,NO,,,,
03-83-80-72,0571-001-001,OX PLOUGH,2,800000,YES,,,YES,4,NDUGU,NDANI YA KIJIJI/MJI,0
03-83-80-72,0571-001-001,OX SEED PLANTER,2,50000,YES,,,NO,,,,
03-83-80-72,0571-001-001,TRACTOR,1,500000,YES,YES,,NO,,,,
90-97-25-55,0572-001-003,HAND HOE,4,20000,YES,,,NO,,,,
91-66-88-33,0573-001-001,HAND HOE,15,75000,YES,,,NO,,,,
91-66-88-33,0573-001-001,OX PLOUGH,7,3500000,YES,,,NO,,,,
91-66-88-33,0573-001-001,OX SEED PLANTER,2,160000,YES,,,NO,,,,
91-66-88-33,0573-001-001,TRACTOR,1,1200000,YES,YES,,NO,,,,
49-17-08-99,0573-001-003,HAND HOE,3,15000,YES,,,NO,,,,
49-17-08-99,0573-001-003,HAND-POWERED SPRAYER,1,55000,YES,YES,,NO,,,,
49-17-08-99,0573-001-003,OX PLOUGH,0,,NO,,,YES,2,NDUGU,KARIBU NA KIJIJI,0
49-17-08-99,0573-001-003,OX SEED PLANTER,1,45000,YES,YES,,NO,,,,
92-86-58-31,0573-001-006,HAND HOE,4,24000,YES,,,NO,,,,
92-86-58-31,0573-001-006,OX PLOUGH,0,,NO,,,YES,2,NDUGU,NDANI YA KIJIJI/MJI,0
92-86-58-31,0573-001-006,OX SEED PLANTER,0,,NO,,,YES,1,NDUGU,NDANI YA KIJIJI/MJI,0
07-49-15-09,0573-003-001,HAND HOE,10,30000,YES,,,NO,,,,
07-49-15-09,0573-003-001,HAND-POWERED SPRAYER,1,35000,NO,YES,,NO,,,,
07-49-15-09,0573-003-001,OX PLOUGH,6,1200000,YES,,,NO,,,,
07-49-15-09,0573-003-001,OX SEED PLANTER,1,70000,YES,YES,,NO,,,,
07-49-15-09,0573-003-001,TRACTOR,1,300000,YES,YES,,NO,,,,
07-49-15-09,0573-003-001,FARM BUILDINGS/STORAGE FACILITIES,1,300000,YES,YES,,NO,,,,
42-98-59-24,0573-003-004,HAND HOE,9,45000,YES,,,NO,,,,
42-98-59-24,0573-003-004,OX PLOUGH,8,2000000,YES,,,NO,,,,
42-98-59-24,0573-003-004,OX SEED PLANTER,1,100000,YES,YES,,NO,,,,
43-12-35-35,0573-003-005,HAND HOE,1,3500,YES,YES,,YES,1,NDUGU,NDANI YA KIJIJI/MJI,0
43-12-35-35,0573-003-005,OX PLOUGH,0,,NO,,,YES,2,NDUGU,NDANI YA KIJIJI/MJI,0
43-12-35-35,0573-003-005,OX SEED PLANTER,0,,NO,,,YES,1,NDUGU,NDANI YA KIJIJI/MJI,0
44-14-27-75,0573-003-013,HAND HOE,6,24000,YES,,,NO,,,,
44-14-27-75,0573-003-013,HAND-POWERED SPRAYER,1,20000,YES,YES,,NO,,,,
44-14-27-75,0573-003-013,OX PLOUGH,4,2000000,YES,,,NO,,,,
44-14-27-75,0573-003-013,OX SEED PLANTER,2,150000,YES,,,NO,,,,
44-14-27-75,0573-003-013,TRACTOR,1,800000,YES,YES,,NO,,,,
44-14-27-75,0573-003-013,FARM BUILDINGS/STORAGE FACILITIES,1,100000,YES,YES,,NO,,,,
06-06-62-86,0573-006-001,HAND HOE,10,50000,YES,,,NO,,,,
06-06-62-86,0573-006-001,OX PLOUGH,4,2000000,YES,,,NO,,,,
06-06-62-86,0573-006-001,OX SEED PLANTER,2,300000,YES,,,NO,,,,
06-06-62-86,0573-006-001,TRACTOR,1,800000,YES,YES,,NO,,,,
41-81-57-58,0573-006-003,HAND HOE,4,16000,YES,,,NO,,,,
41-81-57-58,0573-006-003,OX PLOUGH,4,1600000,YES,,,NO,,,,
41-81-57-58,0573-006-003,OX SEED PLANTER,1,100000,YES,YES,,NO,,,,
97-37-90-23,0573-006-009,HAND HOE,3,6000,YES,,,NO,,,,
97-37-90-23,0573-006-009,OX PLOUGH,0,,NO,,,YES,2,"NYINGINE, TAJA",NDANI YA KIJIJI/MJI,0
97-37-90-23,0573-006-009,OX SEED PLANTER,0,,NO,,,YES,1,"NYINGINE, TAJA",NDANI YA KIJIJI/MJI,0
89-23-01-64,0574-001-001,HAND HOE,3,18000,YES,,,NO,,,,
89-23-01-64,0574-001-001,OX PLOUGH,2,850000,YES,,,NO,,,,
89-23-01-64,0574-001-001,OX SEED PLANTER,1,80000,YES,YES,,NO,,,,
40-69-36-56,0575-001-001,HAND HOE,2,5000,YES,,,NO,,,,
40-69-36-56,0575-001-001,OX PLOUGH,0,,YES,,,NO,,,,
40-69-36-56,0575-001-001,OX SEED PLANTER,1,120000,YES,YES,,NO,,,,
37-88-75-54,0576-001-001,HAND HOE,2,6000,YES,,,NO,,,,
71-32-15-08,0576-001-002,HAND HOE,3,6000,YES,,,NO,,,,
71-32-15-08,0576-001-002,OX PLOUGH,0,,NO,,,YES,2,JIRANI,KARIBU NA KIJIJI,0
71-32-15-08,0576-001-002,OX SEED PLANTER,1,50000,YES,YES,,NO,,,,
34-75-80-11,0577-001-002,HAND HOE,2,26000,YES,,,NO,,,,
41-29-51-24,0580-001-001,HAND HOE,3,18000,YES,,,NO,,,,
01-70-68-94,0582-001-001,HAND HOE,1,5000,YES,YES,,NO,,,,
94-08-85-82,0583-001-001,HAND HOE,1,5000,YES,YES,,NO,,,,
94-08-85-82,0583-001-001,OX PLOUGH,0,,NO,,,YES,2,"NYINGINE, TAJA",NDANI YA KIJIJI/MJI,0
94-08-85-82,0583-001-001,OX SEED PLANTER,0,,NO,,,YES,1,"NYINGINE, TAJA",NDANI YA KIJIJI/MJI,120000
94-08-85-82,0583-001-001,OTHER (SPECIFY),1,5000,YES,YES,,NO,,,,
21-37-46-84,0584-001-001,HAND HOE,7,35000,YES,,,NO,,,,
21-37-46-84,0584-001-001,HAND-POWERED SPRAYER,0,,NO,,,YES,1,RAFIKI,NDANI YA KIJIJI/MJI,0
21-37-46-84,0584-001-001,OX PLOUGH,2,2000000,YES,,,NO,,,,
21-37-46-84,0584-001-001,OX SEED PLANTER,1,100000,YES,YES,,NO,,,,
21-37-46-84,0584-001-001,FARM BUILDINGS/STORAGE FACILITIES,1,1500000,YES,YES,,NO,,,,
21-37-46-84,0584-001-001,GERI CANS/DRUMS,6,30000,YES,,,NO,,,,
89-16-16-87,0585-001-001,HAND HOE,7,30000,YES,,,NO,,,,
76-83-41-82,0585-001-003,HAND HOE,2,12000,YES,,,NO,,,,
96-39-75-25,0586-001-001,HAND HOE,1,4000,YES,NO,NO NEED FOR ONE,NO,,,,
95-82-35-73,0586-003-001,HAND HOE,3,12000,YES,,,NO,,,,
61-66-15-53,0588-001-001,HAND HOE,4,14000,YES,,,NO,,,,
61-66-15-53,0588-001-001,OX PLOUGH,0,,NO,,,YES,2,JIRANI,NDANI YA KIJIJI/MJI,50000
61-66-15-53,0588-001-001,OX SEED PLANTER,0,,NO,,,YES,1,JIRANI,NDANI YA KIJIJI/MJI,0
08-69-28-04,0589-001-001,HAND HOE,2,8000,YES,,,NO,,,,
02-23-21-86,0589-007-003,HAND HOE,0,,NO,,,YES,2,NDUGU,NDANI YA KIJIJI/MJI,0
02-23-21-86,0589-007-003,OX PLOUGH,0,,NO,,,YES,2,M/BIASHARA BINAFSI,NDANI YA KIJIJI/MJI,50000
35-07-93-93,0589-008-001,HAND HOE,1,6000,YES,YES,,NO,,,,
48-55-92-72,0591-001-001,HAND HOE,5,25000,YES,,,NO,,,,
48-55-92-72,0591-001-001,OX PLOUGH,0,,NO,,,YES,2,M/BIASHARA BINAFSI,NDANI YA KIJIJI/MJI,100000
59-91-83-15,0592-001-001,HAND HOE,2,10000,YES,,,NO,,,,
59-91-83-15,0592-001-001,OX PLOUGH,0,,NO,,,YES,2,NDUGU,NDANI YA KIJIJI/MJI,60000
59-91-83-15,0592-001-001,OX SEED PLANTER,0,,NO,,,YES,1,NDUGU,NDANI YA KIJIJI/MJI,0
87-24-38-48,0593-001-001,HAND HOE,3,6000,YES,,,NO,,,,
23-51-18-38,0593-002-001,HAND HOE,1,2000,YES,YES,,YES,1,JIRANI,NDANI YA KIJIJI/MJI,0
99-53-65-08,0593-004-001,HAND HOE,0,,NO,,,YES,2,JIRANI,NDANI YA KIJIJI/MJI,0
27-02-40-45,0593-005-001,HAND HOE,1,20000,YES,YES,,NO,,,,
27-02-40-45,0593-005-001,OTHER (SPECIFY),1,5000,YES,YES,,NO,,,,
65-21-27-08,0593-005-008,HAND HOE,2,5000,YES,,,NO,,,,
65-21-27-08,0593-005-008,OTHER (SPECIFY),1,5000,YES,YES,,NO,,,,
81-73-84-59,0596-001-001,HAND HOE,2,3000,YES,,,NO,,,,
82-14-82-19,0596-003-001,HAND HOE,1,3000,YES,YES,,NO,,,,
35-87-73-75,0597-001-001,HAND HOE,3,15000,YES,,,NO,,,,
90-31-84-80,0598-001-001,HAND HOE,2,6000,YES,,,NO,,,,
79-15-68-02,0599-001-001,HAND HOE,6,18000,YES,,,NO,,,,
39-51-58-76,0600-001-001,HAND HOE,3,6000,YES,,,NO,,,,
37-19-01-98,0601-001-001,HAND HOE,2,7000,YES,,,NO,,,,
25-56-28-11,0602-001-001,HAND HOE,4,3000,YES,,,NO,,,,
61-13-18-51,0603-001-002,HAND HOE,1,4000,YES,YES,,NO,,,,
98-16-55-70,0604-001-001,HAND HOE,2,600,YES,,,NO,,,,
84-29-07-25,0605-001-001,HAND HOE,2,6000,YES,,,NO,,,,
59-14-73-55,0606-001-001,HAND HOE,2,1000,YES,,,YES,1,JIRANI,NDANI YA KIJIJI/MJI,0
51-08-90-35,0607-001-001,HAND HOE,6,18000,YES,,,NO,,,,
51-08-90-35,0607-001-001,OX PLOUGH,4,2000000,YES,,,NO,,,,
51-08-90-35,0607-001-001,OX SEED PLANTER,1,50000,YES,YES,,NO,,,,
51-08-90-35,0607-001-001,TRACTOR PLOUGH,0,,NO,,,YES,1,RAFIKI,NDANI YA KIJIJI/MJI,200000
94-70-48-92,0607-001-010,HAND HOE,2,8000,YES,,,NO,,,,
94-70-48-92,0607-001-010,OX PLOUGH,2,400000,YES,,,NO,,,,
94-70-48-92,0607-001-010,OX SEED PLANTER,1,150000,YES,YES,,NO,,,,
96-10-55-67,0607-007-001,HAND HOE,6,30000,YES,,,NO,,,,
96-10-55-67,0607-007-001,OX PLOUGH,4,1200000,YES,,,NO,,,,
96-10-55-67,0607-007-001,OX SEED PLANTER,1,250000,YES,YES,,NO,,,,
69-19-17-73,0608-001-001,HAND HOE,10,40000,YES,,,NO,,,,
69-19-17-73,0608-001-001,OX PLOUGH,4,2000000,YES,,,NO,,,,
69-19-17-73,0608-001-001,OX SEED PLANTER,1,90000,YES,YES,,NO,,,,
69-19-17-73,0608-001-001,TRACTOR,0,,NO,,,YES,1,NDUGU,NDANI YA KIJIJI/MJI,0
69-19-17-73,0608-001-001,FARM BUILDINGS/STORAGE FACILITIES,1,50000,YES,YES,,NO,,,,
08-01-84-64,0608-001-006,HAND HOE,1,2000,NO,YES,,YES,1,NDUGU,NDANI YA KIJIJI/MJI,0
08-01-84-64,0608-001-006,HAND-POWERED SPRAYER,0,,NO,,,YES,1,NDUGU,NDANI YA KIJIJI/MJI,0
08-01-84-64,0608-001-006,OX PLOUGH,0,,NO,,,YES,4,NDUGU,NDANI YA KIJIJI/MJI,0
08-01-84-64,0608-001-006,OX SEED PLANTER,0,,NO,,,YES,1,NDUGU,NDANI YA KIJIJI/MJI,0
08-01-84-64,0608-001-006,TRACTOR,0,,NO,,,YES,1,NDUGU,NDANI YA KIJIJI/MJI,0
82-94-25-62,0608-003-001,HAND HOE,2,8000,YES,,,NO,,,,
82-94-25-62,0608-003-001,HAND-POWERED SPRAYER,0,,NO,,,YES,1,NDUGU,NDANI YA KIJIJI/MJI,0
82-94-25-62,0608-003-001,OX PLOUGH,0,,NO,,,YES,4,JIRANI,NDANI YA KIJIJI/MJI,120000
82-94-25-62,0608-003-001,OX SEED PLANTER,0,,NO,,,YES,1,JIRANI,NDANI YA KIJIJI/MJI,0
34-57-76-92,0609-001-002,HAND HOE,1,4000,YES,YES,,NO,,,,
34-57-76-92,0609-001-002,HAND-POWERED SPRAYER,0,,NO,,,YES,1,NDUGU,NDANI YA KIJIJI/MJI,0
34-57-76-92,0609-001-002,OX PLOUGH,0,,NO,,,YES,4,NDUGU,NDANI YA KIJIJI/MJI,0
34-57-76-92,0609-001-002,OX SEED PLANTER,0,,NO,,,YES,1,NDUGU,NDANI YA KIJIJI/MJI,0
22-33-98-93,0610-001-001,HAND HOE,2,8000,YES,,,NO,,,,
22-33-98-93,0610-001-001,OX PLOUGH,4,1600000,YES,,,YES,8,NDUGU,NDANI YA KIJIJI/MJI,0
22-33-98-93,0610-001-001,OX SEED PLANTER,1,150000,YES,YES,,YES,2,NDUGU,NDANI YA KIJIJI/MJI,0
57-51-12-00,0610-001-003,HAND HOE,4,20000,YES,,,NO,,,,
57-51-12-00,0610-001-003,OX PLOUGH,0,,NO,,,YES,4,JIRANI,NDANI YA KIJIJI/MJI,26000
57-51-12-00,0610-001-003,OX SEED PLANTER,0,,NO,,,YES,1,JIRANI,NDANI YA KIJIJI/MJI,0
95-21-39-33,0610-003-001,HAND HOE,5,20000,YES,,,NO,,,,
95-21-39-33,0610-003-001,OX PLOUGH,4,2000000,YES,,,NO,,,,
95-21-39-33,0610-003-001,OX SEED PLANTER,1,100000,YES,YES,,NO,,,,
95-21-39-33,0610-003-001,TRACTOR,0,,NO,,,YES,100000,JIRANI,NDANI YA KIJIJI/MJI,0
86-61-31-93,0610-103-002,HAND HOE,11,55000,YES,,,NO,,,,
86-61-31-93,0610-103-002,HAND-POWERED SPRAYER,1,30000,YES,YES,,NO,,,,
86-61-31-93,0610-103-002,OX PLOUGH,8,4800000,YES,,,NO,,,,
86-61-31-93,0610-103-002,OX SEED PLANTER,2,200000,YES,,,NO,,,,
86-61-31-93,0610-103-002,FARM BUILDINGS/STORAGE FACILITIES,2,100000,YES,,,NO,,,,
26-01-62-23,0610-103-006,HAND HOE,2,10000,YES,,,NO,,,,
61-90-91-70,0610-103-007,HAND HOE,5,18000,YES,,,NO,,,,
61-90-91-70,0610-103-007,HAND-POWERED SPRAYER,1,35000,YES,YES,,NO,,,,
61-90-91-70,0610-103-007,OX PLOUGH,5,2500000,YES,,,NO,,,,
61-90-91-70,0610-103-007,OX SEED PLANTER,1,90000,YES,YES,,NO,,,,
61-90-91-70,0610-103-007,TRACTOR,1,800000,YES,YES,,NO,,,,
61-90-91-70,0610-103-007,TRACTOR PLOUGH,0,,NO,,,YES,1,M/BIASHARA BINAFSI,KARIBU NA KIJIJI,240000
61-90-91-70,0610-103-007,TRACTOR HARROW,0,,NO,,,YES,1,M/BIASHARA BINAFSI,KARIBU NA KIJIJI,0
32-15-87-86,0611-001-001,HAND HOE,4,8000,YES,,,NO,,,,
32-15-87-86,0611-001-001,HAND-POWERED SPRAYER,0,,NO,,,YES,1,NDUGU,NDANI YA KIJIJI/MJI,0
32-15-87-86,0611-001-001,OX PLOUGH,0,,NO,,,YES,4,NDUGU,NDANI YA KIJIJI/MJI,0
32-15-87-86,0611-001-001,OX SEED PLANTER,0,,NO,,,YES,1,NDUGU,NDANI YA KIJIJI/MJI,0
90-55-11-26,0612-001-001,HAND HOE,3,12000,YES,,,NO,,,,
90-55-11-26,0612-001-001,HAND-POWERED SPRAYER,0,,NO,,,YES,1,JIRANI,NDANI YA KIJIJI/MJI,0
90-55-11-26,0612-001-001,OX PLOUGH,0,,NO,,,YES,4,JIRANI,NDANI YA KIJIJI/MJI,75000
90-55-11-26,0612-001-001,OX SEED PLANTER,0,,NO,,,YES,1,JIRANI,NDANI YA KIJIJI/MJI,0
90-55-11-26,0612-001-001,TRACTOR PLOUGH,0,,NO,,,YES,1,M/BIASHARA BINAFSI,NDANI YA KIJIJI/MJI,50000
90-55-11-26,0612-001-001,TRACTOR HARROW,0,,NO,,,YES,1,M/BIASHARA BINAFSI,NDANI YA KIJIJI/MJI,0
87-62-36-12,0613-001-001,HAND HOE,5,20000,YES,,,NO,,,,
87-62-36-12,0613-001-001,OX PLOUGH,6,3000000,YES,,,NO,,,,
87-62-36-12,0613-001-001,OX SEED PLANTER,1,80000,YES,YES,,NO,,,,
72-23-86-21,0614-001-001,HAND HOE,1,5000,YES,YES,,YES,3,JIRANI,NDANI YA KIJIJI/MJI,0
72-23-86-21,0614-001-001,OX PLOUGH,0,,NO,,,YES,2,JIRANI,NDANI YA KIJIJI/MJI,0
72-23-86-21,0614-001-001,OX SEED PLANTER,1,50000,YES,YES,,NO,,,,
72-23-86-21,0614-001-001,TRACTOR,1,80000,YES,YES,,NO,,,,
09-71-68-21,0614-005-001,HAND HOE,5,15000,YES,,,NO,,,,
09-71-68-21,0614-005-001,HAND-POWERED SPRAYER,0,,NO,,,YES,1,JIRANI,NDANI YA KIJIJI/MJI,0
09-71-68-21,0614-005-001,OX PLOUGH,3,1200000,YES,,,NO,,,,
09-71-68-21,0614-005-001,OX SEED PLANTER,1,800000,YES,YES,,NO,,,,
09-71-68-21,0614-005-001,TRACTOR,1,800000,YES,YES,,NO,,,,
09-71-68-21,0614-005-001,FARM BUILDINGS/STORAGE FACILITIES,1,300000,YES,YES,,NO,,,,
81-97-59-95,0614-005-007,HAND HOE,3,10000,YES,,,NO,,,,
81-97-59-95,0614-005-007,HAND-POWERED SPRAYER,0,,NO,,,YES,1,JIRANI,NDANI YA KIJIJI/MJI,0
81-97-59-95,0614-005-007,OX PLOUGH,2,800000,YES,,,NO,,,,
81-97-59-95,0614-005-007,OX SEED PLANTER,1,80000,YES,YES,,NO,,,,
59-27-17-97,0615-001-001,HAND HOE,6,24000,YES,,,NO,,,,
59-27-17-97,0615-001-001,OX PLOUGH,0,,NO,,,YES,4,JIRANI,NDANI YA KIJIJI/MJI,0
59-27-17-97,0615-001-001,OX SEED PLANTER,0,,NO,,,YES,1,JIRANI,NDANI YA KIJIJI/MJI,0
36-59-40-79,0615-001-005,HAND HOE,2,6000,YES,,,NO,,,,
36-59-40-79,0615-001-005,OX PLOUGH,0,,NO,,,YES,4,RAFIKI,NDANI YA KIJIJI/MJI,25000
36-59-40-79,0615-001-005,OX SEED PLANTER,0,,NO,,,YES,1,RAFIKI,NDANI YA KIJIJI/MJI,0
72-37-27-09,0615-005-001,HAND HOE,4,12000,YES,,,NO,,,,
95-72-82-97,0616-001-001,HAND HOE,5,15000,YES,,,NO,,,,
95-72-82-97,0616-001-001,HAND-POWERED SPRAYER,0,,NO,,,YES,1,JIRANI,NDANI YA KIJIJI/MJI,0
95-72-82-97,0616-001-001,OX PLOUGH,4,900000,YES,,,NO,,,,
95-72-82-97,0616-001-001,OX SEED PLANTER,1,50000,YES,YES,,NO,,,,
95-72-82-97,0616-001-001,TRACTOR,0,,NO,,,YES,1,JIRANI,NDANI YA KIJIJI/MJI,0
34-22-09-73,0617-001-001,HAND HOE,5,25000,YES,,,NO,,,,
34-22-09-73,0617-001-001,OX PLOUGH,4,1600000,YES,,,NO,,,,
34-22-09-73,0617-001-001,OX SEED PLANTER,2,100000,YES,,,NO,,,,
34-22-09-73,0617-001-001,TRACTOR,1,800000,YES,YES,,NO,,,,
28-99-90-15,0618-001-001,HAND HOE,7,3500,YES,,,NO,,,,
28-99-90-15,0618-001-001,OX PLOUGH,0,,NO,,,YES,4,JIRANI,NDANI YA KIJIJI/MJI,140000
28-99-90-15,0618-001-001,OX SEED PLANTER,0,,NO,,,YES,1,JIRANI,NDANI YA KIJIJI/MJI,0
28-99-90-15,0618-001-001,TRACTOR,1,500000,YES,YES,,NO,,,,
63-53-63-51,0618-006-001,HAND HOE,5,15000,YES,,,NO,,,,
63-53-63-51,0618-006-001,OX PLOUGH,3,1500000,YES,,,NO,,,,
63-53-63-51,0618-006-001,OX SEED PLANTER,1,90000,YES,YES,,NO,,,,
12-53-83-49,0619-001-001,HAND HOE,6,12000,YES,,,NO,,,,
12-53-83-49,0619-001-001,OX PLOUGH,0,,NO,,,YES,3,RAFIKI,NDANI YA KIJIJI/MJI,150000
12-53-83-49,0619-001-001,TRACTOR,0,,NO,,,YES,1,JIRANI,NDANI YA KIJIJI/MJI,5000
37-98-90-37,0619-106-001,HAND HOE,3,6000,YES,,,NO,,,,
37-98-90-37,0619-106-001,HAND-POWERED SPRAYER,0,,NO,,,YES,1,JIRANI,NDANI YA KIJIJI/MJI,0
37-98-90-37,0619-106-001,OX PLOUGH,4,1000000,YES,,,NO,,,,
37-98-90-37,0619-106-001,OX SEED PLANTER,1,80000,YES,YES,,NO,,,,
85-92-67-52,0620-001-001,HAND HOE,2,5000,YES,,,NO,,,,
07-29-77-96,0620-001-002,HAND HOE,2,3000,YES,,,NO,,,,
52-77-78-43,0621-001-001,HAND HOE,7,21000,YES,,,NO,,,,
52-77-78-43,0621-001-001,OX PLOUGH,4,1200000,YES,,,NO,,,,
52-77-78-43,0621-001-001,OX SEED PLANTER,1,80000,YES,YES,,NO,,,,
62-17-39-29,0621-003-001,HAND HOE,1,5000,YES,NO,NO NEED FOR ONE,NO,,,,
07-54-46-36,0622-001-001,HAND HOE,6,30000,YES,,,NO,,,,
73-37-55-41,0623-001-001,HAND HOE,20,60000,YES,,,NO,,,,
73-37-55-41,0623-001-001,HAND-POWERED SPRAYER,1,40000,YES,NO,NO NEED FOR ONE,NO,,,,
73-42-88-19,0623-001-004,HAND HOE,7,28000,YES,,,NO,,,,
73-42-88-19,0623-001-004,OX PLOUGH,4,1200000,YES,,,NO,,,,
73-42-88-19,0623-001-004,OX SEED PLANTER,1,100000,YES,YES,,NO,,,,
73-42-88-19,0623-001-004,OTHER (SPECIFY),1,5000,YES,YES,,NO,,,,
30-47-51-83,0624-001-001,HAND HOE,2,10000,YES,,,NO,,,,
30-47-51-83,0624-001-001,OX PLOUGH,4,1600000,YES,,,NO,,,,
30-47-51-83,0624-001-001,OX SEED PLANTER,1,100000,YES,YES,,NO,,,,
03-63-30-10,0626-001-001,HAND HOE,3,15000,YES,,,NO,,,,
93-07-34-90,0626-001-003,HAND HOE,2,6000,YES,,,NO,,,,
79-79-04-32,0626-001-004,HAND HOE,2,16000,YES,,,NO,,,,
79-79-04-32,0626-001-004,OX PLOUGH,0,,NO,,,YES,2,JIRANI,NDANI YA KIJIJI/MJI,70000
79-79-04-32,0626-001-004,OX SEED PLANTER,0,,NO,,,YES,1,JIRANI,NDANI YA KIJIJI/MJI,20000
25-47-63-62,0627-001-001,HAND HOE,2,8000,YES,,,NO,,,,
16-59-89-77,0627-001-002,HAND HOE,3,9000,YES,,,NO,,,,
92-54-51-07,0628-001-001,HAND HOE,7,21000,YES,,,NO,,,,
92-54-51-07,0628-001-001,HAND-POWERED SPRAYER,1,30000,NO,YES,,NO,,,,
92-54-51-07,0628-001-001,OX PLOUGH,4,1600000,YES,,,NO,,,,
92-54-51-07,0628-001-001,OX SEED PLANTER,1,100000,YES,YES,,NO,,,,
92-54-51-07,0628-001-001,TRACTOR,1,200000,YES,YES,,NO,,,,
34-90-65-56,0628-003-001,HAND HOE,6,18000,YES,,,NO,,,,
34-90-65-56,0628-003-001,OTHER (SPECIFY),2,5000,YES,,,NO,,,,
84-70-52-23,0628-003-003,HAND HOE,3,6000,YES,,,NO,,,,
84-70-52-23,0628-003-003,OX SEED PLANTER,1,25000,NO,YES,,YES,1,JIRANI,NDANI YA KIJIJI/MJI,25000
84-70-52-23,0628-003-003,OTHER (SPECIFY),1,2000,YES,YES,,NO,,,,
31-16-19-07,0628-005-001,HAND HOE,7,3000,YES,,,NO,,,,
31-16-19-07,0628-005-001,OX PLOUGH,8,1600000,YES,,,NO,,,,
31-16-19-07,0628-005-001,OX SEED PLANTER,2,50000,NO,,,NO,,,,
31-16-19-07,0628-005-001,TRACTOR,1,400000,YES,YES,,NO,,,,
67-85-46-72,0629-002-001,HAND HOE,3,15000,YES,,,NO,,,,
35-42-46-81,0630-001-001,HAND HOE,4,20000,YES,,,NO,,,,
32-73-64-62,0631-001-001,HAND HOE,2,3000,YES,,,YES,2,JIRANI,NDANI YA KIJIJI/MJI,0
04-35-19-17,0631-008-001,HAND HOE,2,6000,YES,,,YES,3,NDUGU,NDANI YA KIJIJI/MJI,0
55-80-06-17,0632-001-001,HAND HOE,5,12000,YES,,,NO,,,,
23-99-80-91,0632-003-001,HAND HOE,1,3000,YES,NO,NO NEED FOR ONE,NO,,,,
23-49-04-65,0633-001-002,HAND HOE,3,3000,YES,,,NO,,,,
38-75-74-97,0633-001-003,HAND HOE,3,5000,YES,,,NO,,,,
41-41-80-91,0633-011-002,HAND HOE,3,3000,YES,,,NO,,,,
41-41-80-91,0633-011-002,OX PLOUGH,4,400000,YES,,,NO,,,,
41-41-80-91,0633-011-002,OX SEED PLANTER,1,80000,YES,YES,,NO,,,,
41-41-80-91,0633-011-002,GERI CANS/DRUMS,1,45000,YES,NO,NO NEED FOR ONE,NO,,,,
76-41-43-15,0634-001-001,HAND HOE,3,15000,YES,,,NO,,,,
76-41-43-15,0634-001-001,HAND-POWERED SPRAYER,1,40000,YES,NO,NO NEED FOR ONE,NO,,,,
76-41-43-15,0634-001-001,OX PLOUGH,4,1600000,YES,,,NO,,,,
76-41-43-15,0634-001-001,OX SEED PLANTER,1,40000,YES,YES,,NO,,,,
86-92-52-64,0636-001-001,HAND HOE,3,9000,YES,,,NO,,,,
25-15-56-96,0637-001-001,HAND HOE,5,15000,YES,,,NO,,,,
25-15-56-96,0637-001-001,OX PLOUGH,4,1400000,YES,,,NO,,,,
25-15-56-96,0637-001-001,OX SEED PLANTER,1,170000,YES,YES,,NO,,,,
25-15-56-96,0637-001-001,OTHER (SPECIFY),1,3000,YES,YES,,NO,,,,
76-14-69-90,0638-001-001,HAND HOE,5,15000,YES,,,NO,,,,
76-14-69-90,0638-001-001,OX PLOUGH,4,1200000,YES,,,NO,,,,
76-14-69-90,0638-001-001,OX SEED PLANTER,1,5000,YES,YES,,NO,,,,
80-55-01-46,0639-007-001,HAND HOE,7,35000,YES,,,NO,,,,
80-55-01-46,0639-007-001,HAND-POWERED SPRAYER,1,20000,YES,YES,,NO,,,,
80-55-01-46,0639-007-001,OX PLOUGH,4,1200000,YES,,,NO,,,,
03-58-62-92,0639-007-003,HAND HOE,6,24000,YES,,,NO,,,,
03-58-62-92,0639-007-003,OX PLOUGH,4,1400000,YES,,,NO,,,,
03-58-62-92,0639-007-003,OX SEED PLANTER,1,100000,YES,YES,,NO,,,,
55-68-21-86,0640-001-001,HAND HOE,1,4000,YES,YES,,NO,,,,
03-65-77-41,0641-001-001,HAND HOE,4,20000,YES,,,NO,,,,
04-52-63-04,0642-001-001,HAND HOE,5,35000,YES,,,NO,,,,
86-97-87-20,0642-001-003,HAND HOE,3,27000,YES,,,NO,,,,
15-94-42-33,0642-001-004,HAND HOE,2,14000,YES,,,NO,,,,
96-16-28-77,0642-001-006,HAND HOE,3,4000,YES,,,NO,,,,
04-94-12-79,0642-001-009,HAND HOE,1,3000,NO,YES,,NO,,,,
09-53-11-55,0643-001-001,HAND HOE,4,4000,YES,,,NO,,,,
22-96-87-35,0643-001-004,HAND HOE,2,14000,YES,,,NO,,,,
73-72-53-25,0644-001-001,HAND HOE,2,12000,YES,,,NO,,,,
95-29-04-76,0645-001-001,HAND HOE,2,10000,YES,,,NO,,,,
81-88-93-76,0645-001-003,HAND HOE,4,12000,YES,,,NO,,,,
55-16-13-84,0646-001-001,HAND HOE,2,9000,YES,,,NO,,,,
73-60-06-64,0646-001-002,HAND HOE,4,32000,YES,,,NO,,,,
57-40-27-79,0647-001-001,HAND HOE,2,3000,YES,,,NO,,,,
32-85-24-94,0648-001-001,HAND HOE,2,11000,YES,,,NO,,,,
20-84-09-10,0649-001-001,HAND HOE,1,2000,YES,YES,,NO,,,,
75-45-78-14,0651-001-001,HAND HOE,3,3000,YES,,,NO,,,,
21-41-45-56,0652-001-001,HAND HOE,2,7000,YES,,,NO,,,,
38-47-82-69,0652-003-001,HAND HOE,1,7000,YES,YES,,YES,1,NDUGU,NDANI YA KIJIJI/MJI,0
35-30-83-19,0653-001-001,HAND HOE,3,15000,YES,,,NO,,,,
42-93-81-17,0654-001-001,HAND HOE,4,20000,YES,,,NO,,,,
70-81-65-41,0654-001-002,HAND HOE,2,12000,YES,,,NO,,,,
18-25-55-05,0654-004-001,HAND HOE,4,5000,YES,,,NO,,,,
43-17-73-10,0655-001-001,HAND HOE,1,5000,YES,YES,,YES,2,JIRANI,NDANI YA KIJIJI/MJI,0
45-08-66-74,0657-001-001,HAND HOE,2,8000,YES,,,NO,,,,
80-11-06-01,0658-001-001,HAND HOE,2,3000,YES,,,NO,,,,
08-56-07-13,0661-002-001,HAND HOE,3,15000,YES,,,NO,,,,
51-15-35-70,0662-001-001,HAND HOE,1,5000,YES,YES,,YES,1,NDUGU,NDANI YA KIJIJI/MJI,0
28-98-23-75,0662-002-001,HAND HOE,1,2000,YES,YES,,NO,,,,
10-37-19-93,0662-002-002,HAND HOE,5,15000,YES,,,NO,,,,
10-37-19-93,0662-002-002,GERI CANS/DRUMS,1,35000,YES,YES,,NO,,,,
74-94-37-74,0663-001-001,HAND HOE,2,4000,YES,,,NO,,,,
66-20-63-52,0663-001-002,HAND HOE,0,,NO,,,YES,15,"NYINGINE, TAJA",KARIBU NA KIJIJI,0
69-75-97-36,0663-003-001,HAND HOE,3,6000,YES,,,NO,,,,
05-21-74-76,0664-001-001,HAND HOE,2,3000,YES,,,NO,,,,
59-72-44-58,0665-001-001,HAND HOE,3,6000,YES,,,NO,,,,
59-72-44-58,0665-001-001,HAND-POWERED SPRAYER,1,40000,YES,YES,,NO,,,,
59-72-44-58,0665-001-001,OTHER (SPECIFY),1,3000,YES,YES,,NO,,,,
99-47-56-63,0666-001-001,HAND HOE,4,24000,YES,,,NO,,,,
99-47-56-63,0666-001-001,OTHER (SPECIFY),7,35000,YES,,,NO,,,,
65-31-48-21,0666-003-001,HAND HOE,2,4000,YES,,,NO,,,,
96-55-31-90,0667-001-001,HAND HOE,1,1500,YES,YES,,YES,1,NDUGU,WILAYA NYINGINE,0
20-29-28-71,0668-001-001,HAND HOE,1,5000,YES,YES,,NO,,,,
76-81-55-22,0669-001-001,HAND HOE,5,25000,YES,,,NO,,,,
76-81-55-22,0669-001-001,POWER TILLER,1,6000000,YES,NO,NO NEED FOR ONE,NO,,,,
31-38-25-42,0672-001-001,HAND HOE,2,5000,YES,,,NO,,,,
28-61-27-79,0674-001-001,HAND HOE,1,8000,YES,YES,,NO,,,,
31-50-67-22,0675-001-001,HAND HOE,1,8000,YES,YES,,NO,,,,
22-28-71-98,0675-001-004,HAND HOE,1,4000,YES,YES,,NO,,,,
36-42-77-74,0676-001-001,HAND HOE,3,12000,YES,,,NO,,,,
36-42-77-74,0676-001-001,HAND-POWERED SPRAYER,1,20000,YES,NO,NO NEED FOR ONE,NO,,,,
19-05-54-21,0678-001-001,HAND HOE,2,12000,YES,,,NO,,,,
90-00-57-86,0681-001-002,HAND HOE,4,3000,YES,,,NO,,,,
57-93-70-27,0683-001-001,HAND HOE,2,12000,YES,,,NO,,,,
81-82-35-91,0683-002-002,HAND HOE,4,20000,YES,,,NO,,,,
10-61-49-52,0684-001-002,HAND HOE,2,8000,YES,,,NO,,,,
61-41-06-82,0684-005-001,HAND HOE,4,20000,YES,,,NO,,,,
11-48-68-26,0685-001-001,HAND HOE,3,3000,YES,,,NO,,,,
04-78-48-50,0687-006-002,HAND HOE,8,32000,YES,,,NO,,,,
04-78-48-50,0687-006-002,OTHER (SPECIFY),3,6000,YES,,,NO,,,,
56-57-53-73,0688-001-001,HAND HOE,1,6000,YES,YES,,NO,,,,
23-06-93-51,0689-001-001,HAND HOE,5,4000,YES,,,NO,,,,
75-21-34-64,0689-001-008,HAND HOE,2,3000,YES,,,NO,,,,
27-84-62-21,0694-001-001,HAND HOE,3,4000,YES,,,NO,,,,
91-33-85-80,0695-001-001,HAND HOE,4,4000,YES,,,NO,,,,
91-33-85-80,0695-001-001,OTHER (SPECIFY),1,1500,YES,YES,,NO,,,,
53-85-16-71,0695-004-001,HAND HOE,3,3000,YES,,,NO,,,,
53-85-16-71,0695-004-001,WATERING CAN,1,5000,YES,NO,NO NEED FOR ONE,NO,,,,
64-88-46-60,0695-004-003,HAND HOE,2,8000,YES,,,NO,,,,
78-20-87-66,0696-001-001,HAND HOE,1,2000,YES,NO,NO NEED FOR ONE,NO,,,,
78-20-87-66,0696-001-001,OTHER (SPECIFY),1,1500,YES,YES,,NO,,,,
60-53-18-73,0696-002-001,HAND HOE,1,2500,YES,YES,,YES,1,NDUGU,NDANI YA KIJIJI/MJI,0
96-88-18-26,0696-004-001,HAND HOE,3,3000,YES,,,NO,,,,
54-36-89-43,0697-001-001,HAND HOE,2,12000,YES,,,NO,,,,
71-47-26-16,0698-001-001,HAND HOE,5,20000,YES,,,NO,,,,
84-43-61-13,0698-003-002,HAND HOE,3,15000,YES,,,NO,,,,
04-80-76-28,0698-009-001,HAND HOE,1,6000,YES,YES,,NO,,,,
10-70-45-48,0700-001-001,HAND HOE,2,3000,YES,,,NO,,,,
42-34-18-97,0701-003-001,HAND HOE,1,9000,YES,YES,,NO,,,,
08-00-32-44,0703-001-001,HAND HOE,1,4000,YES,YES,,NO,,,,
91-91-85-71,0706-002-001,HAND HOE,3,15000,YES,,,NO,,,,
91-91-85-71,0706-002-001,OX PLOUGH,0,,NO,,,YES,2,M/BIASHARA BINAFSI,NDANI YA KIJIJI/MJI,20000
91-91-85-71,0706-002-001,OX SEED PLANTER,0,,NO,,,YES,1,M/BIASHARA BINAFSI,NDANI YA KIJIJI/MJI,20000
08-56-40-01,0707-001-001,HAND HOE,3,3000,YES,,,NO,,,,
08-56-40-01,0707-001-001,OX PLOUGH,0,,NO,,,YES,2,M/BIASHARA BINAFSI,KARIBU NA KIJIJI,50000
08-56-40-01,0707-001-001,OX SEED PLANTER,0,,NO,,,YES,1,M/BIASHARA BINAFSI,KARIBU NA KIJIJI,0
08-56-40-01,0707-001-001,WATERING CAN,1,4000,YES,NO,NO NEED FOR ONE,NO,,,,
08-63-44-83,0708-002-001,HAND HOE,1,1,YES,YES,,NO,,,,
93-58-10-12,0709-001-001,HAND HOE,1,3000,YES,NO,NO NEED FOR ONE,NO,,,,
97-10-65-58,0710-001-001,HAND HOE,5,2000,YES,,,NO,,,,
97-10-65-58,0710-001-001,OX PLOUGH,0,,NO,,,YES,4,M/BIASHARA BINAFSI,NDANI YA KIJIJI/MJI,30000
97-10-65-58,0710-001-001,OX SEED PLANTER,0,,NO,,,YES,1,M/BIASHARA BINAFSI,NDANI YA KIJIJI/MJI,0
97-10-65-58,0710-001-001,WATERING CAN,1,5000,YES,NO,NO NEED FOR ONE,NO,,,,
86-12-47-47,0710-003-001,HAND HOE,6,18000,YES,,,NO,,,,
10-28-30-33,0710-003-003,HAND HOE,4,3000,YES,,,NO,,,,
27-62-11-86,0710-004-001,HAND HOE,3,10500,YES,,,NO,,,,
27-62-11-86,0710-004-001,OX SEED PLANTER,0,,NO,,,YES,4,JIRANI,NDANI YA KIJIJI/MJI,20000
95-04-11-03,0711-001-003,HAND HOE,2,3000,YES,,,YES,1,JIRANI,NDANI YA KIJIJI/MJI,0
23-44-89-46,0714-001-002,HAND HOE,1,8000,YES,YES,,NO,,,,
23-15-28-86,0715-001-001,HAND HOE,1,8000,YES,YES,,NO,,,,
55-95-90-52,0715-004-001,HAND HOE,4,8000,YES,,,NO,,,,
55-95-90-52,0715-004-001,OX PLOUGH,2,0,NO,,,YES,2,RAFIKI,NDANI YA KIJIJI/MJI,66000
42-21-63-58,0717-001-001,HAND HOE,7,14000,YES,,,NO,,,,
83-10-26-19,0718-001-001,HAND HOE,5,3000,YES,,,NO,,,,
93-92-62-88,0718-010-001,HAND HOE,3,3000,YES,,,NO,,,,
88-78-07-94,0719-001-001,HAND HOE,2,2000,YES,,,NO,,,,
02-98-67-18,0720-001-001,HAND HOE,10,20000,YES,,,NO,,,,
01-38-32-24,0720-001-011,HAND HOE,8,16000,YES,,,NO,,,,
35-71-36-18,0720-010-001,HAND HOE,3,2000,YES,,,NO,,,,
89-74-22-66,0720-010-006,HAND HOE,7,3000,YES,,,NO,,,,
89-74-22-66,0720-010-006,GERI CANS/DRUMS,6,10000,YES,,,NO,,,,
64-88-68-03,0720-015-001,HAND HOE,2,2000,YES,,,NO,,,,
36-91-51-52,0720-015-004,HAND HOE,2,8000,YES,,,NO,,,,
29-58-22-46,0721-002-001,HAND HOE,4,4000,YES,,,NO,,,,
19-95-64-63,0722-001-001,HAND HOE,3,21000,YES,,,NO,,,,
00-12-69-11,0723-001-001,HAND HOE,3,3000,YES,,,NO,,,,
73-62-20-14,0724-001-001,HAND HOE,4,2000,YES,,,NO,,,,
47-46-81-24,0724-002-001,HAND HOE,3,12000,YES,,,NO,,,,
23-09-64-22,0725-001-001,HAND HOE,3,3000,YES,,,NO,,,,
83-43-91-36,0726-001-001,HAND HOE,2,6000,YES,,,NO,,,,
52-19-00-24,0726-004-001,HAND HOE,3,2500,YES,,,NO,,,,
71-44-85-61,0727-001-001,HAND HOE,5,10000,YES,,,NO,,,,
87-68-89-36,0729-001-002,HAND HOE,2,10000,YES,,,NO,,,,
53-00-35-57,0729-003-001,HAND HOE,2,4000,YES,,,NO,,,,
70-01-13-20,0729-004-001,HAND HOE,2,3000,YES,,,NO,,,,
41-67-65-60,0731-001-001,HAND HOE,2,3000,YES,,,NO,,,,
93-89-30-03,0731-001-003,HAND HOE,2,12000,YES,,,NO,,,,
59-42-39-17,0732-001-001,HAND HOE,2,3000,YES,,,NO,,,,
63-80-38-30,0733-001-001,HAND HOE,5,20000,YES,,,NO,,,,
16-05-60-08,0734-001-001,HAND HOE,4,10000,YES,,,NO,,,,
05-65-41-70,0736-003-001,HAND HOE,8,3000,YES,,,NO,,,,
05-65-41-70,0736-003-001,OTHER (SPECIFY),1,4000,YES,YES,,NO,,,,
84-20-01-44,0736-003-003,HAND HOE,0,,NO,,,YES,2,NDUGU,NDANI YA KIJIJI/MJI,0
61-19-90-97,0736-003-004,HAND HOE,3,6000,YES,,,NO,,,,
31-03-28-85,0736-003-005,HAND HOE,2,3000,YES,,,NO,,,,
99-14-00-70,0736-003-006,HAND HOE,2,2000,YES,,,NO,,,,
97-65-53-21,0737-001-001,HAND HOE,3,15000,YES,,,NO,,,,
08-34-94-62,0738-001-001,HAND HOE,2,3000,YES,,,NO,,,,
25-22-14-90,0739-001-001,HAND HOE,6,30000,YES,,,NO,,,,
71-49-87-81,0740-001-001,HAND HOE,5,3000,YES,,,NO,,,,
71-49-87-81,0740-001-001,OX PLOUGH,0,,NO,,,YES,2,JIRANI,NDANI YA KIJIJI/MJI,55000
71-49-87-81,0740-001-001,OX SEED PLANTER,0,,NO,,,YES,1,JIRANI,NDANI YA KIJIJI/MJI,0
46-44-66-21,0740-003-001,HAND HOE,3,15000,YES,,,NO,,,,
09-76-22-49,0741-001-001,HAND HOE,3,15000,YES,,,YES,3,JIRANI,NDANI YA KIJIJI/MJI,0
09-76-22-49,0741-001-001,OX PLOUGH,0,,NO,,,YES,2,M/BIASHARA BINAFSI,NDANI YA KIJIJI/MJI,30000
09-76-22-49,0741-001-001,OX SEED PLANTER,0,,NO,,,YES,1,M/BIASHARA BINAFSI,NDANI YA KIJIJI/MJI,10000
14-06-51-04,0741-001-004,HAND HOE,2,2000,YES,,,NO,,,,
50-01-48-22,0742-001-001,HAND HOE,4,3000,YES,,,NO,,,,
94-01-64-67,0742-006-001,HAND HOE,1,3000,YES,NO,NO NEED FOR ONE,NO,,,,
54-99-39-86,0743-001-001,HAND HOE,2,10000,YES,,,NO,,,,
82-79-20-90,0743-001-002,HAND HOE,3,9000,YES,,,NO,,,,
11-42-87-71,0744-001-001,HAND HOE,3,15000,YES,,,NO,,,,
11-42-87-71,0744-001-001,OX SEED PLANTER,1,120000,YES,YES,,NO,,,,
43-11-94-86,0744-005-002,HAND HOE,2,10000,YES,,,YES,1,NDUGU,NDANI YA KIJIJI/MJI,0
83-40-04-19,0745-001-001,HAND HOE,6,48000,YES,,,NO,,,,
83-40-04-19,0745-001-001,OX SEED PLANTER,0,,NO,,,YES,1,M/BIASHARA BINAFSI,NDANI YA KIJIJI/MJI,30000
30-77-22-01,0746-001-001,HAND HOE,4,2000,YES,,,NO,,,,
31-95-03-62,0747-001-001,HAND HOE,7,28000,YES,,,NO,,,,
90-66-22-54,0748-001-001,HAND HOE,4,16000,YES,,,NO,,,,
40-92-93-80,0748-006-001,HAND HOE,3,21000,YES,,,NO,,,,
20-93-75-06,0749-001-001,HAND HOE,3,3000,YES,,,NO,,,,
20-93-75-06,0749-001-001,WATERING CAN,1,400,YES,YES,,NO,,,,
40-49-15-42,0751-001-001,HAND HOE,3,5000,YES,,,NO,,,,
17-99-56-15,0751-001-009,HAND HOE,1,3000,NO,NO,NO NEED FOR ONE,NO,,,,
25-72-15-56,0752-001-001,HAND HOE,6,18000,YES,,,NO,,,,
89-85-01-84,0752-004-001,HAND HOE,10,2000,YES,,,NO,,,,
89-85-01-84,0752-004-001,HAND-POWERED SPRAYER,2,25000,YES,,,NO,,,,
89-85-01-84,0752-004-001,OX PLOUGH,8,400000,YES,,,NO,,,,
89-85-01-84,0752-004-001,OX SEED PLANTER,1,120000,YES,YES,,NO,,,,
89-85-01-84,0752-004-001,TRACTOR,0,,NO,,,YES,1,NDUGU,NDANI YA KIJIJI/MJI,0
89-85-01-84,0752-004-001,TRACTOR PLOUGH,1,10000000,YES,NO,OTHER,NO,,,,
89-85-01-84,0752-004-001,GERI CANS/DRUMS,1,40000,YES,NO,NO NEED FOR ONE,NO,,,,
89-85-01-84,0752-004-001,OTHER (SPECIFY),2,300000,YES,,,NO,,,,
78-50-22-98,0752-004-005,HAND HOE,10,30000,YES,,,NO,,,,
78-50-22-98,0752-004-005,OX PLOUGH,3,600000,YES,,,NO,,,,
78-50-22-98,0752-004-005,OX SEED PLANTER,2,120000,YES,,,NO,,,,
91-74-73-51,0752-021-001,HAND HOE,5,35000,YES,,,NO,,,,
79-31-15-72,0754-001-001,HAND HOE,2,12000,YES,,,NO,,,,
33-76-14-08,0755-001-001,HAND HOE,4,20000,YES,,,NO,,,,
33-76-14-08,0755-001-001,TRACTOR PLOUGH,0,,NO,,,YES,1,M/BIASHARA BINAFSI,KARIBU NA KIJIJI,140000
33-76-14-08,0755-001-001,TRACTOR HARROW,0,,NO,,,YES,1,M/BIASHARA BINAFSI,KARIBU NA KIJIJI,0
68-57-50-23,0756-001-001,HAND HOE,2,7000,YES,,,NO,,,,
68-57-50-23,0756-001-001,HAND-POWERED SPRAYER,0,,NO,,,YES,1,RAFIKI,NDANI YA KIJIJI/MJI,0
68-57-50-23,0756-001-001,TRACTOR PLOUGH,0,,NO,,,YES,1,M/BIASHARA BINAFSI,MKOA MWINGINE,120000
68-57-50-23,0756-001-001,TRACTOR HARROW,0,,NO,,,YES,1,M/BIASHARA BINAFSI,MKOA MWINGINE,0
68-57-50-23,0756-001-001,HAND MILL/GRINDER,0,,NO,,,YES,1,M/BIASHARA BINAFSI,MKOA MWINGINE,80000
29-44-66-61,0756-001-003,HAND-POWERED SPRAYER,1,30000,YES,YES,,NO,,,,
77-60-75-93,0757-001-001,HAND HOE,2,8000,YES,,,NO,,,,
77-60-75-93,0757-001-001,TRACTOR PLOUGH,0,,NO,,,YES,1,M/BIASHARA BINAFSI,MKOA MWINGINE,180000
77-60-75-93,0757-001-001,TRACTOR HARROW,0,,NO,,,YES,1,DUKANI/MCHUUZI,MKOA MWINGINE,0
29-14-45-66,0758-001-001,HAND HOE,2,9000,YES,,,NO,,,,
29-14-45-66,0758-001-001,OX PLOUGH,0,,NO,,,YES,4,M/BIASHARA BINAFSI,NDANI YA KIJIJI/MJI,30000
29-14-45-66,0758-001-001,TRACTOR PLOUGH,0,,NO,,,YES,1,M/BIASHARA BINAFSI,NDANI YA KIJIJI/MJI,28000
42-51-30-36,0759-001-001,HAND HOE,2,10000,YES,,,NO,,,,
95-00-47-94,0761-001-001,HAND HOE,1,10000,YES,YES,,YES,1,JIRANI,NDANI YA KIJIJI/MJI,0
27-22-49-12,0762-001-001,HAND HOE,2,8000,YES,,,NO,,,,
13-97-20-68,0767-001-001,HAND HOE,3,21000,YES,,,NO,,,,
13-97-20-68,0767-001-001,WATERING CAN,2,10000,YES,,,NO,,,,
46-73-72-80,0768-001-001,HAND HOE,1,5000,YES,NO,NO NEED FOR ONE,NO,,,,
04-07-97-71,0768-001-011,HAND HOE,1,5000,YES,YES,,NO,,,,
84-08-67-79,0769-001-001,HAND HOE,2,14000,YES,,,NO,,,,
46-36-03-77,0771-001-001,HAND HOE,3,21000,YES,,,NO,,,,
27-60-85-20,0772-002-001,HAND HOE,1,5000,YES,YES,,NO,,,,
63-77-64-08,0773-001-001,HAND HOE,1,5000,YES,YES,,YES,1,JIRANI,NDANI YA KIJIJI/MJI,0
16-44-54-61,0773-001-003,HAND HOE,1,12000,YES,YES,,NO,,,,
36-12-98-96,0775-001-001,HAND HOE,2,14000,YES,,,YES,2,JIRANI,NDANI YA KIJIJI/MJI,0
36-12-98-96,0775-001-001,GERI CANS/DRUMS,2,5000,YES,,,NO,,,,
39-76-12-55,0776-001-001,HAND HOE,1,500,YES,YES,,NO,,,,
39-76-12-55,0776-001-001,TRACTOR,1,200000,YES,YES,,NO,,,,
05-60-96-11,0777-001-001,HAND HOE,1,5000,YES,YES,,YES,2,NDUGU,NDANI YA KIJIJI/MJI,0
05-60-96-11,0777-001-001,GERI CANS/DRUMS,10,1000,YES,,,NO,,,,
70-77-85-90,0778-001-001,HAND HOE,1,10000,YES,YES,,NO,,,,
26-99-83-49,0781-001-001,HAND HOE,2,15000,YES,,,NO,,,,
01-05-09-28,0783-001-001,HAND HOE,2,1000,YES,,,NO,,,,
77-42-27-12,0785-001-001,HAND HOE,2,14000,YES,,,NO,,,,
92-08-19-67,0785-001-006,HAND HOE,2,10000,YES,,,NO,,,,
95-80-30-88,0786-002-001,HAND HOE,4,20000,YES,,,NO,,,,
25-16-84-50,0787-001-001,HAND HOE,1,5000,YES,YES,,NO,,,,
25-16-84-50,0787-001-001,HAND-POWERED SPRAYER,1,20000,YES,YES,,NO,,,,
19-49-98-57,0791-001-001,HAND HOE,1,5000,YES,YES,,NO,,,,
05-09-03-42,0797-002-002,HAND HOE,4,28000,YES,,,NO,,,,
71-32-37-07,0802-001-001,HAND HOE,1,3000,YES,YES,,NO,,,,
92-17-59-19,0816-003-002,HAND HOE,1,5000,YES,YES,,NO,,,,
48-50-14-55,0820-001-003,HAND HOE,1,5000,YES,NO,NO NEED FOR ONE,NO,,,,
01-82-06-82,0824-001-001,HAND HOE,1,20000,YES,YES,,NO,,,,
41-91-45-72,0824-001-003,HAND HOE,1,10000,NO,NO,OTHER,NO,,,,
58-95-90-74,0824-001-006,HAND HOE,1,5000,YES,NO,NO NEED FOR ONE,NO,,,,
11-50-63-98,0828-001-001,HAND HOE,2,15000,YES,,,NO,,,,
34-57-47-47,0828-001-002,HAND HOE,1,5000,YES,YES,,NO,,,,
23-48-92-58,0829-001-001,HAND HOE,2,14000,YES,,,NO,,,,
76-13-11-27,0830-001-001,HAND HOE,2,12000,YES,,,NO,,,,
72-69-44-72,0831-001-001,HAND HOE,1,7000,YES,YES,,NO,,,,
37-58-14-59,0836-001-002,HAND HOE,1,5000,YES,YES,,NO,,,,
57-18-74-95,0839-001-002,HAND HOE,1,10000,YES,YES,,NO,,,,
95-47-50-34,0839-001-003,HAND HOE,1,3000,YES,YES,,NO,,,,
42-31-29-16,0839-002-001,HAND HOE,1,1000,YES,YES,,NO,,,,
34-83-13-34,0840-001-002,HAND HOE,1,7000,YES,YES,,NO,,,,
70-81-71-72,0840-001-003,HAND HOE,2,10000,YES,,,NO,,,,
50-33-65-85,0841-001-001,HAND HOE,3,9000,YES,,,NO,,,,
27-07-45-94,0842-001-001,HAND HOE,2,20000,YES,,,NO,,,,
55-18-26-79,0843-001-001,HAND HOE,2,5000,YES,,,NO,,,,
27-80-16-97,0844-001-001,HAND HOE,2,14000,YES,,,NO,,,,
36-98-27-89,0844-001-002,HAND HOE,1,10000,YES,YES,,NO,,,,
15-99-63-51,0844-004-001,HAND HOE,4,20000,YES,,,NO,,,,
07-65-39-81,0846-001-001,HAND HOE,4,20000,YES,,,NO,,,,
61-34-55-28,0848-001-001,HAND HOE,1,2000,YES,YES,,NO,,,,
37-95-22-04,0848-001-004,HAND HOE,1,5000,YES,YES,,NO,,,,
37-95-22-04,0848-001-004,TRACTOR,1,200000,YES,YES,,NO,,,,
40-93-38-08,0849-001-001,HAND HOE,2,10000,YES,,,NO,,,,
58-09-73-47,0850-001-002,HAND HOE,3,15000,YES,,,NO,,,,
28-86-83-55,0850-001-003,HAND HOE,4,24000,YES,,,NO,,,,
37-11-18-81,0851-001-001,HAND HOE,1,15000,YES,YES,,NO,,,,
34-55-40-03,0852-001-001,HAND HOE,4,28000,YES,,,NO,,,,
39-32-39-90,0852-001-002,HAND HOE,2,10000,YES,,,NO,,,,
08-17-94-34,0854-001-001,HAND HOE,3,15000,YES,,,NO,,,,
68-74-43-56,0855-001-001,HAND HOE,2,5000,YES,,,NO,,,,
07-03-83-06,0856-001-001,HAND HOE,3,15000,YES,,,NO,,,,
88-80-22-55,0856-001-003,HAND HOE,2,10000,YES,,,NO,,,,
26-93-79-69,0857-001-001,HAND HOE,3,45000,YES,,,NO,,,,
43-58-88-26,0858-001-001,HAND HOE,1,9000,YES,YES,,NO,,,,
