interview__key,interview__id,cm_e01,cm_e02,cm_e03,cm_e04__1,cm_e04__2,cm_e04__3,cm_e04__4,cm_e05,cm_e06,cm_e07_1,cm_e07_2,cm_e08,cm_e09,cm_e10,cm_e11,cm_e12,cm_e13,cm_e14,cm_e15,cm_e16,cm_e17,cm_e18,cm_e19_b,cm_e19_c,cm_e20__1,cm_e20__2,cm_e20__3,cm_e20__4,cm_e20__5,cm_e20__6,cm_e20__7,cm_e20__8,cm_e20__9,cm_e20__10,cm_e20__11,cm_e20__12,cm_e21
00-38-24-76,0ce0fcb13c7345d8945eb2f302740929,YES,1,70,0,1,0,0,NO,,SONGEA,27,6000,0,20,NO,,,HAKUNA KABISA,,A BIT TOO MUCH,ZIMECHELEWA KIASI,NO,,,,,,,,,,,,,,,
02-02-79-43,37d2707d4ec14e69947bfb16aa2b2ff6,NO,,,,,,,NO,,MWAMIGAGANI,2,6000,1,3,NO,,,A BIT TOO MUCH,A BIT TOO EARLY,NEITHER TOO MUCH NOR TOO LITTLE,MAPEMA KIDOGO,NO,,,,,,,,,,,,,,,
02-89-18-75,e89465ad4ad14052b67a34227003ed04,YES,1,120,1,1,0,0,YES,6000,KINAMWIGULU,0.5,6000,13,3,NO,,,NEITHER TOO MUCH NOR TOO LITTLE,A BIT TOO EARLY,A BIT TOO LITTLE,ZIMECHELEWA KIASI,YES,TABORA,UYUI,NO,NO,NO,NO,NO,YES,YES,NO,NO,NO,NO,NO,MORE FREQUENTLY
04-03-80-29,f7747305b77144cfa7b041a36bb5c6f3,NO,,,,,,,NO,,,,,,,NO,,,A BIT TOO MUCH,A BIT TOO EARLY,FAR TOO MUCH,MAPEMA KIDOGO,NO,,,,,,,,,,,,,,,
05-55-91-44,df4ee16f1172451f91d6fffcbf4d0f5b,YES,2,200,1,1,0,1,YES,5000,MISASI,8,5000,0,2,NO,,,A BIT TOO LITTLE,A BIT TOO LATE,A BIT TOO LITTLE,ZIMECHELEWA KIASI,YES,GEITA,NYANG'HWALE,NO,NO,NO,NO,NO,NO,YES,YES,NO,NO,NO,NO,MORE FREQUENTLY
05-87-69-99,f621454e5014449c9bc657e0309c92fb,NO,,,,,,,YES,6000,MAJENGO,0.5,6000,14,35,NO,,,NEITHER TOO MUCH NOR TOO LITTLE,A BIT TOO EARLY,A BIT TOO MUCH,MAPEMA KIDOGO,NO,,,,,,,,,,,,,,,
06-97-07-65,70cee60cdbc8429aaad67568952024f5,YES,10,100,1,1,0,0,YES,5000,KAHAMA,35,5000,2,4,NO,,,NEITHER TOO MUCH NOR TOO LITTLE,A BIT TOO LATE,A BIT TOO LITTLE,ZIMECHELEWA KIASI,YES,SHINYANGA,KAHAMA RURAL,NO,NO,YES,YES,YES,YES,NO,NO,NO,NO,NO,NO,ABOUT THE SAME
07-10-13-64,1e471a9174f74534b818dee15615dd74,NO,,,,,,,NO,,BUKOBA MJINI,4,6000,0,1,YES,100,100,NEITHER TOO MUCH NOR TOO LITTLE,NEITHER TOO EARLY NOR TOO LATE,NEITHER TOO MUCH NOR TOO LITTLE,SIO MAPEMA SANA NA HAZIKUCHELEWA SANA,NO,,,,,,,,,,,,,,,
07-11-34-82,31fb3bca6d3b43698db1957b398d77a0,YES,1,70,1,1,1,0,NO,,TANGA MJINI,20,7000,0,2,NO,,,A BIT TOO MUCH,FAR TOO EARLY,FAR TOO MUCH,MAPEMA MNO,NO,,,,,,,,,,,,,,,
08-82-56-89,83d7b59d13cb4bb5b32accff1f9ea5d4,NO,,,,,,,NO,,MWANAKWEREKWE SOKONI,4.3,,0,0,NO,,,A BIT TOO MUCH,NEITHER TOO EARLY NOR TOO LATE,A BIT TOO LITTLE,SIO MAPEMA SANA NA HAZIKUCHELEWA SANA,NO,,,,,,,,,,,,,,,
09-53-95-80,7a966f4342544e5d8a4f509d93144d44,YES,4,80,0,1,1,0,YES,1200,DUNGA,4,1200,0,0,YES,34,27,NEITHER TOO MUCH NOR TOO LITTLE,A BIT TOO LATE,A BIT TOO MUCH,MAPEMA KIDOGO,NO,,,,,,,,,,,,,,,
09-89-32-62,7531dbe7719840a8958bd356c2ac5d39,NO,,,,,,,NO,,MASASI,1,6000,9,22,NO,,,A BIT TOO MUCH,NEITHER TOO EARLY NOR TOO LATE,A BIT TOO MUCH,MAPEMA KIDOGO,NO,,,,,,,,,,,,,,,
11-92-08-10,a5208d1d003448f9975ff600aa217c79,YES,1,100,1,1,0,0,YES,6800,SAWALA KATI,0.5,6000,0,0,NO,,,NEITHER TOO MUCH NOR TOO LITTLE,A BIT TOO LATE,FAR TOO MUCH,MAPEMA KIDOGO,NO,,,,,,,,,,,,,,,
12-62-55-70,6ecc3993ce624f11a56efeb6e8a6e46c,NO,,,,,,,YES,6000,OLKEREYAN,2,6000,15,4,YES,30,30,A BIT TOO MUCH,A BIT TOO EARLY,NEITHER TOO MUCH NOR TOO LITTLE,SIO MAPEMA SANA NA HAZIKUCHELEWA SANA,NO,,,,,,,,,,,,,,,
13-02-30-20,a063448c8636444eae6aad2f848522dc,YES,1,100,1,1,0,0,YES,6000,IGUNGA,9,6000,0,0,NO,,,A BIT TOO MUCH,NEITHER TOO EARLY NOR TOO LATE,A BIT TOO MUCH,ZIMECHELEWA KIASI,YES,TABORA,UYUI,NO,NO,NO,YES,NO,YES,YES,YES,YES,NO,NO,NO,MORE FREQUENTLY
13-68-66-17,511c83e5e15046ed98e9060a37d41519,YES,4,100,1,1,0,0,YES,5000,KAKUBILO,10,5000,4,8,NO,,,NEITHER TOO MUCH NOR TOO LITTLE,NEITHER TOO EARLY NOR TOO LATE,NEITHER TOO MUCH NOR TOO LITTLE,SIO MAPEMA SANA NA HAZIKUCHELEWA SANA,NO,,,,,,,,,,,,,,,
15-62-26-36,056d1807f1c14922844f31c04567b58c,YES,4,70,1,1,1,0,NO,,MPWAPWA,30,6000,0,2,NO,,,A BIT TOO LITTLE,A BIT TOO LATE,NEITHER TOO MUCH NOR TOO LITTLE,SIO MAPEMA SANA NA HAZIKUCHELEWA SANA,NO,,,,,,,,,,,,,,,
17-44-31-38,30299a0347684d85a081732dac2645c2,YES,2,200,1,1,0,1,NO,,KAMENA,10,6000,1,4,NO,,,NEITHER TOO MUCH NOR TOO LITTLE,NEITHER TOO EARLY NOR TOO LATE,A BIT TOO LITTLE,ZIMECHELEWA KIASI,NO,,,,,,,,,,,,,,,
18-41-66-68,abba7aacf6bd430abdb799d7392b3263,NO,,,,,,,NO,,IRINGA,8,6000,27,52,NO,,,NEITHER TOO MUCH NOR TOO LITTLE,A BIT TOO EARLY,A BIT TOO MUCH,ZIMECHELEWA KIASI,NO,,,,,,,,,,,,,,,
18-80-62-81,fc58f222acd34fdaaa10a4482f857b87,YES,8,15,1,1,1,1,YES,6000,MKULULU,0.5,6000,6,13,NO,,,A BIT TOO LITTLE,A BIT TOO EARLY,A BIT TOO MUCH,MAPEMA KIDOGO,NO,,,,,,,,,,,,,,,
20-30-71-22,e96e440ee21b4efb9693badf1a06045d,NO,,,,,,,NO,,,,,0,0,NO,,,A BIT TOO MUCH,A BIT TOO EARLY,FAR TOO MUCH,MAPEMA KIDOGO,NO,,,,,,,,,,,,,,,
20-44-07-11,4de26cc5c5b94b939e9807733b799043,NO,,,,,,,NO,,KAHAMA,22,5000,3,2,NO,,,NEITHER TOO MUCH NOR TOO LITTLE,A BIT TOO EARLY,NEITHER TOO MUCH NOR TOO LITTLE,MAPEMA KIDOGO,NO,,,,,,,,,,,,,,,
20-54-88-99,191bac5effcc4e8eb4820a219f788298,YES,1,7,1,1,0,0,NO,,KILWA MASOKO,70,5000,1,5,NO,,,NEITHER TOO MUCH NOR TOO LITTLE,A BIT TOO LATE,FAR TOO MUCH,ZILICHELEWA MNO,NO,,,,,,,,,,,,,,,
22-13-17-39,ad3714adc3f848deb63b0052ab4cf851,NO,,,,,,,NO,,,,,,,NO,,,A BIT TOO LITTLE,A BIT TOO LATE,FAR TOO MUCH,ZILICHELEWA MNO,NO,,,,,,,,,,,,,,,
22-36-82-20,690c7a7455b145ab8afffb004c17d093,,,,,,,,,,,,,,,,,,,,,,,,,,,,,,,,,,,,,
23-08-64-00,5231257adaae4f9e9402790e39f370da,NO,,,,,,,YES,6000,BUYUBI KIJIJINI,1,6000,30,6,NO,,,A BIT TOO LITTLE,FAR TOO EARLY,NEITHER TOO MUCH NOR TOO LITTLE,MAPEMA MNO,YES,KATAVI,MPANDA RURAL,NO,NO,NO,NO,NO,YES,YES,YES,YES,NO,NO,NO,MORE FREQUENTLY
23-50-18-07,67b1bda0005c474e8b1c556ecc9d979b,NO,,,,,,,NO,,DUKA LA PEMBEJEO LA MUSHI -LEGANGA,3,6000,2,5,YES,50,20,NEITHER TOO MUCH NOR TOO LITTLE,A BIT TOO EARLY,A BIT TOO MUCH,SIO MAPEMA SANA NA HAZIKUCHELEWA SANA,NO,,,,,,,,,,,,,,,
26-01-35-71,1a89b01a018442de91019f2480210c16,YES,5,130,0,1,0,0,NO,,KAYANGA,15,6000,0,2,NO,,,NEITHER TOO MUCH NOR TOO LITTLE,FAR TOO EARLY,NEITHER TOO MUCH NOR TOO LITTLE,MAPEMA KIDOGO,YES,KAGERA,KARAGWE,NO,NO,NO,NO,NO,YES,NO,NO,NO,NO,NO,NO,LESS FREQUENTLY
27-76-57-67,6084a9b04f664329b70ef497dd86dce1,NO,,,,,,,YES,4000,LITUHI A,0.5,4000,12,26,NO,,,NEITHER TOO MUCH NOR TOO LITTLE,A BIT TOO EARLY,NEITHER TOO MUCH NOR TOO LITTLE,SIO MAPEMA SANA NA HAZIKUCHELEWA SANA,NO,,,,,,,,,,,,,,,
28-24-52-85,990034e809fa48b0b4571f405a4432fc,NO,,,,,,,NO,,KATORO,6,6000,3,5,NO,,,FAR TOO LITTLE,A BIT TOO LATE,A BIT TOO LITTLE,ZIMECHELEWA KIASI,NO,,,,,,,,,,,,,,,
29-45-30-48,3097b1c11c524406985376a740850ef9,NO,,,,,,,NO,,KWEREKWE,1.1,,0,0,NO,,,FAR TOO MUCH,A BIT TOO EARLY,FAR TOO MUCH,MAPEMA KIDOGO,NO,,,,,,,,,,,,,,,
30-09-51-13,f9be912d046349aea4ee3c4be9b4011f,YES,1,320,1,1,0,1,NO,,MBINGA MJINI,73,6000,0,2,NO,,,NEITHER TOO MUCH NOR TOO LITTLE,NEITHER TOO EARLY NOR TOO LATE,NEITHER TOO MUCH NOR TOO LITTLE,SIO MAPEMA SANA NA HAZIKUCHELEWA SANA,NO,,,,,,,,,,,,,,,
30-33-90-95,e4840e64b0ba4c2f8a7aa0465b8f5a83,NO,,,,,,,YES,6000,KITETE SOKONI,2,6000,10,4,NO,,,A BIT TOO MUCH,A BIT TOO EARLY,A BIT TOO LITTLE,ZIMECHELEWA KIASI,NO,,,,,,,,,,,,,,,
30-62-06-20,200d18e6c0c549a18bf81f92f342d9af,NO,,,,,,,YES,6000,UYOLE,0.5,6000,0,20,NO,,,NEITHER TOO MUCH NOR TOO LITTLE,A BIT TOO EARLY,FAR TOO MUCH,MAPEMA MNO,NO,,,,,,,,,,,,,,,
31-65-46-62,a2ad9a49773544a089ae7b0de1afb02e,YES,15,300,0,1,0,0,NO,,MASASI,12,6000,0,0,YES,40,12,FAR TOO LITTLE,FAR TOO LATE,NEITHER TOO MUCH NOR TOO LITTLE,MAPEMA KIDOGO,NO,,,,,,,,,,,,,,,
31-85-38-91,cfb6c3921a0c490b850885db16c57eaa,NO,,,,,,,NO,,KARATU,17,14000,10,20,YES,40,25,FAR TOO LITTLE,FAR TOO LATE,A BIT TOO MUCH,ZIMECHELEWA KIASI,YES,MANYARA,BABATI URBAN,NO,NO,NO,NO,NO,NO,NO,NO,NO,YES,NO,NO,LESS FREQUENTLY
33-55-09-45,89de976d6cc34dbe94967d6e3e695790,NO,,,,,,,YES,6000,UNYAMWANGA,0.5,6000,0,0,NO,,,FAR TOO MUCH,A BIT TOO LATE,FAR TOO MUCH,MAPEMA KIDOGO,NO,,,,,,,,,,,,,,,
33-72-24-83,4cfd0cd741cb4a4b84869c2dae6c4b04,YES,6,120,1,0,0,1,NO,,RUSOLU,0.5,6000,2,0,NO,,,NEITHER TOO MUCH NOR TOO LITTLE,A BIT TOO LATE,HAKUNA KABISA,,YES,MARA,MUSOMA RURAL,NO,NO,NO,NO,NO,NO,YES,YES,YES,NO,NO,NO,LESS FREQUENTLY
35-27-23-87,81aca7c32fc24f65b82757f87361e714,YES,1,1400,1,1,0,0,YES,6000,MWASHEGESHI,0.5,6000,10,7,YES,30,30,FAR TOO MUCH,FAR TOO EARLY,A BIT TOO MUCH,ZIMECHELEWA KIASI,YES,TABORA,UYUI,NO,NO,YES,YES,NO,NO,NO,NO,NO,NO,NO,NO,LESS FREQUENTLY
35-33-68-74,a8229d91390e4205a80800052861859f,NO,,,,,,,NO,,HANDENI MJINI,7,6000,3,8,NO,,,A BIT TOO MUCH,FAR TOO EARLY,A BIT TOO LITTLE,ZIMECHELEWA KIASI,NO,,,,,,,,,,,,,,,
35-41-69-49,441cbbac03d4483a910c97b86e915694,YES,2,90,1,1,0,0,YES,6000,NKOME,4,6000,2,8,NO,,,A BIT TOO MUCH,A BIT TOO EARLY,NEITHER TOO MUCH NOR TOO LITTLE,SIO MAPEMA SANA NA HAZIKUCHELEWA SANA,NO,,,,,,,,,,,,,,,
36-50-88-69,dc4e1622bed54f5994c6447485ea21b8,NO,,,,,,,NO,,KATANI KIHESA,2,2000,25,30,NO,,,NEITHER TOO MUCH NOR TOO LITTLE,NEITHER TOO EARLY NOR TOO LATE,A BIT TOO MUCH,SIO MAPEMA SANA NA HAZIKUCHELEWA SANA,NO,,,,,,,,,,,,,,,
39-62-52-70,eb7535bc9c3242b79efa2aa9e2146ab1,NO,,,,,,,NO,,TANDAHIMBA,13,6000,0,0,NO,,,A BIT TOO MUCH,A BIT TOO EARLY,NEITHER TOO MUCH NOR TOO LITTLE,MAPEMA KIDOGO,NO,,,,,,,,,,,,,,,
41-09-15-87,cadf44ea87f749ee88ebad960d90d593,YES,1,5,1,1,0,1,YES,6000,NAMANYERE,8,6000,2,0,NO,,,FAR TOO MUCH,FAR TOO EARLY,A BIT TOO MUCH,MAPEMA MNO,YES,RUKWA,KALAMBO,NO,NO,NO,NO,NO,NO,NO,NO,NO,YES,YES,YES,LESS FREQUENTLY
41-18-00-07,41fa6fb67a0f40a39132473588494e9a,NO,,,,,,,YES,6000,MERERANI,1,6000,7,35,NO,,,A BIT TOO LITTLE,A BIT TOO EARLY,A BIT TOO MUCH,SIO MAPEMA SANA NA HAZIKUCHELEWA SANA,YES,DODOMA,KONDOA,NO,NO,NO,NO,NO,NO,NO,NO,YES,YES,NO,NO,LESS FREQUENTLY
41-61-33-79,cab225f9391f45d29185534752f6faa2,NO,,,,,,,YES,1000,WETE,1.6,,0,0,YES,28,21,FAR TOO MUCH,A BIT TOO EARLY,NEITHER TOO MUCH NOR TOO LITTLE,MAPEMA KIDOGO,NO,,,,,,,,,,,,,,,
44-03-77-28,ae08aa0fc1ef442e9b85e374fd2d302e,YES,8,110,0,1,1,0,NO,,KONDE,12,,0,0,YES,48,30,NEITHER TOO MUCH NOR TOO LITTLE,A BIT TOO EARLY,NEITHER TOO MUCH NOR TOO LITTLE,SIO MAPEMA SANA NA HAZIKUCHELEWA SANA,NO,,,,,,,,,,,,,,,
44-18-35-56,b87eb021ceed4b37a7e60068d310c713,NO,,,,,,,NO,,MRERE-MASHATI,2,12000,0,0,YES,200,80,,A BIT TOO LATE,NEITHER TOO MUCH NOR TOO LITTLE,MAPEMA KIDOGO,NO,,,,,,,,,,,,,,,
44-56-89-95,d84c0c0a62624f01a957a265a387cb02,NO,,,,,,,NO,,KARATU,1,6000,0,0,NO,,,A BIT TOO MUCH,NEITHER TOO EARLY NOR TOO LATE,A BIT TOO MUCH,MAPEMA MNO,NO,,,,,,,,,,,,,,,
49-27-23-78,533349b1146d4ef9ad2c4b65e2008cbc,NO,,,,,,,NO,,WETE,14,1200,0,0,NO,,,A BIT TOO MUCH,FAR TOO EARLY,FAR TOO MUCH,MAPEMA KIDOGO,NO,,,,,,,,,,,,,,,
49-39-29-87,cceaea2310414387a386ca36393931b1,YES,,,,,,,,,,,,,,,,,,,,,,,,,,,,,,,,,,,,
51-28-29-37,93041b54f68a4ce1aef5e9a4ecc655dd,YES,2,15,1,1,0,0,NO,,BUKOBA MJINI,1,6000,3,5,NO,,,A BIT TOO MUCH,A BIT TOO LATE,FAR TOO MUCH,SIO MAPEMA SANA NA HAZIKUCHELEWA SANA,NO,,,,,,,,,,,,,,,
53-18-09-90,e8a742968caf42498bd1020c03863daf,NO,,,,,,,NO,,,,,0,5,YES,250,80,FAR TOO MUCH,FAR TOO LATE,FAR TOO MUCH,ZIMECHELEWA KIASI,NO,,,,,,,,,,,,,,,
53-38-96-98,8622c8da70674d7092a1b928932d41c0,NO,,,,,,,NO,,KIBETA,4,5000,0,10,NO,,,A BIT TOO MUCH,FAR TOO EARLY,FAR TOO MUCH,MAPEMA MNO,NO,,,,,,,,,,,,,,,
53-42-40-04,0069b0c4bcbf4a8fb660eb5d8c2c7af6,YES,7,25,1,0,0,0,YES,6000,ISANGA,0.5,6000,2,4,NO,,,A BIT TOO MUCH,A BIT TOO EARLY,A BIT TOO MUCH,MAPEMA MNO,NO,,,,,,,,,,,,,,,
54-85-89-04,7e8f64a092c046ceb20a938dc07dbd00,NO,,,,,,,NO,,,,,0,0,NO,,,A BIT TOO LITTLE,A BIT TOO LATE,A BIT TOO MUCH,SIO MAPEMA SANA NA HAZIKUCHELEWA SANA,NO,,,,,,,,,,,,,,,
55-72-32-37,bea1b792b889404b9ed1d2d30c1f2927,YES,1,30,0,1,1,0,NO,,MWANAKWEREKWE SOKONI,3.5,,18,3,YES,40,34,NEITHER TOO MUCH NOR TOO LITTLE,A BIT TOO EARLY,A BIT TOO MUCH,SIO MAPEMA SANA NA HAZIKUCHELEWA SANA,NO,,,,,,,,,,,,,,,
56-61-31-68,b6c423cb9c2640e2901be4786fb985c4,NO,,,,,,,NO,,MUHEZA,34,6000,0,10,NO,,,NEITHER TOO MUCH NOR TOO LITTLE,A BIT TOO LATE,FAR TOO MUCH,MAPEMA KIDOGO,NO,,,,,,,,,,,,,,,
56-94-42-68,bd7ec162845b44f5926b239c5cb9dd40,NO,,,,,,,YES,7500,DARESLAM KARIAKOO,70,7000,0,0,NO,,,NEITHER TOO MUCH NOR TOO LITTLE,A BIT TOO LATE,A BIT TOO LITTLE,ZILICHELEWA MNO,NO,,,,,,,,,,,,,,,
57-40-89-54,f162b334c8494383825a764a48c19213,NO,,,,,,,YES,6000,DUKA KWA MKUDE,1,6000,2,5,YES,200,80,NEITHER TOO MUCH NOR TOO LITTLE,NEITHER TOO EARLY NOR TOO LATE,A BIT TOO MUCH,ZIMECHELEWA KIASI,NO,,,,,,,,,,,,,,,
57-41-16-41,b74fe155613d45ef8e4e03fe82498fcb,NO,,,,,,,NO,,,,,10,1,NO,,,NEITHER TOO MUCH NOR TOO LITTLE,A BIT TOO LATE,FAR TOO MUCH,MAPEMA MNO,NO,,,,,,,,,,,,,,,
58-97-22-65,d5cc497095c443afb8a90becb9607061,YES,5,75,0,0,1,1,YES,6000,MAGU MJINI,1,6000,0,0,YES,60,45,A BIT TOO LITTLE,A BIT TOO LATE,NEITHER TOO MUCH NOR TOO LITTLE,ZIMECHELEWA KIASI,YES,MWANZA,MAGU,NO,NO,NO,NO,NO,YES,YES,NO,NO,NO,NO,NO,LESS FREQUENTLY
59-71-80-26,f96a3c8114124c1b89da26e5d3d04b6b,YES,1,100,1,1,0,0,YES,6500,MAFINGA,26,6500,10,15,NO,,,NEITHER TOO MUCH NOR TOO LITTLE,A BIT TOO EARLY,FAR TOO MUCH,ZIMECHELEWA KIASI,NO,,,,,,,,,,,,,,,
59-80-91-55,23745a7b8eac4545b30644ccb6a81848,NO,,,,,,,YES,7500,IDETE CENTRE,1.5,7500,3,7,NO,,,FAR TOO MUCH,FAR TOO EARLY,FAR TOO LITTLE,ZIMECHELEWA KIASI,NO,,,,,,,,,,,,,,,
61-35-01-45,5c2bb0784f3d4b469606aaed5090a414,NO,,,,,,,NO,,TEMEKE,8,6000,0,12,NO,,,NEITHER TOO MUCH NOR TOO LITTLE,A BIT TOO EARLY,A BIT TOO MUCH,MAPEMA MNO,NO,,,,,,,,,,,,,,,
61-50-12-63,2730e6a1027b40acbb27232a07f64668,NO,,,,,,,YES,6000,MAGOMENI,2,6000,6,17,YES,20,12,NEITHER TOO MUCH NOR TOO LITTLE,A BIT TOO EARLY,A BIT TOO MUCH,MAPEMA MNO,NO,,,,,,,,,,,,,,,
61-58-49-96,e4379c475c1c4dd0ad357fc2eff53c10,YES,2,60,1,1,1,1,YES,5500,ISASA,1.5,5500,0,12,NO,,,A BIT TOO MUCH,FAR TOO EARLY,FAR TOO MUCH,SIO MAPEMA SANA NA HAZIKUCHELEWA SANA,NO,,,,,,,,,,,,,,,
62-45-67-56,f72575785192471ea4b9d3bdb01c97c6,YES,1,5,1,1,0,0,NO,,KARIAKOO,20,6000,96,150,YES,120,52,NEITHER TOO MUCH NOR TOO LITTLE,A BIT TOO EARLY,A BIT TOO MUCH,SIO MAPEMA SANA NA HAZIKUCHELEWA SANA,NO,,,,,,,,,,,,,,,
63-48-24-67,92eecf9b38354c57ac5ec166989fdd9c,NO,,,,,,,NO,,MJINI MADUKA YA PEMBEJEO,6,5000,0,100,NO,,,NEITHER TOO MUCH NOR TOO LITTLE,NEITHER TOO EARLY NOR TOO LATE,A BIT TOO MUCH,ZIMECHELEWA KIASI,NO,,,,,,,,,,,,,,,
64-05-30-35,ebec00bef8934b498c6ef9eb9427060a,NO,,,,,,,NO,,,,,0,6,NO,,,A BIT TOO MUCH,A BIT TOO EARLY,FAR TOO MUCH,ZIMECHELEWA KIASI,NO,,,,,,,,,,,,,,,
65-98-39-46,c74111cf2cb545059ddb848ac4b7efc5,NO,,,,,,,YES,6000,IGANZO,0.5,6000,0,0,NO,,,A BIT TOO MUCH,A BIT TOO EARLY,NEITHER TOO MUCH NOR TOO LITTLE,MAPEMA MNO,NO,,,,,,,,,,,,,,,
67-31-75-81,d6c41d32dddf403aa5aa74e90e566b5b,NO,,,,,,,NO,,BUKOBA MJINI,8,5000,2,5,NO,,,A BIT TOO MUCH,A BIT TOO EARLY,A BIT TOO MUCH,MAPEMA KIDOGO,NO,,,,,,,,,,,,,,,
68-16-22-45,49861098ddfb43e99b93cbc488a6509f,YES,9,120,1,1,1,1,NO,,JKT MLALI,4,3500,0,0,NO,,,A BIT TOO MUCH,NEITHER TOO EARLY NOR TOO LATE,A BIT TOO MUCH,MAPEMA MNO,NO,,,,,,,,,,,,,,,
69-62-85-62,b24321ba1a2c46b8af333396bea155e3,NO,,,,,,,YES,5000,ZAIRE A,1,5000,2,4,NO,,,A BIT TOO LITTLE,A BIT TOO EARLY,A BIT TOO LITTLE,MAPEMA KIDOGO,NO,,,,,,,,,,,,,,,
72-06-65-81,7ef7d73f79c6465d96f1b13e524d2567,NO,,,,,,,NO,,BUNAZI,4,5000,0,4,YES,200,90,NEITHER TOO MUCH NOR TOO LITTLE,NEITHER TOO EARLY NOR TOO LATE,A BIT TOO MUCH,SIO MAPEMA SANA NA HAZIKUCHELEWA SANA,NO,,,,,,,,,,,,,,,
73-60-37-75,f4c6fa8f83be437ab9f5b528fbef1bea,YES,5,62,0,1,1,0,NO,,MKOANI,3,,0,2,NO,,,A BIT TOO MUCH,A BIT TOO EARLY,FAR TOO MUCH,MAPEMA MNO,NO,,,,,,,,,,,,,,,
74-76-81-50,b6b3892c97c248b39a69b34daf346104,NO,,,,,,,NO,,MULEBA MJINI,20,5000,0,4,NO,,,A BIT TOO MUCH,A BIT TOO LATE,A BIT TOO MUCH,SIO MAPEMA SANA NA HAZIKUCHELEWA SANA,NO,,,,,,,,,,,,,,,
75-29-40-98,a47fe32287224176b33e26c62e6b16e7,YES,3,90,0,1,0,0,YES,6000,DODOMA,0.5,6000,15,7,NO,,,A BIT TOO MUCH,FAR TOO EARLY,NEITHER TOO MUCH NOR TOO LITTLE,MAPEMA KIDOGO,YES,RUKWA,NKASI,NO,NO,NO,NO,YES,NO,NO,NO,NO,NO,NO,NO,MORE FREQUENTLY
76-50-87-07,e8e3b36ee7c74a109c3adbd4d8d739e0,YES,1,200,1,1,0,0,NO,,ILEMBO,4,6000,1,0,YES,100,45,FAR TOO LITTLE,NEITHER TOO EARLY NOR TOO LATE,A BIT TOO MUCH,MAPEMA KIDOGO,NO,,,,,,,,,,,,,,,
76-60-73-67,c2089b17722b43a3a365c670e88e3b5f,NO,,,,,,,NO,,MWANGA,38,6000,4,16,NO,,,NEITHER TOO MUCH NOR TOO LITTLE,A BIT TOO EARLY,A BIT TOO MUCH,MAPEMA KIDOGO,NO,,,,,,,,,,,,,,,
77-07-70-69,e37fe140a47248989dfec5b5b3d75dc0,NO,,,,,,,YES,6000,KWA MANGI,4,6000,15,4,YES,80,80,NEITHER TOO MUCH NOR TOO LITTLE,NEITHER TOO EARLY NOR TOO LATE,A BIT TOO LITTLE,ZIMECHELEWA KIASI,NO,,,,,,,,,,,,,,,
78-97-35-47,b886e53468134b2dbe5e70a20f0f165c,NO,,,,,,,YES,6000,TANDALE,1,6000,8,20,NO,,,NEITHER TOO MUCH NOR TOO LITTLE,NEITHER TOO EARLY NOR TOO LATE,A BIT TOO MUCH,MAPEMA KIDOGO,NO,,,,,,,,,,,,,,,
82-63-38-19,f36a090274594e9a812777abb01e451e,YES,3,40,1,1,0,0,YES,6000,NAMONGE,2,6000,0,4,YES,72,25,A BIT TOO LITTLE,A BIT TOO LATE,A BIT TOO MUCH,MAPEMA KIDOGO,NO,,,,,,,,,,,,,,,
84-46-52-58,fb699bee095a4024b7bcdd54321bac82,NO,,,,,,,NO,,SHELUI,7,6000,1,0,YES,30,12,A BIT TOO MUCH,A BIT TOO EARLY,FAR TOO MUCH,ZIMECHELEWA KIASI,YES,MBEYA,MBEYA RURAL,NO,NO,NO,NO,NO,NO,NO,NO,NO,YES,NO,NO,LESS FREQUENTLY
84-84-44-25,1bf0f923a7b340e48406b3a02e6464ef,YES,4,80,0,1,1,0,NO,,MWANAKWEREKWE,11.6,1400,0,7,YES,46,30,A BIT TOO MUCH,FAR TOO EARLY,A BIT TOO MUCH,MAPEMA KIDOGO,NO,,,,,,,,,,,,,,,
88-56-66-51,7b735be5ee234b9985220a55f063b11f,NO,,,,,,,YES,12000,KELEMABALAI,1,10000,0,10,NO,,,,,FAR TOO LITTLE,MAPEMA MNO,NO,,,,,,,,,,,,,,,
89-39-70-41,9890a85d90e041d1953a9b877fa29959,YES,3,45,0,1,1,0,YES,1000,WETE,2.1,,0,0,YES,21,17,A BIT TOO MUCH,NEITHER TOO EARLY NOR TOO LATE,FAR TOO MUCH,ZIMECHELEWA KIASI,NO,,,,,,,,,,,,,,,
90-58-45-22,b3d91a0d33664130ba7d4d58df426560,NO,,,,,,,NO,,TEGETA,1,6000,0,0,NO,,,NEITHER TOO MUCH NOR TOO LITTLE,A BIT TOO EARLY,A BIT TOO LITTLE,MAPEMA KIDOGO,NO,,,,,,,,,,,,,,,
90-78-00-57,15c8248037b145a19f54e6d195229fd8,YES,2,500,1,1,0,1,YES,6000,PERAMIHO A,2,6000,7,3,YES,400,300,HAKUNA KABISA,,A BIT TOO MUCH,MAPEMA MNO,NO,,,,,,,,,,,,,,,
90-96-09-10,b0a713ba07e244a2ba016da7ca2b5755,YES,1,5000,0,1,0,1,YES,2500,,0.5,,3,20,YES,450,380,FAR TOO LITTLE,FAR TOO EARLY,FAR TOO MUCH,ZILICHELEWA MNO,YES,TANGA,KILINDI,NO,NO,NO,NO,NO,NO,NO,YES,YES,YES,NO,NO,LESS FREQUENTLY
91-25-96-90,ee26ef6dd3d54a6ca1c05424fa4f8b94,NO,,,,,,,NO,,BOKO,5,6000,60,28,NO,,,A BIT TOO LITTLE,A BIT TOO LATE,FAR TOO MUCH,MAPEMA MNO,NO,,,,,,,,,,,,,,,
91-63-29-50,1fbbf97910fc4bb69e241de012ef86da,NO,,,,,,,YES,6000,GOBA,4,6000,6,10,NO,,,NEITHER TOO MUCH NOR TOO LITTLE,NEITHER TOO EARLY NOR TOO LATE,A BIT TOO MUCH,MAPEMA KIDOGO,NO,,,,,,,,,,,,,,,
91-64-86-06,1447f0adbb6d41e5a2733f35babfd1e7,YES,1,210,0,1,0,0,NO,,NANYAMBA,8,6000,25,12,NO,,,NEITHER TOO MUCH NOR TOO LITTLE,A BIT TOO LATE,A BIT TOO MUCH,ZIMECHELEWA KIASI,NO,,,,,,,,,,,,,,,
95-37-02-29,4b0b33293da64649bbcea3a035496380,NO,,,,,,,NO,,MBINGA,1107,4000,0,0,NO,,,NEITHER TOO MUCH NOR TOO LITTLE,NEITHER TOO EARLY NOR TOO LATE,NEITHER TOO MUCH NOR TOO LITTLE,ZIMECHELEWA KIASI,NO,,,,,,,,,,,,,,,
95-85-85-68,b1f8ba4cd9e64d7c9716f169ef8e06dc,NO,,,,,,,YES,5000,KIMETA,80,5000,0,2,NO,,,A BIT TOO LITTLE,A BIT TOO LATE,NEITHER TOO MUCH NOR TOO LITTLE,SIO MAPEMA SANA NA HAZIKUCHELEWA SANA,YES,KAGERA,MULEBA,NO,NO,NO,NO,NO,NO,YES,YES,NO,NO,NO,NO,LESS FREQUENTLY
96-15-43-43,ee11e5834ad843848620e22a1794d581,YES,2,80,0,1,0,1,YES,6000,PARAMAWE,0.5,6000,8,11,NO,,,NEITHER TOO MUCH NOR TOO LITTLE,A BIT TOO EARLY,FAR TOO MUCH,SIO MAPEMA SANA NA HAZIKUCHELEWA SANA,YES,KIGOMA,KASULU RURAL,NO,NO,NO,NO,NO,NO,YES,YES,YES,YES,NO,NO,MORE FREQUENTLY
96-26-90-60,081d970561f44191b9c893a7f8b0eddd,YES,5,1000,1,1,1,0,YES,5000,MAKERE,10,5000,5,6,YES,200,80,NEITHER TOO MUCH NOR TOO LITTLE,NEITHER TOO EARLY NOR TOO LATE,NEITHER TOO MUCH NOR TOO LITTLE,SIO MAPEMA SANA NA HAZIKUCHELEWA SANA,YES,KATAVI,MLELE,NO,NO,NO,NO,NO,NO,NO,YES,YES,NO,NO,NO,LESS FREQUENTLY
97-18-08-65,901a9ca25748400a91f5f5b747afc7bc,YES,3,85,1,1,0,0,YES,6000,KOLOMIJE,6000,6000,4,2,YES,48,24,NEITHER TOO MUCH NOR TOO LITTLE,NEITHER TOO EARLY NOR TOO LATE,NEITHER TOO MUCH NOR TOO LITTLE,SIO MAPEMA SANA NA HAZIKUCHELEWA SANA,YES,SHINYANGA,SHINYANGA RURAL,NO,NO,NO,NO,YES,YES,YES,NO,NO,NO,NO,NO,LESS FREQUENTLY
97-66-72-30,ba36a85343cc43919cefbee655141fd4,NO,,,,,,,NO,,USHILOMBO,5,5000,4,6,NO,,,FAR TOO MUCH,A BIT TOO EARLY,A BIT TOO MUCH,ZIMECHELEWA KIASI,NO,,,,,,,,,,,,,,,
