interview__key,sdd_hhid,sdd_indid,phone_id,hh_g303,hh_g304_1,hh_g304_2,hh_g304_3,hh_g305,hh_g306a,hh_g306b,hh_g307,hh_g308,hh_g309
69-04-74-63,0001-001-001,2,1,NO,,,,NO,,,YES,NO,YES
04-61-05-31,0001-001-004,1,1,NO,,,,NO,,,YES,YES,YES
46-71-56-27,0001-004-001,1,1,NO,,,,NO,,,YES,YES,YES
50-85-79-66,0003-001-001,2,1,NO,,,,NO,,,YES,YES,YES
50-85-79-66,0003-001-001,4,1,NO,,,,NO,,,YES,NO,YES
50-85-79-66,0003-001-001,9,1,NO,,,,NO,,,YES,NO,YES
98-30-81-51,0004-001-001,1,1,NO,,,,NO,,,YES,YES,YES
98-30-81-51,0004-001-001,2,1,NO,,,,NO,,,YES,NO,YES
98-30-81-51,0004-001-001,4,1,NO,,,,NO,,,YES,NO,YES
71-75-12-39,0005-001-001,2,1,NO,,,,NO,,,YES,NO,YES
90-18-72-04,0010-001-001,1,1,NO,,,,NO,,,YES,NO,NO
90-18-72-04,0010-001-001,2,1,NO,,,,NO,,,YES,NO,NO
85-64-65-42,0011-001-001,1,1,NO,,,,NO,,,YES,YES,NO
52-32-57-20,0012-001-001,2,1,NO,,,,NO,,,YES,NO,NO
52-32-57-20,0012-001-001,3,1,NO,,,,NO,,,YES,YES,NO
58-42-71-45,0015-001-001,1,1,NO,,,,NO,,,YES,YES,NO
58-42-71-45,0015-001-001,2,1,NO,,,,NO,,,YES,YES,NO
56-32-76-33,0017-001-001,1,1,NO,,,,NO,,,YES,NO,YES
56-32-76-33,0017-001-001,2,1,NO,,,,NO,,,YES,NO,YES
82-18-18-76,0017-002-001,1,1,NO,,,,NO,,,YES,YES,YES
82-18-18-76,0017-002-001,3,1,NO,,,,NO,,,YES,YES,YES
82-18-18-76,0017-002-001,3,2,NO,,,,NO,,,YES,YES,YES
39-47-88-39,0018-001-001,1,1,NO,,,,NO,,,YES,YES,YES
39-47-88-39,0018-001-001,2,1,NO,,,,NO,,,YES,YES,YES
40-73-12-41,0020-001-001,1,1,NO,,,,NO,,,YES,NO,NO
91-29-35-18,0021-001-002,2,1,NO,,,,NO,,,YES,NO,YES
91-29-35-18,0021-001-002,3,1,NO,,,,NO,,,YES,YES,YES
91-29-35-18,0021-001-002,5,1,NO,,,,NO,,,YES,NO,YES
91-29-35-18,0021-001-002,5,2,NO,,,,NO,,,YES,NO,YES
52-25-14-40,0023-001-001,1,1,NO,,,,NO,,,YES,YES,YES
52-25-14-40,0023-001-001,1,2,NO,,,,NO,,,NO,YES,YES
96-43-78-97,0024-001-001,1,1,NO,,,,NO,,,YES,YES,YES
96-43-78-97,0024-001-001,2,1,NO,,,,NO,,,YES,YES,YES
96-43-78-97,0024-001-001,4,1,NO,,,,NO,,,YES,NO,NO
96-43-78-97,0024-001-001,4,2,NO,,,,NO,,,YES,YES,YES
06-46-18-18,0026-001-001,1,1,NO,,,,NO,,,YES,YES,YES
06-46-18-18,0026-001-001,2,1,NO,,,,NO,,,YES,YES,YES
73-00-55-05,0028-001-001,1,1,NO,,,,NO,,,YES,YES,YES
73-00-55-05,0028-001-001,2,1,NO,,,,NO,,,YES,YES,YES
38-25-71-90,0029-001-001,1,1,NO,,,,NO,,,YES,YES,YES
38-25-71-90,0029-001-001,2,1,NO,,,,NO,,,YES,YES,YES
38-25-71-90,0029-001-001,3,1,NO,,,,NO,,,YES,YES,YES
38-25-71-90,0029-001-001,7,1,NO,,,,NO,,,YES,YES,YES
38-25-71-90,0029-001-001,7,2,NO,,,,NO,,,YES,NO,NO
28-47-21-26,0030-001-001,1,1,NO,,,,NO,,,YES,NO,YES
28-47-21-26,0030-001-001,2,1,NO,,,,NO,,,YES,YES,YES
71-57-66-15,0031-001-001,1,1,NO,,,,NO,,,YES,NO,YES
71-57-66-15,0031-001-001,2,1,NO,,,,NO,,,YES,YES,YES
59-86-17-13,0032-001-001,1,1,NO,,,,NO,,,YES,YES,YES
27-91-28-82,0033-001-001,1,1,NO,,,,NO,,,YES,NO,YES
96-66-16-43,0034-001-001,1,1,NO,,,,NO,,,YES,YES,YES
96-66-16-43,0034-001-001,3,1,NO,,,,NO,,,YES,YES,YES
15-50-37-82,0036-001-001,1,1,NO,,,,NO,,,YES,YES,YES
52-00-18-35,0038-001-001,1,1,NO,,,,NO,,,YES,NO,YES
52-00-18-35,0038-001-001,2,1,NO,,,,NO,,,YES,YES,YES
48-91-62-56,0039-001-001,2,1,NO,,,,NO,,,YES,NO,YES
69-55-32-84,0040-001-001,1,1,NO,,,,NO,,,YES,YES,YES
96-09-76-36,0041-001-001,1,1,NO,,,,NO,,,YES,YES,YES
67-96-69-36,0041-004-001,1,1,NO,,,,NO,,,YES,YES,YES
25-80-02-40,0042-001-001,1,1,NO,,,,NO,,,YES,NO,YES
25-80-02-40,0042-001-001,3,1,NO,,,,NO,,,YES,YES,YES
63-16-88-22,0042-001-002,1,1,NO,,,,NO,,,YES,YES,YES
13-15-52-70,0043-001-001,1,1,NO,,,,NO,,,YES,YES,YES
13-15-52-70,0043-001-001,2,1,NO,,,,NO,,,YES,YES,YES
22-43-84-51,0044-001-001,2,1,NO,,,,NO,,,YES,NO,YES
73-81-30-49,0045-001-001,1,1,NO,,,,NO,,,YES,YES,YES
73-81-30-49,0045-001-001,2,1,NO,,,,NO,,,YES,NO,YES
43-77-98-27,0046-001-001,6,1,NO,,,,NO,,,YES,YES,YES
24-75-61-52,0047-001-001,1,1,NO,,,,NO,,,YES,YES,YES
24-75-61-52,0047-001-001,2,1,NO,,,,NO,,,YES,NO,YES
97-60-31-67,0048-001-001,1,1,NO,,,,NO,,,YES,NO,YES
03-68-77-59,0049-001-001,2,1,NO,,,,NO,,,YES,NO,YES
88-71-20-70,0050-001-001,2,1,NO,,,,NO,,,YES,NO,YES
62-93-39-20,0051-001-001,1,1,NO,,,,NO,,,YES,NO,YES
62-93-39-20,0051-001-001,1,2,NO,,,,NO,,,YES,YES,NO
92-89-07-22,0051-001-002,1,1,NO,,,,NO,,,YES,YES,YES
92-89-07-22,0051-001-002,2,1,NO,,,,NO,,,YES,NO,YES
28-71-87-26,0051-001-003,1,1,NO,,,,NO,,,YES,YES,YES
28-71-87-26,0051-001-003,1,2,NO,,,,NO,,,YES,YES,YES
28-71-87-26,0051-001-003,2,1,NO,,,,NO,,,YES,YES,YES
72-59-54-68,0055-003-001,1,1,NO,,,,NO,,,YES,NO,YES
73-41-85-14,0056-001-001,1,1,NO,,,,NO,,,YES,NO,YES
34-42-58-96,0058-001-001,2,1,NO,,,,NO,,,YES,NO,YES
77-68-44-59,0059-001-001,1,1,NO,,,,NO,,,YES,NO,YES
44-35-85-32,0060-001-001,1,1,NO,,,,NO,,,YES,NO,YES
44-35-85-32,0060-001-001,2,1,NO,,,,NO,,,YES,YES,YES
45-55-29-47,0061-001-001,1,1,NO,,,,NO,,,YES,YES,YES
45-55-29-47,0061-001-001,1,2,NO,,,,NO,,,YES,YES,YES
45-55-29-47,0061-001-001,1,3,NO,,,,NO,,,YES,YES,YES
47-61-12-15,0062-001-001,1,1,NO,,,,NO,,,YES,YES,YES
47-61-12-15,0062-001-001,2,1,NO,,,,NO,,,YES,YES,NO
35-43-12-92,0062-001-003,1,1,NO,,,,NO,,,YES,YES,YES
35-43-12-92,0062-001-003,2,1,NO,,,,NO,,,YES,YES,YES
53-26-19-17,0062-001-004,2,1,NO,,,,NO,,,YES,YES,YES
56-72-41-10,0062-001-005,1,1,NO,,,,NO,,,YES,YES,YES
20-34-21-50,0062-004-001,1,1,NO,,,,NO,,,YES,NO,YES
67-14-39-51,0063-001-003,1,1,NO,,,,NO,,,YES,YES,YES
47-38-96-20,0065-001-001,1,1,NO,,,,NO,,,YES,NO,YES
68-03-68-88,0066-002-001,1,1,NO,,,,NO,,,YES,YES,YES
09-55-27-80,0066-003-003,1,1,NO,,,,NO,,,YES,NO,NO
99-00-08-27,0066-003-004,1,1,NO,,,,NO,,,YES,YES,YES
03-98-19-65,0066-003-005,1,1,NO,,,,NO,,,YES,NO,YES
03-98-19-65,0066-003-005,1,2,NO,,,,NO,,,YES,YES,YES
39-00-30-36,0066-003-006,1,1,NO,,,,NO,,,YES,YES,YES
47-27-42-34,0067-001-001,1,1,NO,,,,NO,,,YES,YES,YES
47-27-42-34,0067-001-001,2,1,NO,,,,NO,,,YES,YES,YES
47-27-42-34,0067-001-001,4,1,NO,,,,NO,,,YES,NO,YES
33-84-05-95,0067-001-002,2,1,NO,,,,NO,,,YES,YES,YES
13-42-14-49,0067-004-001,2,1,NO,,,,NO,,,YES,NO,NO
13-42-14-49,0067-004-001,3,1,YES,1,,,NO,,,NO,NO,NO
81-33-13-06,0071-001-003,1,1,NO,,,,NO,,,YES,NO,YES
28-76-80-54,0072-001-001,1,1,NO,,,,NO,,,YES,YES,YES
28-76-80-54,0072-001-001,2,1,NO,,,,NO,,,YES,NO,NO
82-54-53-99,0072-003-001,1,1,NO,,,,NO,,,YES,YES,YES
82-54-53-99,0072-003-001,2,1,NO,,,,NO,,,YES,NO,YES
86-08-97-34,0073-001-001,6,1,NO,,,,NO,,,NO,NO,YES
09-96-03-52,0073-001-002,1,1,NO,,,,NO,,,NO,NO,YES
64-01-68-39,0074-001-001,1,1,NO,,,,NO,,,YES,NO,YES
64-01-68-39,0074-001-001,2,1,NO,,,,NO,,,YES,NO,YES
64-01-68-39,0074-001-001,5,1,NO,,,,NO,,,YES,YES,YES
05-43-63-02,0075-001-003,3,1,NO,,,,NO,,,YES,NO,YES
69-76-07-75,0077-001-001,2,1,NO,,,,NO,,,YES,NO,YES
80-60-48-21,0077-003-001,2,1,NO,,,,NO,,,YES,NO,YES
80-60-48-21,0077-003-001,8,1,NO,,,,NO,,,YES,YES,YES
77-61-09-41,0078-001-001,1,1,NO,,,,NO,,,YES,NO,NO
77-61-09-41,0078-001-001,3,1,NO,,,,NO,,,YES,NO,YES
77-61-09-41,0078-001-001,3,2,NO,,,,NO,,,YES,YES,YES
77-61-09-41,0078-001-001,4,1,NO,,,,NO,,,YES,YES,YES
77-61-09-41,0078-001-001,8,1,NO,,,,NO,,,YES,NO,YES
77-61-09-41,0078-001-001,10,1,NO,,,,NO,,,YES,NO,NO
03-09-85-87,0079-001-001,1,1,NO,,,,NO,,,YES,NO,YES
03-09-85-87,0079-001-001,2,1,NO,,,,NO,,,YES,NO,YES
78-16-68-29,0080-001-001,1,1,YES,2,,,NO,,,YES,YES,YES
78-16-68-29,0080-001-001,2,1,YES,1,,,NO,,,YES,NO,YES
82-35-18-51,0081-001-001,1,1,NO,,,,NO,,,YES,NO,YES
82-35-18-51,0081-001-001,2,1,NO,,,,NO,,,YES,NO,YES
24-96-35-07,0081-004-001,1,1,NO,,,,NO,,,YES,NO,YES
61-09-91-34,0082-001-001,1,1,NO,,,,NO,,,YES,NO,NO
61-09-91-34,0082-001-001,2,1,NO,,,,NO,,,YES,NO,NO
65-72-13-93,0082-003-001,5,1,NO,,,,NO,,,YES,NO,YES
43-70-22-69,0082-003-002,1,1,NO,,,,NO,,,YES,YES,NO
43-70-22-69,0082-003-002,2,1,NO,,,,NO,,,YES,NO,YES
69-63-97-41,0082-004-001,1,1,NO,,,,NO,,,YES,YES,YES
69-63-97-41,0082-004-001,2,1,NO,,,,NO,,,YES,NO,YES
69-63-97-41,0082-004-001,3,1,NO,,,,NO,,,YES,NO,YES
43-56-83-29,0082-005-001,1,1,NO,,,,NO,,,YES,YES,YES
43-56-83-29,0082-005-001,1,2,NO,,,,NO,,,YES,YES,YES
43-56-83-29,0082-005-001,2,1,NO,,,,NO,,,YES,YES,YES
82-24-69-15,0083-001-001,4,1,NO,,,,NO,,,YES,YES,YES
82-24-69-15,0083-001-001,5,1,NO,,,,NO,,,YES,YES,YES
71-57-99-29,0084-001-001,1,1,NO,,,,NO,,,YES,YES,YES
71-57-99-29,0084-001-001,2,1,NO,,,,NO,,,YES,YES,NO
74-56-02-42,0084-002-001,1,1,NO,,,,NO,,,YES,YES,YES
74-56-02-42,0084-002-001,3,1,NO,,,,NO,,,YES,NO,YES
12-34-17-02,0085-002-001,1,1,NO,,,,NO,,,YES,YES,YES
12-34-17-02,0085-002-001,2,1,NO,,,,NO,,,YES,NO,YES
05-51-26-77,0085-003-001,1,1,NO,,,,NO,,,YES,YES,YES
05-51-26-77,0085-003-001,2,1,NO,,,,NO,,,YES,NO,YES
08-61-34-21,0086-001-001,1,1,NO,,,,NO,,,YES,YES,YES
07-11-78-55,0087-001-001,1,1,NO,,,,NO,,,YES,YES,YES
07-11-78-55,0087-001-001,2,1,NO,,,,NO,,,YES,NO,YES
26-78-44-09,0087-001-002,2,1,NO,,,,NO,,,YES,YES,YES
74-12-78-76,0088-001-001,1,1,NO,,,,NO,,,YES,YES,YES
74-12-78-76,0088-001-001,2,1,NO,,,,NO,,,YES,NO,NO
47-53-89-65,0089-001-001,1,1,NO,,,,NO,,,YES,YES,YES
67-17-25-56,0089-002-001,1,1,NO,,,,NO,,,NO,NO,NO
11-84-02-64,0089-002-002,1,1,NO,,,,NO,,,YES,NO,YES
11-84-02-64,0089-002-002,2,1,NO,,,,NO,,,YES,NO,YES
13-79-88-08,0090-001-001,1,1,NO,,,,NO,,,YES,YES,YES
13-79-88-08,0090-001-001,4,1,NO,,,,NO,,,YES,YES,YES
43-96-03-62,0090-001-005,1,1,NO,,,,NO,,,YES,YES,YES
42-78-55-98,0091-001-001,1,1,NO,,,,NO,,,YES,YES,YES
01-67-04-36,0092-001-001,1,1,NO,,,,NO,,,YES,YES,YES
18-41-40-51,0093-001-001,2,1,NO,,,,NO,,,YES,NO,YES
18-41-40-51,0093-001-001,3,1,NO,,,,NO,,,YES,YES,YES
18-41-40-51,0093-001-001,6,1,NO,,,,NO,,,YES,YES,YES
70-24-33-41,0096-001-001,1,1,NO,,,,NO,,,YES,NO,YES
42-11-56-10,0096-002-002,4,1,NO,,,,NO,,,YES,NO,NO
93-47-38-83,0097-001-003,2,1,NO,,,,NO,,,YES,NO,NO
76-46-87-39,0098-001-001,1,1,NO,,,,NO,,,YES,NO,YES
76-46-87-39,0098-001-001,2,1,NO,,,,NO,,,YES,NO,YES
89-69-28-73,0099-001-001,1,1,NO,,,,NO,,,YES,YES,YES
89-69-28-73,0099-001-001,2,1,NO,,,,NO,,,YES,NO,YES
33-12-11-68,0099-001-004,1,1,NO,,,,NO,,,YES,YES,YES
33-12-11-68,0099-001-004,2,1,NO,,,,NO,,,YES,NO,YES
73-19-77-82,0100-001-001,2,1,NO,,,,NO,,,YES,NO,YES
07-74-53-75,0101-001-001,1,1,NO,,,,NO,,,YES,YES,YES
07-74-53-75,0101-001-001,5,1,NO,,,,NO,,,YES,YES,YES
28-26-05-62,0101-001-002,1,1,NO,,,,NO,,,YES,NO,YES
28-26-05-62,0101-001-002,1,2,NO,,,,NO,,,YES,YES,YES
09-18-15-86,0101-002-001,1,1,NO,,,,NO,,,YES,NO,YES
09-18-15-86,0101-002-001,4,1,NO,,,,NO,,,YES,YES,YES
48-76-11-58,0101-003-001,1,1,NO,,,,NO,,,YES,NO,YES
48-76-11-58,0101-003-001,2,1,NO,,,,NO,,,YES,NO,YES
16-87-89-06,0102-001-001,1,1,NO,,,,NO,,,YES,NO,YES
16-87-89-06,0102-001-001,2,1,NO,,,,NO,,,YES,NO,YES
74-00-49-61,0102-001-003,2,1,NO,,,,NO,,,YES,NO,YES
13-27-24-08,0103-001-001,2,1,NO,,,,NO,,,YES,NO,YES
61-86-51-55,0104-001-001,2,1,NO,,,,NO,,,YES,YES,YES
82-80-49-27,0104-001-006,1,1,NO,,,,NO,,,YES,NO,YES
45-01-65-38,0104-008-001,1,1,NO,,,,NO,,,YES,YES,YES
56-75-17-70,0105-001-001,1,1,NO,,,,NO,,,YES,NO,YES
03-36-44-51,0105-005-001,2,1,NO,,,,NO,,,YES,NO,YES
83-56-10-16,0106-001-002,1,1,NO,,,,NO,,,YES,NO,NO
72-82-51-97,0106-001-003,3,1,NO,,,,NO,,,YES,NO,YES
11-04-09-01,0107-001-001,1,1,NO,,,,NO,,,YES,NO,NO
51-54-44-86,0108-001-001,1,1,NO,,,,NO,,,YES,NO,YES
51-54-44-86,0108-001-001,5,1,NO,,,,NO,,,YES,YES,YES
35-34-97-68,0108-001-002,2,1,NO,,,,NO,,,YES,NO,YES
47-69-21-93,0109-001-001,5,1,NO,,,,YES,1,0,YES,NO,YES
22-62-73-26,0110-001-001,1,1,NO,,,,NO,,,YES,YES,NO
22-62-73-26,0110-001-001,7,1,NO,,,,NO,,,YES,YES,NO
71-21-99-60,0110-001-002,1,1,NO,,,,NO,,,YES,YES,YES
71-21-99-60,0110-001-002,5,1,NO,,,,NO,,,YES,YES,YES
09-03-93-64,0111-001-001,1,1,YES,2,,,NO,,,YES,YES,YES
09-03-93-64,0111-001-001,2,1,YES,1,,,NO,,,YES,YES,YES
49-60-00-77,0112-001-001,1,1,NO,,,,NO,,,YES,YES,YES
49-60-00-77,0112-001-001,1,2,NO,,,,NO,,,YES,NO,YES
49-60-00-77,0112-001-001,5,1,NO,,,,NO,,,YES,YES,YES
49-60-00-77,0112-001-001,6,1,NO,,,,NO,,,YES,YES,YES
51-56-43-08,0112-001-002,2,1,NO,,,,NO,,,YES,YES,YES
51-56-43-08,0112-001-002,3,1,NO,,,,NO,,,YES,YES,YES
80-23-77-43,0113-001-001,1,1,NO,,,,NO,,,YES,YES,YES
86-56-84-14,0113-002-001,1,1,NO,,,,NO,,,YES,NO,YES
86-56-84-14,0113-002-001,4,1,NO,,,,NO,,,YES,NO,YES
95-71-62-51,0114-001-001,1,1,NO,,,,NO,,,NO,NO,NO
95-71-62-51,0114-001-001,2,1,YES,1,,,NO,,,YES,NO,YES
61-55-11-19,0115-001-002,1,1,NO,,,,NO,,,YES,YES,YES
67-13-31-42,0119-001-001,7,1,NO,,,,NO,,,YES,NO,NO
67-13-31-42,0119-001-001,8,1,NO,,,,NO,,,YES,NO,YES
67-13-31-42,0119-001-001,10,1,NO,,,,NO,,,YES,NO,YES
16-86-84-80,0119-001-002,1,1,NO,,,,NO,,,YES,YES,YES
98-32-46-89,0120-001-001,2,1,NO,,,,NO,,,YES,YES,YES
11-41-50-08,0121-002-001,1,1,YES,2,,,NO,,,YES,NO,YES
11-41-50-08,0121-002-001,2,1,YES,1,,,NO,,,YES,NO,YES
20-26-27-46,0121-004-001,4,1,NO,,,,NO,,,YES,NO,YES
51-99-30-00,0122-001-001,1,1,NO,,,,NO,,,NO,NO,NO
43-50-47-25,0122-001-003,1,1,NO,,,,NO,,,YES,NO,YES
43-50-47-25,0122-001-003,2,1,NO,,,,NO,,,YES,NO,YES
43-50-47-25,0122-001-003,4,1,NO,,,,NO,,,YES,YES,YES
43-50-47-25,0122-001-003,8,1,NO,,,,NO,,,YES,NO,YES
38-83-27-01,0123-001-001,1,1,NO,,,,NO,,,YES,YES,YES
38-83-27-01,0123-001-001,2,1,NO,,,,NO,,,YES,YES,YES
38-83-27-01,0123-001-001,3,1,NO,,,,NO,,,NO,NO,YES
73-91-37-79,0124-001-001,1,1,NO,,,,NO,,,YES,YES,YES
73-91-37-79,0124-001-001,3,1,NO,,,,NO,,,YES,YES,YES
85-36-20-21,0124-002-001,1,1,YES,2,,,NO,,,YES,YES,NO
85-36-20-21,0124-002-001,2,1,YES,1,,,NO,,,YES,YES,NO
59-55-68-20,0126-001-001,1,1,NO,,,,NO,,,YES,YES,YES
59-55-68-20,0126-001-001,2,1,NO,,,,NO,,,YES,NO,YES
59-55-68-20,0126-001-001,5,1,NO,,,,NO,,,YES,YES,YES
59-55-68-20,0126-001-001,7,1,NO,,,,NO,,,YES,NO,YES
32-50-39-98,0126-001-003,1,1,NO,,,,NO,,,YES,YES,YES
32-50-39-98,0126-001-003,2,1,NO,,,,NO,,,YES,YES,NO
20-77-46-74,0127-001-001,1,1,NO,,,,NO,,,YES,YES,YES
20-77-46-74,0127-001-001,2,1,NO,,,,NO,,,YES,NO,NO
20-77-46-74,0127-001-001,3,1,NO,,,,NO,,,YES,NO,YES
20-77-46-74,0127-001-001,8,1,NO,,,,NO,,,YES,NO,YES
20-77-46-74,0127-001-001,9,1,NO,,,,NO,,,YES,NO,YES
20-77-46-74,0127-001-001,10,1,NO,,,,NO,,,YES,NO,YES
40-08-98-18,0127-003-001,1,1,YES,6,,,NO,,,YES,YES,NO
40-08-98-18,0127-003-001,6,1,YES,1,,,NO,,,YES,YES,YES
48-18-47-32,0127-005-001,1,1,NO,,,,NO,,,YES,YES,YES
48-18-47-32,0127-005-001,4,1,YES,1,,,NO,,,YES,NO,NO
87-27-18-80,0128-001-001,2,1,NO,,,,NO,,,YES,NO,NO
77-02-36-76,0129-001-001,1,1,NO,,,,NO,,,YES,YES,YES
77-02-36-76,0129-001-001,2,1,NO,,,,NO,,,YES,NO,NO
71-99-12-22,0129-004-003,1,1,NO,,,,NO,,,YES,YES,YES
71-99-12-22,0129-004-003,2,1,NO,,,,NO,,,YES,YES,YES
71-99-12-22,0129-004-003,3,1,NO,,,,NO,,,YES,NO,YES
30-09-14-99,0129-004-004,1,1,NO,,,,NO,,,YES,NO,YES
15-74-57-76,0130-001-001,1,1,NO,,,,NO,,,YES,YES,YES
18-53-46-11,0131-001-002,3,1,NO,,,,NO,,,YES,NO,YES
44-39-10-22,0134-001-001,2,1,NO,,,,NO,,,YES,YES,YES
23-86-10-09,0134-006-001,1,1,NO,,,,NO,,,YES,YES,NO
23-86-10-09,0134-006-001,2,1,NO,,,,NO,,,YES,NO,NO
91-46-77-86,0137-003-001,1,1,NO,,,,NO,,,YES,NO,YES
91-46-77-86,0137-003-001,4,1,NO,,,,NO,,,YES,YES,NO
96-40-12-40,0138-002-001,1,1,NO,,,,NO,,,YES,NO,YES
18-32-58-97,0142-002-001,1,1,NO,,,,NO,,,YES,YES,NO
93-57-90-59,0142-002-002,1,1,NO,,,,NO,,,YES,YES,YES
93-57-90-59,0142-002-002,2,1,NO,,,,NO,,,YES,NO,NO
30-35-00-07,0144-001-001,1,1,NO,,,,NO,,,YES,YES,YES
30-35-00-07,0144-001-001,2,1,NO,,,,NO,,,YES,NO,YES
30-35-00-07,0144-001-001,4,1,NO,,,,NO,,,YES,YES,YES
73-64-37-36,0145-002-001,1,1,NO,,,,NO,,,YES,YES,YES
22-45-37-86,0146-001-001,1,1,NO,,,,NO,,,YES,YES,YES
22-45-37-86,0146-001-001,2,1,NO,,,,NO,,,YES,NO,YES
22-45-37-86,0146-001-001,2,2,NO,,,,NO,,,YES,YES,YES
22-45-37-86,0146-001-001,12,1,NO,,,,NO,,,YES,YES,YES
22-45-37-86,0146-001-001,12,2,NO,,,,NO,,,YES,NO,YES
22-45-37-86,0146-001-001,14,1,NO,,,,NO,,,YES,NO,YES
44-69-89-77,0146-001-003,1,1,NO,,,,NO,,,YES,YES,YES
44-69-89-77,0146-001-003,1,2,NO,,,,NO,,,YES,YES,YES
64-63-77-61,0146-001-007,1,1,NO,,,,NO,,,YES,YES,YES
64-63-77-61,0146-001-007,2,1,NO,,,,NO,,,YES,YES,YES
64-63-77-61,0146-001-007,3,1,NO,,,,NO,,,YES,NO,YES
80-90-53-00,0146-001-009,1,1,NO,,,,NO,,,YES,YES,YES
38-77-50-86,0147-001-001,1,1,NO,,,,NO,,,YES,YES,YES
38-77-50-86,0147-001-001,2,1,NO,,,,NO,,,YES,NO,YES
38-77-50-86,0147-001-001,4,1,NO,,,,NO,,,YES,NO,YES
27-48-78-18,0148-001-001,1,1,NO,,,,NO,,,YES,YES,YES
27-48-78-18,0148-001-001,2,1,NO,,,,NO,,,YES,NO,YES
55-93-34-62,0149-001-002,3,1,NO,,,,NO,,,YES,NO,YES
55-93-34-62,0149-001-002,4,1,NO,,,,NO,,,YES,YES,YES
55-93-34-62,0149-001-002,8,1,NO,,,,NO,,,YES,YES,YES
55-93-34-62,0149-001-002,10,1,NO,,,,NO,,,YES,NO,YES
55-93-34-62,0149-001-002,20,1,NO,,,,NO,,,YES,NO,YES
42-47-45-53,0149-001-009,1,1,NO,,,,NO,,,YES,NO,YES
52-34-01-68,0151-001-001,1,1,NO,,,,NO,,,YES,YES,YES
52-34-01-68,0151-001-001,2,1,NO,,,,NO,,,YES,YES,YES
66-61-34-49,0151-001-003,1,1,NO,,,,NO,,,YES,YES,YES
24-38-82-18,0153-001-001,1,1,NO,,,,NO,,,YES,YES,YES
24-38-82-18,0153-001-001,2,1,NO,,,,NO,,,YES,YES,YES
10-44-19-68,0154-001-001,1,1,NO,,,,NO,,,YES,NO,YES
04-84-88-57,0155-001-001,1,1,NO,,,,NO,,,YES,NO,YES
32-87-19-04,0155-001-002,1,1,NO,,,,NO,,,YES,YES,YES
35-61-56-23,0155-001-003,1,1,NO,,,,NO,,,YES,YES,YES
63-01-65-91,0155-001-005,1,1,NO,,,,NO,,,YES,YES,YES
63-01-65-91,0155-001-005,1,2,NO,,,,NO,,,YES,NO,YES
04-30-93-81,0157-001-001,2,1,NO,,,,NO,,,YES,YES,YES
11-64-23-03,0158-001-001,1,1,NO,,,,NO,,,YES,YES,YES
49-01-93-27,0158-001-003,1,1,NO,,,,NO,,,YES,YES,YES
49-01-93-27,0158-001-003,2,1,NO,,,,NO,,,YES,NO,YES
88-54-76-45,0159-001-002,2,1,NO,,,,NO,,,YES,YES,YES
88-54-76-45,0159-001-002,6,1,NO,,,,NO,,,YES,YES,YES
88-54-76-45,0159-001-002,7,1,NO,,,,NO,,,YES,YES,YES
22-99-30-42,0159-001-003,1,1,NO,,,,NO,,,YES,YES,YES
22-99-30-42,0159-001-003,2,1,NO,,,,NO,,,YES,YES,YES
38-35-31-19,0160-002-001,1,1,NO,,,,NO,,,YES,YES,YES
38-35-31-19,0160-002-001,3,1,NO,,,,NO,,,YES,YES,YES
29-29-15-18,0161-001-001,2,1,NO,,,,NO,,,YES,YES,YES
53-54-39-20,0162-001-001,2,1,NO,,,,NO,,,YES,YES,YES
89-30-25-72,0163-001-001,1,1,NO,,,,NO,,,YES,NO,YES
89-30-25-72,0163-001-001,4,1,NO,,,,NO,,,YES,NO,YES
74-07-84-83,0163-001-002,2,1,NO,,,,NO,,,YES,NO,YES
17-99-98-98,0164-001-001,1,1,NO,,,,NO,,,YES,NO,YES
54-64-05-36,0166-001-001,1,1,NO,,,,NO,,,YES,YES,YES
56-50-71-92,0167-001-001,1,1,NO,,,,NO,,,YES,YES,YES
56-50-71-92,0167-001-001,2,1,NO,,,,NO,,,YES,YES,YES
72-54-77-52,0168-002-001,6,1,NO,,,,NO,,,YES,YES,YES
72-54-77-52,0168-002-001,7,1,NO,,,,NO,,,NO,NO,YES
72-54-77-52,0168-002-001,8,1,NO,,,,NO,,,YES,YES,YES
59-93-30-27,0168-002-002,1,1,NO,,,,NO,,,YES,YES,YES
59-93-30-27,0168-002-002,2,1,NO,,,,NO,,,YES,YES,YES
54-61-17-84,0169-001-001,1,1,NO,,,,NO,,,YES,YES,YES
58-64-20-38,0170-001-001,1,1,NO,,,,NO,,,YES,YES,YES
58-64-20-38,0170-001-001,2,1,NO,,,,NO,,,YES,YES,YES
58-64-20-38,0170-001-001,4,1,NO,,,,NO,,,YES,YES,YES
23-91-88-28,0172-004-001,1,1,NO,,,,NO,,,NO,YES,YES
23-91-88-28,0172-004-001,1,2,NO,,,,NO,,,YES,YES,YES
45-63-97-96,0173-001-001,1,1,NO,,,,NO,,,YES,YES,YES
45-63-97-96,0173-001-001,4,1,NO,,,,NO,,,YES,YES,YES
73-57-62-18,0173-003-001,1,1,NO,,,,NO,,,YES,YES,YES
61-35-02-97,0174-002-001,1,1,NO,,,,NO,,,YES,YES,YES
61-35-02-97,0174-002-001,2,1,NO,,,,NO,,,YES,NO,NO
88-48-93-24,0174-002-003,1,1,NO,,,,NO,,,YES,NO,YES
59-64-10-91,0175-001-001,3,1,NO,,,,NO,,,YES,YES,YES
94-29-87-68,0175-001-002,1,1,NO,,,,NO,,,YES,NO,YES
80-22-80-03,0175-003-001,1,1,NO,,,,NO,,,YES,YES,YES
80-22-80-03,0175-003-001,4,1,NO,,,,NO,,,YES,YES,YES
23-37-68-79,0175-007-001,1,1,NO,,,,NO,,,YES,NO,YES
23-37-68-79,0175-007-001,2,1,NO,,,,NO,,,YES,YES,YES
69-45-62-82,0175-008-002,1,1,NO,,,,NO,,,YES,NO,NO
24-73-10-13,0175-008-003,7,1,NO,,,,NO,,,YES,YES,YES
05-54-45-31,0175-014-001,1,1,NO,,,,NO,,,YES,YES,YES
78-81-52-69,0175-014-003,1,1,NO,,,,NO,,,YES,YES,YES
78-81-52-69,0175-014-003,3,1,NO,,,,NO,,,YES,NO,YES
80-93-48-57,0177-001-001,1,1,NO,,,,NO,,,YES,NO,YES
80-93-48-57,0177-001-001,2,1,NO,,,,NO,,,YES,NO,YES
87-96-65-49,0178-001-001,1,1,NO,,,,NO,,,YES,YES,YES
50-72-74-09,0179-001-001,1,1,NO,,,,NO,,,YES,YES,YES
97-03-71-43,0179-001-003,1,1,NO,,,,NO,,,YES,YES,YES
97-03-71-43,0179-001-003,2,1,NO,,,,NO,,,YES,YES,YES
26-41-59-49,0180-001-001,1,1,NO,,,,NO,,,YES,NO,YES
26-41-59-49,0180-001-001,2,1,NO,,,,NO,,,YES,NO,YES
26-41-59-49,0180-001-001,3,1,NO,,,,NO,,,YES,NO,YES
26-41-59-49,0180-001-001,5,1,NO,,,,NO,,,YES,YES,YES
26-41-59-49,0180-001-001,6,1,NO,,,,NO,,,YES,NO,YES
36-54-74-87,0180-001-007,1,1,NO,,,,NO,,,YES,YES,YES
36-54-74-87,0180-001-007,3,1,NO,,,,NO,,,YES,NO,YES
77-70-35-65,0181-001-001,2,1,NO,,,,NO,,,YES,NO,NO
40-26-23-74,0182-001-001,1,1,NO,,,,NO,,,YES,YES,YES
82-20-98-85,0183-002-001,1,1,NO,,,,NO,,,YES,NO,YES
00-11-15-68,0184-001-001,1,1,NO,,,,NO,,,YES,NO,YES
00-11-15-68,0184-001-001,2,1,NO,,,,NO,,,YES,NO,NO
52-59-56-82,0185-001-002,2,1,NO,,,,NO,,,YES,YES,YES
91-74-83-64,0186-001-001,1,1,NO,,,,NO,,,YES,NO,YES
91-74-83-64,0186-001-001,2,1,NO,,,,NO,,,YES,NO,YES
90-16-09-17,0186-001-005,1,1,NO,,,,NO,,,YES,YES,YES
90-16-09-17,0186-001-005,2,1,NO,,,,NO,,,YES,YES,YES
80-57-22-37,0186-003-001,1,1,NO,,,,NO,,,YES,YES,YES
15-56-66-55,0186-004-001,2,1,NO,,,,NO,,,YES,YES,YES
55-87-10-73,0187-001-001,1,1,NO,,,,NO,,,YES,YES,YES
55-87-10-73,0187-001-001,2,1,NO,,,,NO,,,YES,YES,NO
19-67-55-32,0187-001-003,1,1,NO,,,,NO,,,YES,NO,YES
22-19-42-39,0188-001-001,1,1,NO,,,,NO,,,YES,YES,YES
22-19-42-39,0188-001-001,2,1,NO,,,,NO,,,YES,YES,YES
32-98-17-50,0189-001-001,2,1,NO,,,,NO,,,YES,YES,YES
69-12-32-87,0191-001-001,1,1,NO,,,,NO,,,YES,YES,YES
88-53-04-67,0192-001-002,2,1,NO,,,,NO,,,YES,YES,YES
88-53-04-67,0192-001-002,6,1,NO,,,,NO,,,YES,YES,YES
45-87-86-23,0193-001-001,1,1,NO,,,,NO,,,YES,YES,YES
18-27-98-28,0194-001-001,2,1,NO,,,,NO,,,YES,YES,YES
18-27-98-28,0194-001-001,5,1,NO,,,,NO,,,YES,NO,YES
22-11-01-92,0194-007-002,2,1,NO,,,,NO,,,YES,YES,YES
66-54-30-86,0195-001-001,1,1,NO,,,,NO,,,YES,YES,YES
66-54-30-86,0195-001-001,4,1,NO,,,,NO,,,YES,YES,YES
66-54-30-86,0195-001-001,5,1,NO,,,,NO,,,YES,NO,NO
66-54-30-86,0195-001-001,5,2,NO,,,,NO,,,YES,NO,YES
66-54-30-86,0195-001-001,5,3,NO,,,,NO,,,YES,YES,YES
37-52-42-87,0195-001-003,1,1,NO,,,,NO,,,YES,YES,YES
37-52-42-87,0195-001-003,2,1,NO,,,,NO,,,YES,YES,YES
43-65-07-99,0195-006-001,1,1,NO,,,,NO,,,YES,YES,YES
43-65-07-99,0195-006-001,2,1,NO,,,,NO,,,YES,NO,YES
73-01-73-94,0196-001-001,1,1,NO,,,,NO,,,YES,YES,YES
73-01-73-94,0196-001-001,2,1,NO,,,,NO,,,YES,YES,YES
42-23-49-92,0197-001-001,1,1,NO,,,,NO,,,YES,NO,YES
88-74-53-78,0198-001-001,1,1,NO,,,,NO,,,YES,NO,YES
88-74-53-78,0198-001-001,2,1,NO,,,,NO,,,YES,YES,YES
56-90-38-75,0199-001-001,1,1,NO,,,,NO,,,YES,YES,YES
56-90-38-75,0199-001-001,2,1,NO,,,,NO,,,YES,NO,YES
22-00-58-38,0199-001-002,4,1,NO,,,,NO,,,YES,NO,YES
22-00-58-38,0199-001-002,5,1,NO,,,,NO,,,YES,YES,YES
22-00-58-38,0199-001-002,6,1,NO,,,,NO,,,YES,YES,YES
22-00-58-38,0199-001-002,10,1,NO,,,,NO,,,YES,YES,YES
43-54-63-75,0199-001-014,1,1,NO,,,,NO,,,YES,NO,YES
43-42-16-20,0199-008-001,1,1,NO,,,,NO,,,YES,YES,YES
74-58-36-12,0199-008-003,1,1,NO,,,,NO,,,YES,YES,YES
74-58-36-12,0199-008-003,2,1,NO,,,,NO,,,YES,YES,YES
68-34-72-68,0200-001-001,1,1,NO,,,,NO,,,YES,YES,YES
68-34-72-68,0200-001-001,3,1,NO,,,,NO,,,YES,YES,YES
21-95-94-12,0201-001-001,1,1,NO,,,,NO,,,YES,YES,YES
21-95-94-12,0201-001-001,2,1,NO,,,,NO,,,YES,YES,YES
84-55-32-10,0202-002-001,1,1,NO,,,,NO,,,YES,NO,YES
61-58-21-91,0203-001-001,1,1,NO,,,,NO,,,YES,YES,YES
61-58-21-91,0203-001-001,2,1,NO,,,,NO,,,YES,NO,YES
58-70-71-25,0203-001-002,2,1,NO,,,,NO,,,YES,YES,YES
85-27-88-94,0204-001-001,1,1,NO,,,,NO,,,YES,YES,YES
85-27-88-94,0204-001-001,2,1,NO,,,,NO,,,YES,NO,YES
85-27-88-94,0204-001-001,4,1,NO,,,,NO,,,YES,NO,YES
85-27-88-94,0204-001-001,5,1,NO,,,,NO,,,YES,NO,YES
85-27-88-94,0204-001-001,6,1,NO,,,,NO,,,YES,NO,YES
40-89-03-58,0204-001-009,1,1,NO,,,,NO,,,YES,NO,YES
64-87-80-64,0204-008-001,1,1,NO,,,,NO,,,YES,NO,YES
64-87-80-64,0204-008-001,2,1,NO,,,,NO,,,YES,NO,YES
58-88-28-93,0205-001-001,1,1,NO,,,,NO,,,YES,YES,YES
58-88-28-93,0205-001-001,2,1,NO,,,,NO,,,YES,YES,YES
83-06-62-27,0208-004-001,1,1,NO,,,,NO,,,YES,NO,YES
83-06-62-27,0208-004-001,2,1,NO,,,,NO,,,YES,NO,YES
79-05-47-33,0210-001-001,1,1,NO,,,,NO,,,YES,YES,YES
03-96-67-80,0210-002-002,3,1,NO,,,,NO,,,YES,YES,YES
11-75-06-50,0211-001-001,1,1,NO,,,,NO,,,YES,YES,YES
11-75-06-50,0211-001-001,2,1,NO,,,,NO,,,YES,NO,YES
26-67-43-95,0211-006-001,1,1,NO,,,,NO,,,YES,YES,YES
26-67-43-95,0211-006-001,2,1,NO,,,,NO,,,YES,YES,YES
49-03-77-61,0212-001-001,1,1,NO,,,,NO,,,YES,NO,YES
49-03-77-61,0212-001-001,1,2,NO,,,,NO,,,YES,YES,YES
49-03-77-61,0212-001-001,2,1,NO,,,,NO,,,YES,YES,YES
80-82-58-54,0214-001-001,1,1,NO,,,,NO,,,YES,YES,YES
80-82-58-54,0214-001-001,2,1,NO,,,,NO,,,YES,NO,YES
47-56-60-71,0215-001-001,1,1,NO,,,,YES,0,0,YES,NO,YES
47-56-60-71,0215-001-001,2,1,NO,,,,NO,,,YES,NO,YES
43-96-13-63,0216-001-001,1,1,NO,,,,NO,,,YES,YES,YES
43-96-13-63,0216-001-001,2,1,NO,,,,NO,,,YES,YES,YES
11-90-11-27,0216-006-001,1,1,NO,,,,NO,,,YES,YES,YES
11-90-11-27,0216-006-001,4,1,NO,,,,NO,,,YES,YES,YES
06-94-34-79,0217-001-001,1,1,NO,,,,NO,,,YES,YES,YES
02-85-44-36,0217-002-001,2,1,NO,,,,NO,,,YES,YES,YES
58-92-13-43,0218-001-001,1,1,NO,,,,NO,,,YES,YES,YES
58-92-13-43,0218-001-001,2,1,NO,,,,NO,,,YES,YES,YES
58-92-13-43,0218-001-001,2,2,NO,,,,NO,,,YES,YES,YES
60-79-06-82,0218-001-002,1,1,NO,,,,NO,,,YES,YES,YES
60-79-06-82,0218-001-002,1,2,NO,,,,NO,,,YES,YES,YES
60-79-06-82,0218-001-002,2,1,NO,,,,NO,,,YES,YES,YES
60-79-06-82,0218-001-002,2,2,NO,,,,NO,,,YES,YES,YES
43-30-23-38,0218-001-003,4,1,NO,,,,NO,,,YES,YES,YES
43-30-23-38,0218-001-003,6,1,NO,,,,NO,,,YES,NO,YES
06-92-75-91,0218-001-005,1,1,NO,,,,NO,,,YES,YES,YES
06-92-75-91,0218-001-005,1,2,NO,,,,NO,,,YES,YES,YES
98-66-63-47,0219-001-001,1,1,NO,,,,NO,,,YES,NO,YES
98-66-63-47,0219-001-001,5,1,NO,,,,NO,,,YES,YES,YES
32-61-13-34,0219-005-001,1,1,NO,,,,NO,,,YES,YES,YES
32-61-13-34,0219-005-001,2,1,NO,,,,NO,,,YES,NO,YES
97-60-22-72,0220-001-001,1,1,NO,,,,NO,,,YES,NO,NO
97-60-22-72,0220-001-001,2,1,NO,,,,NO,,,YES,YES,YES
00-92-63-48,0220-001-003,1,1,NO,,,,NO,,,YES,YES,YES
00-92-63-48,0220-001-003,2,1,NO,,,,NO,,,YES,YES,YES
14-53-90-07,0220-001-006,1,1,NO,,,,NO,,,YES,YES,YES
14-53-90-07,0220-001-006,2,1,NO,,,,NO,,,YES,YES,YES
73-82-11-64,0220-001-007,1,1,NO,,,,NO,,,YES,YES,YES
73-82-11-64,0220-001-007,2,1,NO,,,,NO,,,YES,NO,YES
75-78-20-22,0220-001-008,1,1,NO,,,,NO,,,YES,YES,YES
93-34-26-43,0221-001-001,1,1,NO,,,,NO,,,YES,YES,YES
77-56-32-86,0222-001-001,1,1,NO,,,,NO,,,YES,YES,YES
77-56-32-86,0222-001-001,2,1,NO,,,,NO,,,YES,YES,YES
77-56-32-86,0222-001-001,3,1,NO,,,,NO,,,YES,YES,YES
77-56-32-86,0222-001-001,6,1,NO,,,,NO,,,YES,YES,YES
77-56-32-86,0222-001-001,7,1,NO,,,,NO,,,YES,YES,YES
67-31-73-27,0223-001-001,2,1,NO,,,,NO,,,YES,YES,YES
33-67-18-79,0224-001-001,1,1,NO,,,,NO,,,YES,YES,YES
33-67-18-79,0224-001-001,1,2,NO,,,,NO,,,YES,YES,YES
84-84-63-90,0225-001-001,1,1,NO,,,,NO,,,YES,YES,YES
84-84-63-90,0225-001-001,2,1,NO,,,,NO,,,YES,NO,YES
72-31-02-65,0225-001-003,1,1,NO,,,,NO,,,YES,YES,YES
19-92-84-46,0226-001-001,1,1,NO,,,,NO,,,YES,YES,YES
19-92-84-46,0226-001-001,2,1,NO,,,,NO,,,YES,YES,YES
29-59-86-09,0228-001-003,1,1,NO,,,,NO,,,YES,YES,YES
29-59-86-09,0228-001-003,2,1,NO,,,,NO,,,YES,NO,YES
45-35-51-47,0228-001-004,1,1,NO,,,,NO,,,YES,NO,YES
45-35-51-47,0228-001-004,2,1,NO,,,,NO,,,YES,NO,YES
54-34-22-32,0228-001-005,8,1,NO,,,,NO,,,YES,NO,YES
64-31-82-27,0228-001-006,1,1,NO,,,,NO,,,YES,NO,YES
36-07-10-97,0230-001-001,2,1,NO,,,,NO,,,YES,YES,YES
17-61-33-27,0231-001-001,1,1,NO,,,,NO,,,YES,YES,YES
17-61-33-27,0231-001-001,2,1,NO,,,,NO,,,YES,NO,YES
32-98-50-34,0232-001-001,1,1,NO,,,,NO,,,YES,YES,NO
70-97-13-97,0232-001-002,2,1,NO,,,,NO,,,YES,YES,YES
16-71-73-07,0233-001-001,1,1,NO,,,,NO,,,YES,YES,YES
16-71-73-07,0233-001-001,3,1,NO,,,,NO,,,YES,NO,YES
88-13-25-26,0235-001-002,3,1,NO,,,,NO,,,YES,YES,YES
93-28-19-25,0236-005-001,1,1,NO,,,,NO,,,YES,NO,NO
38-93-36-62,0238-001-001,1,1,NO,,,,NO,,,YES,YES,YES
38-93-36-62,0238-001-001,4,1,NO,,,,NO,,,YES,YES,YES
81-08-56-98,0239-001-001,1,1,NO,,,,NO,,,YES,YES,YES
81-08-56-98,0239-001-001,1,2,NO,,,,NO,,,YES,YES,YES
81-08-56-98,0239-001-001,2,1,NO,,,,NO,,,YES,YES,YES
81-08-56-98,0239-001-001,3,1,NO,,,,NO,,,YES,YES,YES
81-08-56-98,0239-001-001,3,2,NO,,,,NO,,,YES,YES,YES
81-08-56-98,0239-001-001,6,1,NO,,,,NO,,,YES,NO,YES
81-08-56-98,0239-001-001,6,2,NO,,,,NO,,,YES,YES,YES
32-58-01-01,0239-001-004,1,1,NO,,,,NO,,,YES,NO,YES
32-58-01-01,0239-001-004,1,2,NO,,,,NO,,,YES,YES,YES
47-72-46-38,0239-106-001,2,1,NO,,,,NO,,,YES,YES,YES
28-82-44-02,0240-001-001,1,1,NO,,,,NO,,,YES,YES,YES
28-82-44-02,0240-001-001,1,2,NO,,,,NO,,,YES,YES,YES
02-85-17-16,0241-001-001,1,1,NO,,,,NO,,,YES,YES,YES
99-85-97-80,0242-001-001,1,1,NO,,,,NO,,,YES,YES,YES
99-85-97-80,0242-001-001,2,1,NO,,,,NO,,,YES,YES,YES
05-26-99-01,0243-001-001,1,1,NO,,,,NO,,,YES,YES,YES
21-44-88-45,0244-001-001,1,1,NO,,,,NO,,,YES,YES,YES
21-44-88-45,0244-001-001,2,1,NO,,,,NO,,,YES,YES,YES
42-03-35-97,0247-001-001,1,1,NO,,,,NO,,,YES,NO,YES
42-03-35-97,0247-001-001,4,1,NO,,,,NO,,,YES,NO,YES
42-03-35-97,0247-001-001,5,1,NO,,,,NO,,,YES,YES,YES
42-03-35-97,0247-001-001,6,1,NO,,,,NO,,,YES,NO,YES
29-56-58-07,0249-001-001,1,1,NO,,,,NO,,,YES,NO,YES
47-43-87-43,0251-001-001,1,1,NO,,,,NO,,,YES,NO,YES
67-10-80-24,0252-001-001,1,1,NO,,,,NO,,,YES,YES,YES
67-10-80-24,0252-001-001,2,1,NO,,,,NO,,,YES,NO,YES
47-10-37-20,0253-001-001,2,1,NO,,,,NO,,,YES,NO,YES
47-10-37-20,0253-001-001,2,2,NO,,,,NO,,,YES,YES,YES
11-56-64-74,0254-001-001,1,1,NO,,,,NO,,,YES,YES,YES
11-56-64-74,0254-001-001,2,1,NO,,,,NO,,,YES,YES,YES
66-44-07-30,0255-001-001,1,1,NO,,,,NO,,,YES,YES,YES
66-44-07-30,0255-001-001,2,1,NO,,,,NO,,,YES,NO,YES
42-84-07-76,0255-001-009,1,1,NO,,,,NO,,,YES,NO,YES
42-84-07-76,0255-001-009,2,1,NO,,,,NO,,,YES,NO,YES
56-73-22-28,0257-001-001,1,1,NO,,,,NO,,,YES,NO,YES
56-73-22-28,0257-001-001,1,2,NO,,,,NO,,,YES,YES,YES
56-73-22-28,0257-001-001,1,3,NO,,,,NO,,,YES,YES,YES
56-73-22-28,0257-001-001,1,4,NO,,,,NO,,,YES,NO,YES
56-73-22-28,0257-001-001,2,1,NO,,,,NO,,,YES,YES,YES
56-73-22-28,0257-001-001,2,2,NO,,,,NO,,,YES,NO,YES
68-63-08-39,0259-001-001,1,1,NO,,,,NO,,,YES,YES,YES
68-63-08-39,0259-001-001,3,1,NO,,,,NO,,,YES,YES,YES
51-99-35-71,0259-004-001,1,1,NO,,,,NO,,,YES,YES,YES
12-03-97-45,0260-001-001,1,1,NO,,,,NO,,,YES,YES,NO
35-64-91-26,0261-001-001,1,1,NO,,,,NO,,,YES,YES,YES
35-64-91-26,0261-001-001,4,1,NO,,,,NO,,,YES,YES,YES
85-90-36-67,0261-001-002,1,1,NO,,,,NO,,,YES,NO,YES
91-56-57-06,0262-001-002,3,1,NO,,,,NO,,,YES,YES,YES
91-56-57-06,0262-001-002,5,1,NO,,,,NO,,,YES,YES,YES
89-92-90-61,0263-001-001,1,1,NO,,,,NO,,,YES,YES,YES
89-92-90-61,0263-001-001,2,1,NO,,,,NO,,,YES,YES,YES
89-92-90-61,0263-001-001,2,2,NO,,,,NO,,,YES,YES,YES
89-92-90-61,0263-001-001,5,1,NO,,,,NO,,,NO,NO,YES
89-92-90-61,0263-001-001,7,1,NO,,,,NO,,,YES,NO,YES
73-66-70-99,0263-001-004,4,1,NO,,,,NO,,,YES,YES,YES
73-66-70-99,0263-001-004,13,1,NO,,,,NO,,,YES,NO,YES
73-66-70-99,0263-001-004,14,1,NO,,,,NO,,,YES,NO,YES
07-23-75-51,0263-001-006,1,1,NO,,,,NO,,,YES,YES,YES
07-23-75-51,0263-001-006,2,1,NO,,,,NO,,,YES,YES,YES
72-76-27-22,0264-001-001,1,1,NO,,,,NO,,,YES,YES,YES
72-76-27-22,0264-001-001,2,1,NO,,,,NO,,,YES,NO,YES
96-22-42-95,0265-001-001,2,1,NO,,,,NO,,,YES,YES,YES
21-28-91-77,0266-001-001,3,1,NO,,,,NO,,,YES,NO,YES
08-95-27-37,0267-001-001,1,1,YES,2,,,NO,,,YES,YES,YES
08-95-27-37,0267-001-001,2,1,YES,1,,,NO,,,YES,YES,YES
56-07-21-94,0267-001-003,1,1,NO,,,,NO,,,YES,YES,YES
61-93-73-52,0267-001-005,1,1,NO,,,,NO,,,YES,YES,YES
61-93-73-52,0267-001-005,2,1,NO,,,,NO,,,YES,NO,YES
45-28-40-86,0267-001-006,1,1,NO,,,,NO,,,YES,YES,YES
45-28-40-86,0267-001-006,2,1,NO,,,,NO,,,YES,NO,YES
45-28-40-86,0267-001-006,2,2,NO,,,,NO,,,YES,YES,YES
45-28-40-86,0267-001-006,4,1,NO,,,,NO,,,YES,YES,YES
70-01-39-09,0267-104-001,1,1,NO,,,,NO,,,YES,YES,YES
99-73-94-40,0268-001-001,1,1,NO,,,,NO,,,YES,YES,YES
88-55-89-02,0268-001-002,1,1,NO,,,,NO,,,YES,YES,YES
07-15-41-44,0269-001-001,1,1,NO,,,,NO,,,YES,YES,YES
07-15-41-44,0269-001-001,2,1,NO,,,,NO,,,YES,YES,YES
13-53-55-54,0270-002-001,2,1,NO,,,,NO,,,YES,YES,YES
13-53-55-54,0270-002-001,3,1,NO,,,,NO,,,YES,YES,YES
44-15-25-13,0271-002-001,1,1,NO,,,,NO,,,YES,NO,YES
44-15-25-13,0271-002-001,2,1,NO,,,,NO,,,YES,YES,YES
19-00-41-84,0272-001-001,1,1,NO,,,,NO,,,YES,YES,YES
19-00-41-84,0272-001-001,2,1,NO,,,,NO,,,YES,NO,YES
57-34-89-32,0273-001-001,1,1,NO,,,,NO,,,YES,YES,YES
57-34-89-32,0273-001-001,3,1,NO,,,,NO,,,YES,NO,YES
83-68-94-38,0273-005-001,1,1,NO,,,,NO,,,YES,YES,YES
83-68-94-38,0273-005-001,2,1,NO,,,,NO,,,YES,YES,YES
32-61-54-24,0275-001-002,4,1,NO,,,,NO,,,YES,YES,YES
32-61-54-24,0275-001-002,5,1,NO,,,,NO,,,YES,NO,YES
22-59-93-72,0276-001-001,1,1,NO,,,,NO,,,YES,YES,YES
71-02-30-95,0277-001-001,1,1,NO,,,,NO,,,YES,NO,YES
71-02-30-95,0277-001-001,5,1,NO,,,,NO,,,YES,NO,YES
71-02-30-95,0277-001-001,6,1,NO,,,,NO,,,YES,NO,YES
71-02-30-95,0277-001-001,7,1,NO,,,,NO,,,YES,NO,YES
80-89-25-38,0277-008-001,1,1,NO,,,,NO,,,YES,YES,YES
85-41-80-11,0278-001-001,1,1,NO,,,,NO,,,YES,YES,YES
71-70-87-92,0278-001-002,1,1,NO,,,,NO,,,NO,YES,YES
60-25-30-64,0279-002-001,1,1,NO,,,,NO,,,YES,NO,YES
71-03-08-46,0279-002-002,1,1,NO,,,,NO,,,YES,NO,YES
71-03-08-46,0279-002-002,2,1,NO,,,,NO,,,YES,YES,YES
98-72-25-05,0279-003-001,1,1,NO,,,,NO,,,YES,YES,YES
23-05-27-92,0279-006-001,1,1,NO,,,,NO,,,YES,YES,YES
53-31-80-18,0280-001-001,1,1,NO,,,,NO,,,YES,YES,YES
53-31-80-18,0280-001-001,2,1,NO,,,,NO,,,YES,NO,YES
53-31-80-18,0280-001-001,5,1,NO,,,,NO,,,YES,NO,YES
18-82-85-31,0280-001-003,1,1,NO,,,,NO,,,YES,NO,YES
18-82-85-31,0280-001-003,2,1,NO,,,,NO,,,YES,YES,YES
39-02-00-74,0280-001-004,1,1,NO,,,,NO,,,YES,YES,YES
39-02-00-74,0280-001-004,2,1,NO,,,,NO,,,YES,NO,YES
80-17-56-66,0283-001-001,1,1,NO,,,,NO,,,YES,YES,YES
80-17-56-66,0283-001-001,2,1,NO,,,,NO,,,YES,YES,YES
79-01-71-66,0283-003-001,1,1,NO,,,,NO,,,YES,YES,YES
79-01-71-66,0283-003-001,4,1,NO,,,,NO,,,YES,NO,NO
98-28-80-40,0283-003-002,1,1,NO,,,,NO,,,YES,NO,YES
25-73-08-47,0284-001-001,1,1,NO,,,,NO,,,YES,NO,YES
74-35-04-61,0285-001-001,1,1,NO,,,,NO,,,YES,YES,YES
16-61-30-78,0287-001-001,1,1,NO,,,,NO,,,YES,NO,NO
16-61-30-78,0287-001-001,2,1,NO,,,,NO,,,YES,NO,NO
84-51-41-53,0288-001-001,1,1,NO,,,,NO,,,YES,YES,YES
84-51-41-53,0288-001-001,2,1,NO,,,,NO,,,YES,YES,YES
84-51-41-53,0288-001-001,3,1,NO,,,,NO,,,YES,YES,YES
63-02-03-97,0290-001-001,1,1,NO,,,,NO,,,YES,YES,YES
63-02-03-97,0290-001-001,2,1,NO,,,,NO,,,YES,YES,YES
35-18-85-05,0291-001-001,1,1,NO,,,,NO,,,YES,YES,YES
85-31-10-94,0291-001-003,1,1,NO,,,,NO,,,YES,YES,YES
82-39-62-03,0291-001-005,1,1,NO,,,,NO,,,YES,YES,YES
65-18-30-41,0292-001-001,1,1,NO,,,,NO,,,YES,NO,YES
65-18-30-41,0292-001-001,2,1,NO,,,,NO,,,YES,YES,YES
55-20-85-17,0294-001-001,1,1,NO,,,,NO,,,YES,YES,YES
55-20-85-17,0294-001-001,2,1,NO,,,,NO,,,YES,NO,YES
62-38-02-67,0295-001-001,2,1,NO,,,,NO,,,YES,YES,NO
62-38-02-67,0295-001-001,3,1,NO,,,,NO,,,YES,YES,NO
36-60-91-30,0296-001-002,2,1,NO,,,,NO,,,YES,NO,YES
61-96-62-14,0298-006-001,1,1,NO,,,,NO,,,YES,YES,YES
61-96-62-14,0298-006-001,2,1,NO,,,,NO,,,YES,NO,YES
61-96-62-14,0298-006-001,4,1,NO,,,,NO,,,YES,NO,YES
61-96-62-14,0298-006-001,8,1,NO,,,,NO,,,YES,YES,YES
01-12-50-30,0298-006-004,1,1,NO,,,,NO,,,YES,NO,YES
01-12-50-30,0298-006-004,1,2,NO,,,,NO,,,YES,YES,YES
01-12-50-30,0298-006-004,5,1,NO,,,,NO,,,YES,NO,YES
81-68-55-28,0298-006-006,1,1,NO,,,,NO,,,YES,YES,YES
81-68-55-28,0298-006-006,4,1,NO,,,,NO,,,YES,NO,YES
81-68-55-28,0298-006-006,5,1,NO,,,,NO,,,YES,NO,YES
82-47-05-90,0298-006-007,2,1,NO,,,,NO,,,YES,NO,YES
50-08-76-82,0299-001-001,2,1,NO,,,,NO,,,YES,NO,YES
16-73-84-34,0300-001-001,1,1,NO,,,,NO,,,YES,NO,YES
16-73-84-34,0300-001-001,4,1,NO,,,,NO,,,YES,NO,YES
21-51-87-14,0301-001-001,2,1,NO,,,,NO,,,YES,NO,YES
49-07-66-40,0301-005-001,1,1,NO,,,,NO,,,YES,YES,YES
30-98-65-42,0302-001-001,1,1,NO,,,,NO,,,YES,YES,YES
62-07-81-83,0304-001-001,1,1,NO,,,,NO,,,YES,YES,NO
32-14-67-22,0305-001-001,1,1,NO,,,,NO,,,YES,NO,YES
32-14-67-22,0305-001-001,1,2,NO,,,,NO,,,YES,YES,YES
32-14-67-22,0305-001-001,2,1,NO,,,,NO,,,YES,NO,YES
69-04-27-82,0306-001-001,1,1,NO,,,,NO,,,YES,NO,NO
80-51-24-60,0307-001-001,1,1,NO,,,,NO,,,YES,YES,NO
80-51-24-60,0307-001-001,3,1,NO,,,,NO,,,YES,YES,NO
03-60-63-99,0308-001-001,1,1,NO,,,,NO,,,YES,YES,YES
55-61-56-57,0311-002-001,1,1,NO,,,,NO,,,YES,NO,YES
55-61-56-57,0311-002-001,3,1,NO,,,,NO,,,YES,NO,YES
22-19-05-49,0313-001-001,1,1,NO,,,,NO,,,YES,NO,YES
61-15-16-96,0314-001-001,1,1,NO,,,,NO,,,YES,YES,YES
66-32-50-84,0314-001-005,1,1,NO,,,,NO,,,YES,YES,NO
66-32-50-84,0314-001-005,2,1,NO,,,,YES,0,0,YES,YES,YES
53-55-68-22,0315-001-001,1,1,NO,,,,NO,,,YES,NO,NO
21-83-46-82,0315-001-003,1,1,NO,,,,NO,,,YES,NO,YES
21-83-46-82,0315-001-003,1,2,NO,,,,NO,,,YES,YES,YES
19-01-66-04,0315-001-006,1,1,NO,,,,NO,,,YES,YES,YES
93-08-92-21,0317-002-001,1,1,NO,,,,NO,,,YES,NO,NO
90-09-81-16,0318-001-001,1,1,YES,2,,,NO,,,YES,NO,YES
90-09-81-16,0318-001-001,2,1,YES,1,,,NO,,,YES,NO,NO
79-96-60-97,0319-001-001,1,1,NO,,,,NO,,,YES,NO,YES
70-01-42-10,0319-002-001,4,1,NO,,,,NO,,,YES,NO,YES
87-02-55-58,0321-001-001,2,1,NO,,,,NO,,,YES,NO,NO
72-26-60-34,0322-001-001,1,1,NO,,,,NO,,,YES,NO,NO
18-58-75-31,0322-006-001,1,1,NO,,,,NO,,,YES,YES,YES
65-67-16-12,0323-001-001,1,1,NO,,,,NO,,,YES,YES,YES
65-67-16-12,0323-001-001,2,1,NO,,,,NO,,,YES,NO,YES
50-46-20-22,0325-002-001,1,1,NO,,,,NO,,,YES,NO,YES
50-46-20-22,0325-002-001,5,1,NO,,,,NO,,,YES,YES,YES
38-80-82-46,0327-001-001,1,1,NO,,,,NO,,,YES,YES,NO
88-15-45-24,0328-001-001,1,1,NO,,,,NO,,,YES,NO,NO
24-39-40-17,0329-001-001,1,1,NO,,,,NO,,,YES,YES,YES
79-72-16-28,0330-001-001,3,1,NO,,,,NO,,,YES,NO,YES
62-23-66-59,0332-004-001,1,1,NO,,,,NO,,,YES,YES,YES
62-23-66-59,0332-004-001,1,2,NO,,,,NO,,,YES,YES,YES
90-12-94-91,0335-001-001,1,1,NO,,,,NO,,,YES,YES,YES
90-12-94-91,0335-001-001,3,1,NO,,,,NO,,,YES,NO,NO
95-97-57-76,0337-001-001,1,1,NO,,,,NO,,,YES,YES,YES
95-97-57-76,0337-001-001,2,1,NO,,,,NO,,,YES,NO,NO
79-32-59-15,0337-003-001,1,1,NO,,,,NO,,,YES,NO,YES
79-32-59-15,0337-003-001,3,1,NO,,,,NO,,,YES,NO,YES
58-48-25-77,0339-001-001,1,1,NO,,,,NO,,,YES,YES,YES
58-48-25-77,0339-001-001,1,2,NO,,,,NO,,,YES,NO,YES
09-00-90-33,0340-001-001,1,1,NO,,,,NO,,,YES,YES,YES
54-25-70-23,0341-001-001,1,1,NO,,,,NO,,,YES,NO,YES
42-32-57-47,0342-001-001,1,1,NO,,,,NO,,,YES,YES,YES
84-20-57-41,0342-001-002,1,1,NO,,,,NO,,,YES,YES,YES
84-20-57-41,0342-001-002,1,2,NO,,,,NO,,,YES,YES,YES
85-31-76-02,0343-001-001,2,1,NO,,,,NO,,,YES,YES,YES
17-16-19-11,0343-005-001,1,1,NO,,,,NO,,,YES,NO,YES
17-16-19-11,0343-005-001,1,2,NO,,,,NO,,,YES,YES,YES
03-69-94-07,0343-005-005,1,1,NO,,,,NO,,,YES,YES,YES
50-97-33-57,0344-001-001,1,1,NO,,,,NO,,,YES,YES,YES
50-97-33-57,0344-001-001,4,1,NO,,,,NO,,,YES,YES,YES
26-84-97-44,0346-001-001,1,1,NO,,,,NO,,,YES,YES,YES
33-87-72-22,0347-001-001,1,1,NO,,,,NO,,,YES,NO,NO
33-87-72-22,0347-001-001,2,1,NO,,,,NO,,,YES,NO,NO
27-37-98-68,0348-001-001,1,1,NO,,,,NO,,,YES,NO,NO
27-37-98-68,0348-001-001,2,1,NO,,,,NO,,,YES,NO,NO
62-47-27-99,0348-001-005,1,1,YES,2,,,NO,,,YES,NO,YES
03-38-40-57,0349-001-001,1,1,NO,,,,NO,,,YES,YES,YES
03-38-40-57,0349-001-001,1,2,NO,,,,NO,,,YES,YES,YES
83-73-69-11,0350-001-001,1,1,NO,,,,NO,,,YES,YES,YES
05-53-86-21,0351-001-001,1,1,NO,,,,NO,,,YES,YES,YES
05-53-86-21,0351-001-001,1,2,NO,,,,NO,,,YES,NO,YES
62-06-81-29,0352-001-001,1,1,NO,,,,NO,,,YES,NO,YES
72-28-80-03,0354-001-001,1,1,NO,,,,NO,,,YES,YES,YES
72-28-80-03,0354-001-001,2,1,NO,,,,NO,,,YES,NO,NO
78-10-03-87,0356-001-001,2,1,NO,,,,NO,,,YES,YES,YES
74-58-85-63,0357-001-001,2,1,NO,,,,NO,,,YES,NO,YES
16-56-85-66,0357-003-001,1,1,NO,,,,NO,,,YES,YES,YES
16-56-85-66,0357-003-001,3,1,NO,,,,NO,,,YES,NO,NO
57-01-29-66,0359-001-001,1,1,NO,,,,NO,,,YES,YES,YES
57-01-29-66,0359-001-001,2,1,NO,,,,NO,,,YES,YES,YES
57-01-29-66,0359-001-001,3,1,NO,,,,NO,,,YES,YES,YES
34-32-29-13,0360-001-001,1,1,NO,,,,NO,,,YES,YES,YES
34-32-29-13,0360-001-001,2,1,NO,,,,NO,,,YES,YES,YES
75-12-65-48,0361-001-001,3,1,NO,,,,NO,,,YES,NO,YES
25-93-23-16,0363-001-001,1,1,NO,,,,NO,,,YES,NO,YES
25-93-23-16,0363-001-001,1,2,NO,,,,NO,,,YES,YES,YES
25-93-23-16,0363-001-001,4,1,NO,,,,NO,,,YES,YES,YES
25-93-23-16,0363-001-001,5,1,NO,,,,NO,,,YES,YES,YES
82-38-78-50,0363-003-001,1,1,NO,,,,NO,,,YES,NO,YES
88-18-02-06,0366-001-001,1,1,NO,,,,NO,,,NO,YES,YES
88-18-02-06,0366-001-001,1,2,NO,,,,NO,,,YES,NO,NO
88-18-02-06,0366-001-001,2,1,NO,,,,NO,,,YES,NO,YES
98-93-28-99,0367-001-001,1,1,NO,,,,NO,,,YES,YES,YES
98-93-28-99,0367-001-001,2,1,NO,,,,NO,,,YES,NO,YES
72-02-74-10,0368-001-001,1,1,NO,,,,NO,,,YES,YES,YES
72-02-74-10,0368-001-001,2,1,NO,,,,NO,,,YES,YES,YES
37-91-82-56,0369-001-001,2,1,NO,,,,NO,,,YES,NO,YES
37-91-82-56,0369-001-001,3,1,NO,,,,NO,,,YES,NO,YES
37-91-82-56,0369-001-001,4,1,NO,,,,NO,,,YES,YES,YES
37-91-82-56,0369-001-001,5,1,NO,,,,NO,,,YES,NO,YES
37-91-82-56,0369-001-001,9,1,NO,,,,NO,,,YES,YES,YES
89-45-31-74,0369-001-010,1,1,NO,,,,NO,,,YES,YES,YES
05-20-75-51,0370-001-001,1,1,NO,,,,NO,,,YES,YES,YES
81-59-39-48,0370-002-001,2,1,NO,,,,NO,,,YES,NO,YES
33-40-21-23,0371-001-001,1,1,NO,,,,NO,,,YES,NO,YES
36-31-22-46,0372-001-001,1,1,NO,,,,NO,,,YES,YES,YES
36-31-22-46,0372-001-001,2,1,NO,,,,NO,,,YES,YES,YES
62-16-24-46,0372-004-001,1,1,NO,,,,NO,,,YES,YES,YES
62-16-24-46,0372-004-001,1,2,NO,,,,NO,,,YES,YES,YES
95-89-46-21,0372-004-002,1,1,NO,,,,NO,,,NO,NO,YES
73-64-57-68,0373-001-001,1,1,NO,,,,NO,,,YES,YES,YES
73-64-57-68,0373-001-001,2,1,NO,,,,NO,,,YES,NO,NO
31-00-50-10,0374-001-001,1,1,NO,,,,NO,,,YES,NO,YES
31-00-50-10,0374-001-001,2,1,NO,,,,NO,,,YES,YES,YES
31-00-50-10,0374-001-001,2,2,NO,,,,NO,,,YES,NO,YES
60-58-87-22,0375-001-001,1,1,NO,,,,NO,,,YES,YES,YES
60-58-87-22,0375-001-001,5,1,NO,,,,NO,,,YES,NO,YES
21-71-05-05,0375-001-004,1,1,NO,,,,NO,,,YES,YES,YES
14-25-57-80,0376-001-001,1,1,NO,,,,NO,,,YES,NO,YES
14-25-57-80,0376-001-001,2,1,NO,,,,NO,,,YES,NO,YES
87-29-04-68,0377-001-001,1,1,NO,,,,NO,,,YES,YES,YES
63-19-55-45,0377-001-002,1,1,NO,,,,NO,,,YES,YES,YES
63-19-55-45,0377-001-002,2,1,NO,,,,NO,,,YES,YES,YES
43-16-08-07,0378-001-003,1,1,NO,,,,NO,,,YES,YES,YES
43-16-08-07,0378-001-003,1,2,NO,,,,NO,,,YES,NO,YES
88-99-03-66,0378-003-001,1,1,NO,,,,NO,,,YES,YES,YES
88-99-03-66,0378-003-001,2,1,NO,,,,NO,,,YES,YES,YES
25-45-09-68,0379-001-001,1,1,NO,,,,NO,,,YES,YES,YES
25-45-09-68,0379-001-001,2,1,NO,,,,NO,,,YES,NO,YES
53-65-82-49,0380-001-001,1,1,NO,,,,NO,,,YES,YES,YES
53-65-82-49,0380-001-001,5,1,NO,,,,NO,,,YES,YES,YES
53-65-82-49,0380-001-001,9,1,NO,,,,NO,,,YES,YES,YES
82-21-80-57,0380-001-004,1,1,NO,,,,NO,,,YES,YES,YES
80-78-20-03,0381-001-002,1,1,NO,,,,NO,,,YES,YES,YES
79-55-32-46,0381-002-001,2,1,NO,,,,NO,,,YES,NO,YES
11-11-48-32,0382-001-001,1,1,NO,,,,NO,,,YES,NO,YES
11-11-48-32,0382-001-001,2,1,NO,,,,NO,,,YES,NO,YES
11-11-48-32,0382-001-001,6,1,NO,,,,NO,,,YES,YES,YES
58-63-01-26,0382-001-003,1,1,NO,,,,NO,,,YES,NO,YES
12-44-79-02,0382-003-001,1,1,NO,,,,NO,,,YES,YES,YES
22-36-64-04,0383-002-001,1,1,NO,,,,NO,,,YES,YES,YES
22-36-64-04,0383-002-001,2,1,NO,,,,NO,,,YES,YES,YES
08-83-65-24,0385-001-001,1,1,NO,,,,NO,,,YES,YES,YES
08-83-65-24,0385-001-001,5,1,NO,,,,NO,,,YES,YES,YES
19-29-01-24,0385-001-002,1,1,NO,,,,NO,,,YES,YES,YES
11-13-08-42,0386-001-001,1,1,NO,,,,NO,,,YES,NO,YES
90-22-50-43,0387-001-001,1,1,NO,,,,NO,,,YES,NO,YES
41-18-85-21,0388-001-001,1,1,NO,,,,NO,,,YES,YES,YES
41-18-85-21,0388-001-001,2,1,NO,,,,NO,,,YES,YES,YES
86-45-17-33,0388-005-001,1,1,NO,,,,NO,,,YES,YES,NO
86-45-17-33,0388-005-001,2,1,NO,,,,NO,,,YES,YES,NO
43-97-80-50,0389-001-001,1,1,NO,,,,NO,,,YES,YES,YES
43-97-80-50,0389-001-001,6,1,NO,,,,NO,,,YES,NO,NO
49-08-86-51,0389-001-002,1,1,NO,,,,NO,,,YES,YES,YES
98-73-14-89,0390-001-001,1,1,NO,,,,NO,,,YES,NO,YES
28-94-88-56,0390-001-004,1,1,NO,,,,NO,,,YES,YES,YES
77-89-92-35,0391-001-001,1,1,NO,,,,NO,,,YES,YES,YES
77-89-92-35,0391-001-001,2,1,NO,,,,NO,,,YES,YES,NO
77-89-92-35,0391-001-001,4,1,NO,,,,NO,,,YES,YES,YES
03-55-55-72,0391-005-001,1,1,NO,,,,NO,,,YES,YES,NO
03-55-55-72,0391-005-001,2,1,NO,,,,NO,,,YES,NO,YES
42-04-98-59,0392-001-002,1,1,NO,,,,NO,,,YES,YES,YES
42-04-98-59,0392-001-002,1,2,NO,,,,NO,,,YES,YES,YES
91-52-62-82,0393-001-001,1,1,NO,,,,NO,,,YES,YES,NO
91-52-62-82,0393-001-001,2,1,NO,,,,NO,,,YES,YES,YES
68-78-67-09,0393-002-001,1,1,NO,,,,NO,,,YES,YES,YES
68-78-67-09,0393-002-001,3,1,NO,,,,NO,,,YES,YES,YES
59-34-76-55,0394-001-001,1,1,NO,,,,NO,,,YES,YES,YES
59-34-76-55,0394-001-001,2,1,NO,,,,NO,,,YES,NO,YES
07-50-77-12,0395-001-001,1,1,NO,,,,NO,,,YES,NO,YES
07-50-77-12,0395-001-001,2,1,NO,,,,NO,,,YES,YES,YES
07-50-77-12,0395-001-001,3,1,NO,,,,NO,,,YES,YES,YES
36-58-37-13,0395-001-006,1,1,YES,2,,,NO,,,YES,NO,YES
36-58-37-13,0395-001-006,2,1,NO,,,,NO,,,YES,NO,YES
47-39-84-55,0396-001-001,1,1,YES,2,,,NO,,,YES,NO,YES
47-39-84-55,0396-001-001,2,1,YES,1,,,NO,,,YES,NO,YES
41-77-08-50,0397-001-001,1,1,NO,,,,NO,,,YES,YES,NO
41-77-08-50,0397-001-001,2,1,NO,,,,NO,,,YES,NO,NO
26-73-74-39,0398-001-001,1,1,NO,,,,NO,,,YES,YES,YES
72-00-98-96,0398-001-002,1,1,NO,,,,NO,,,YES,YES,YES
72-00-98-96,0398-001-002,2,1,NO,,,,NO,,,YES,YES,YES
46-80-56-01,0398-001-003,6,1,NO,,,,NO,,,YES,YES,YES
05-84-71-82,0398-001-005,1,1,NO,,,,NO,,,YES,YES,YES
05-84-71-82,0398-001-005,2,1,NO,,,,NO,,,YES,YES,NO
75-52-50-40,0399-001-001,1,1,NO,,,,NO,,,YES,NO,NO
80-55-95-04,0400-001-001,1,1,NO,,,,NO,,,YES,NO,YES
80-55-95-04,0400-001-001,2,1,NO,,,,NO,,,YES,NO,YES
65-75-62-15,0401-001-001,1,1,NO,,,,NO,,,YES,NO,YES
65-75-62-15,0401-001-001,5,1,NO,,,,NO,,,YES,NO,YES
96-25-62-36,0402-001-002,6,1,NO,,,,NO,,,YES,NO,YES
74-17-85-60,0402-001-003,1,1,NO,,,,NO,,,YES,NO,YES
74-17-85-60,0402-001-003,2,1,NO,,,,NO,,,YES,NO,YES
75-24-28-19,0403-001-001,1,1,NO,,,,NO,,,YES,YES,YES
75-24-28-19,0403-001-001,3,1,NO,,,,NO,,,YES,YES,YES
23-48-39-75,0404-001-001,1,1,NO,,,,NO,,,YES,NO,YES
71-97-65-36,0405-001-001,2,1,NO,,,,NO,,,YES,NO,YES
71-97-65-36,0405-001-001,3,1,NO,,,,NO,,,YES,NO,YES
29-44-70-33,0405-001-005,1,1,NO,,,,NO,,,YES,NO,YES
29-44-70-33,0405-001-005,1,2,NO,,,,NO,,,YES,YES,YES
05-05-31-11,0405-003-001,1,1,NO,,,,NO,,,YES,YES,YES
75-14-26-71,0406-001-001,1,1,NO,,,,NO,,,YES,YES,YES
90-30-68-35,0407-001-001,1,1,NO,,,,NO,,,YES,NO,NO
51-68-01-74,0408-001-001,1,1,YES,2,,,NO,,,YES,NO,YES
45-60-97-69,0409-001-001,2,1,YES,4,,,NO,,,YES,YES,NO
45-60-97-69,0409-001-001,3,1,NO,,,,NO,,,YES,YES,NO
45-60-97-69,0409-001-001,4,1,YES,2,,,NO,,,YES,YES,NO
98-64-80-85,0411-001-001,2,1,NO,,,,NO,,,YES,YES,YES
98-64-80-85,0411-001-001,4,1,NO,,,,NO,,,YES,NO,YES
17-95-98-51,0412-001-001,2,1,NO,,,,NO,,,YES,NO,NO
32-54-64-43,0416-001-001,5,1,NO,,,,NO,,,YES,NO,NO
61-37-92-17,0418-001-001,1,1,NO,,,,NO,,,YES,NO,NO
26-99-70-78,0419-001-001,2,1,NO,,,,NO,,,YES,YES,YES
29-39-31-65,0420-001-001,1,1,NO,,,,NO,,,YES,NO,YES
53-51-88-47,0421-001-001,1,1,NO,,,,NO,,,YES,NO,YES
53-51-88-47,0421-001-001,7,1,NO,,,,NO,,,YES,NO,YES
52-26-67-08,0421-001-002,1,1,NO,,,,NO,,,YES,YES,YES
52-26-67-08,0421-001-002,2,1,NO,,,,NO,,,YES,NO,YES
25-95-75-04,0422-001-001,1,1,NO,,,,NO,,,YES,YES,YES
64-07-55-27,0422-106-001,1,1,NO,,,,NO,,,YES,NO,YES
64-07-55-27,0422-106-001,2,1,NO,,,,NO,,,YES,NO,YES
56-15-63-11,0424-001-001,4,1,NO,,,,NO,,,YES,YES,YES
79-86-35-12,0425-001-001,1,1,NO,,,,NO,,,NO,NO,YES
79-86-35-12,0425-001-001,1,2,NO,,,,NO,,,NO,NO,YES
56-01-92-97,0426-001-001,2,1,NO,,,,NO,,,YES,YES,YES
73-36-66-15,0427-001-001,3,1,NO,,,,NO,,,YES,NO,YES
73-36-66-15,0427-001-001,5,1,NO,,,,NO,,,YES,YES,YES
19-76-84-95,0428-001-001,1,1,NO,,,,NO,,,YES,YES,YES
19-76-84-95,0428-001-001,2,1,NO,,,,NO,,,YES,YES,YES
19-76-84-95,0428-001-001,5,1,NO,,,,NO,,,YES,NO,YES
97-66-47-16,0428-001-007,1,1,NO,,,,NO,,,YES,NO,YES
97-66-47-16,0428-001-007,2,1,NO,,,,NO,,,YES,NO,NO
46-28-63-44,0430-002-001,2,1,NO,,,,NO,,,YES,YES,YES
32-32-47-74,0431-001-001,1,1,NO,,,,NO,,,YES,YES,YES
32-32-47-74,0431-001-001,2,1,NO,,,,NO,,,YES,YES,YES
20-19-96-28,0432-001-001,2,1,NO,,,,NO,,,YES,NO,YES
20-19-96-28,0432-001-001,3,1,NO,,,,NO,,,NO,NO,YES
89-59-90-58,0436-001-001,3,1,NO,,,,NO,,,YES,NO,YES
60-87-75-28,0436-002-001,1,1,NO,,,,NO,,,YES,NO,YES
03-49-85-68,0437-001-001,1,1,NO,,,,NO,,,YES,NO,YES
40-38-17-08,0438-001-002,4,1,NO,,,,NO,,,YES,NO,YES
39-42-81-55,0439-001-001,1,1,NO,,,,NO,,,YES,YES,YES
39-42-81-55,0439-001-001,2,1,NO,,,,NO,,,YES,NO,YES
82-91-48-29,0440-003-001,1,1,NO,,,,NO,,,YES,NO,YES
50-93-26-71,0440-003-002,1,1,NO,,,,NO,,,YES,NO,YES
31-07-58-53,0441-001-001,1,1,NO,,,,NO,,,YES,YES,YES
05-88-93-30,0443-001-001,1,1,NO,,,,NO,,,YES,YES,YES
05-88-93-30,0443-001-001,2,1,NO,,,,NO,,,YES,NO,YES
62-63-62-03,0443-003-002,2,1,NO,,,,NO,,,YES,YES,YES
48-35-65-64,0443-004-001,1,1,NO,,,,NO,,,YES,YES,YES
48-35-65-64,0443-004-001,2,1,NO,,,,NO,,,YES,YES,YES
68-42-42-49,0443-005-001,1,1,NO,,,,NO,,,YES,NO,YES
50-82-03-42,0444-001-001,1,1,NO,,,,NO,,,YES,YES,YES
50-82-03-42,0444-001-001,3,1,NO,,,,NO,,,YES,NO,YES
50-82-03-42,0444-001-001,4,1,NO,,,,NO,,,YES,NO,YES
73-77-71-52,0445-001-002,1,1,NO,,,,NO,,,YES,NO,YES
73-77-71-52,0445-001-002,2,1,NO,,,,NO,,,YES,YES,YES
73-77-71-52,0445-001-002,2,2,NO,,,,NO,,,YES,YES,YES
73-77-71-52,0445-001-002,4,1,NO,,,,NO,,,YES,NO,YES
86-47-16-30,0447-001-001,3,1,NO,,,,NO,,,YES,YES,YES
27-83-38-78,0448-002-002,1,1,NO,,,,NO,,,YES,YES,YES
33-34-75-08,0448-002-003,1,1,YES,2,,,NO,,,YES,NO,YES
33-34-75-08,0448-002-003,2,1,YES,1,,,NO,,,YES,NO,YES
80-14-45-91,0448-003-001,1,1,NO,,,,NO,,,YES,YES,YES
23-61-77-92,0448-003-002,1,1,NO,,,,NO,,,YES,YES,YES
23-61-77-92,0448-003-002,2,1,NO,,,,NO,,,YES,YES,YES
74-86-99-60,0448-004-001,2,1,NO,,,,YES,0,1,YES,YES,YES
74-86-99-60,0448-004-001,3,1,NO,,,,NO,,,YES,YES,YES
18-51-98-42,0448-007-001,1,1,NO,,,,NO,,,YES,NO,YES
57-69-67-98,0449-001-001,1,1,NO,,,,NO,,,YES,NO,YES
57-69-67-98,0449-001-001,2,1,NO,,,,NO,,,YES,NO,YES
27-74-78-37,0449-001-003,1,1,NO,,,,NO,,,YES,YES,YES
27-74-78-37,0449-001-003,2,1,NO,,,,NO,,,YES,NO,YES
10-67-74-98,0451-001-001,1,1,NO,,,,NO,,,YES,NO,YES
10-67-74-98,0451-001-001,4,1,NO,,,,NO,,,YES,NO,YES
64-78-61-03,0452-001-001,1,1,NO,,,,NO,,,YES,YES,YES
64-78-61-03,0452-001-001,2,1,NO,,,,NO,,,YES,YES,YES
95-87-11-16,0454-002-002,2,1,NO,,,,NO,,,YES,YES,YES
96-19-28-79,0454-003-001,1,1,NO,,,,NO,,,YES,YES,YES
96-19-28-79,0454-003-001,2,1,NO,,,,NO,,,YES,YES,YES
80-39-97-04,0455-001-001,1,1,NO,,,,NO,,,YES,YES,YES
80-39-97-04,0455-001-001,3,1,NO,,,,NO,,,YES,NO,YES
08-66-17-10,0456-001-001,1,1,NO,,,,NO,,,YES,YES,YES
08-66-17-10,0456-001-001,2,1,NO,,,,NO,,,YES,YES,YES
74-23-57-59,0457-001-001,2,1,NO,,,,NO,,,YES,YES,YES
79-92-81-05,0459-001-001,1,1,NO,,,,NO,,,YES,NO,YES
79-92-81-05,0459-001-001,1,2,NO,,,,NO,,,YES,YES,YES
79-92-81-05,0459-001-001,6,1,NO,,,,NO,,,YES,YES,YES
19-61-19-60,0460-001-001,1,1,NO,,,,NO,,,YES,YES,YES
19-61-19-60,0460-001-001,2,1,NO,,,,NO,,,YES,NO,YES
19-61-19-60,0460-001-001,6,1,NO,,,,NO,,,YES,NO,YES
19-61-19-60,0460-001-001,8,1,NO,,,,NO,,,YES,NO,YES
10-58-95-87,0461-001-001,1,1,NO,,,,NO,,,YES,YES,YES
10-58-95-87,0461-001-001,2,1,NO,,,,NO,,,YES,NO,YES
10-58-95-87,0461-001-001,3,1,NO,,,,NO,,,YES,YES,YES
10-58-95-87,0461-001-001,4,1,NO,,,,NO,,,YES,YES,YES
10-58-95-87,0461-001-001,5,1,NO,,,,NO,,,YES,NO,YES
42-52-14-43,0462-001-001,1,1,NO,,,,NO,,,YES,NO,YES
42-52-14-43,0462-001-001,1,2,NO,,,,NO,,,YES,YES,YES
28-80-80-37,0463-001-001,2,1,NO,,,,NO,,,YES,YES,YES
28-80-80-37,0463-001-001,3,1,NO,,,,NO,,,YES,NO,YES
90-71-55-22,0463-001-005,1,1,NO,,,,NO,,,YES,YES,YES
22-03-81-98,0463-001-008,1,1,YES,2,,,NO,,,YES,NO,YES
22-03-81-98,0463-001-008,2,1,YES,1,,,NO,,,YES,NO,YES
71-28-06-24,0463-001-010,1,1,NO,,,,NO,,,YES,YES,YES
71-28-06-24,0463-001-010,2,1,NO,,,,NO,,,YES,YES,YES
88-82-54-67,0464-001-001,1,1,NO,,,,NO,,,YES,YES,YES
88-82-54-67,0464-001-001,1,2,NO,,,,NO,,,YES,YES,YES
88-82-54-67,0464-001-001,2,1,NO,,,,NO,,,YES,YES,YES
88-82-54-67,0464-001-001,4,1,NO,,,,NO,,,YES,YES,YES
54-47-99-19,0465-001-002,1,1,NO,,,,NO,,,YES,YES,YES
00-59-19-34,0466-001-001,1,1,NO,,,,NO,,,YES,YES,YES
00-59-19-34,0466-001-001,2,1,NO,,,,NO,,,YES,NO,YES
44-15-41-02,0467-001-002,1,1,NO,,,,NO,,,YES,YES,YES
44-15-41-02,0467-001-002,3,1,NO,,,,NO,,,YES,YES,YES
64-34-17-13,0467-001-003,3,1,NO,,,,NO,,,YES,YES,YES
35-25-01-93,0468-001-001,2,1,NO,,,,NO,,,YES,YES,YES
28-12-55-49,0469-001-001,1,1,NO,,,,NO,,,YES,YES,YES
28-12-55-49,0469-001-001,2,1,NO,,,,NO,,,YES,YES,YES
42-91-86-83,0469-001-003,1,1,NO,,,,NO,,,YES,NO,YES
42-91-86-83,0469-001-003,2,1,NO,,,,NO,,,YES,NO,YES
70-27-93-09,0469-001-004,1,1,NO,,,,NO,,,YES,NO,YES
99-52-82-56,0470-001-001,1,1,NO,,,,NO,,,YES,YES,YES
99-52-82-56,0470-001-001,2,1,NO,,,,NO,,,YES,YES,YES
01-20-50-14,0471-001-001,1,1,NO,,,,NO,,,YES,YES,YES
73-12-47-39,0473-001-001,2,1,NO,,,,NO,,,YES,NO,YES
05-32-96-07,0474-001-001,1,1,NO,,,,NO,,,YES,NO,YES
05-32-96-07,0474-001-001,2,1,NO,,,,NO,,,YES,NO,NO
78-45-68-39,0476-001-001,1,1,NO,,,,NO,,,YES,NO,NO
65-39-07-89,0476-001-002,1,1,NO,,,,NO,,,YES,YES,YES
65-39-07-89,0476-001-002,2,1,NO,,,,NO,,,YES,YES,YES
72-03-92-77,0477-001-001,1,1,NO,,,,NO,,,YES,YES,YES
72-03-92-77,0477-001-001,4,1,NO,,,,NO,,,YES,NO,YES
94-04-57-79,0478-001-001,1,1,NO,,,,NO,,,YES,YES,YES
94-04-57-79,0478-001-001,2,1,NO,,,,NO,,,YES,NO,NO
94-62-16-61,0479-001-001,2,1,NO,,,,NO,,,YES,YES,NO
44-86-40-50,0481-001-001,1,1,NO,,,,NO,,,YES,NO,NO
44-86-40-50,0481-001-001,3,1,NO,,,,NO,,,YES,NO,YES
25-23-86-61,0483-001-001,1,1,NO,,,,NO,,,YES,NO,NO
25-23-86-61,0483-001-001,2,1,NO,,,,NO,,,YES,NO,NO
29-78-41-94,0484-001-001,4,1,NO,,,,NO,,,YES,NO,NO
47-36-77-75,0486-001-002,1,1,NO,,,,NO,,,YES,YES,YES
47-36-77-75,0486-001-002,2,1,NO,,,,NO,,,YES,NO,YES
06-58-60-31,0487-001-001,1,1,NO,,,,NO,,,YES,YES,YES
06-58-60-31,0487-001-001,2,1,NO,,,,NO,,,YES,NO,YES
68-66-69-90,0488-002-001,1,1,NO,,,,NO,,,YES,NO,NO
66-18-09-29,0489-001-001,2,1,NO,,,,NO,,,YES,NO,NO
75-89-58-82,0491-001-003,1,1,NO,,,,NO,,,YES,YES,YES
75-89-58-82,0491-001-003,2,1,NO,,,,NO,,,YES,NO,YES
79-64-69-56,0491-001-004,1,1,NO,,,,NO,,,YES,YES,YES
79-64-69-56,0491-001-004,2,1,NO,,,,NO,,,YES,NO,YES
76-15-29-53,0491-002-001,2,1,NO,,,,NO,,,YES,NO,YES
68-73-60-31,0491-003-001,1,1,NO,,,,NO,,,YES,NO,YES
68-73-60-31,0491-003-001,1,2,NO,,,,NO,,,YES,YES,YES
68-73-60-31,0491-003-001,2,1,NO,,,,NO,,,YES,YES,YES
00-55-08-95,0491-004-001,1,1,NO,,,,NO,,,YES,YES,YES
00-55-08-95,0491-004-001,2,1,NO,,,,NO,,,YES,NO,NO
20-63-33-06,0492-001-001,1,1,NO,,,,NO,,,YES,NO,YES
69-69-83-72,0493-001-001,2,1,NO,,,,NO,,,YES,NO,YES
47-92-40-90,0494-001-001,1,1,NO,,,,NO,,,YES,NO,YES
24-90-97-55,0495-001-001,4,1,NO,,,,NO,,,YES,NO,YES
82-96-20-56,0497-001-001,1,1,NO,,,,NO,,,YES,NO,YES
58-25-83-45,0497-001-003,1,1,NO,,,,NO,,,YES,NO,NO
86-35-99-27,0498-001-001,3,1,NO,,,,NO,,,YES,YES,YES
85-30-11-93,0498-001-006,3,1,NO,,,,NO,,,YES,NO,YES
85-30-11-93,0498-001-006,4,1,NO,,,,NO,,,YES,NO,YES
85-30-11-93,0498-001-006,7,1,NO,,,,NO,,,YES,NO,YES
31-15-31-20,0499-001-001,8,1,NO,,,,NO,,,YES,NO,YES
51-60-75-13,0499-001-004,2,1,NO,,,,NO,,,YES,YES,YES
98-78-01-38,0499-004-002,1,1,NO,,,,NO,,,YES,NO,YES
98-78-01-38,0499-004-002,2,1,NO,,,,NO,,,YES,NO,NO
66-76-23-69,0500-001-001,1,1,NO,,,,NO,,,YES,NO,YES
81-34-91-83,0501-001-001,2,1,NO,,,,NO,,,YES,NO,YES
94-06-30-25,0502-001-002,5,1,NO,,,,NO,,,YES,NO,NO
65-14-61-05,0504-008-001,1,1,NO,,,,NO,,,YES,NO,YES
65-14-61-05,0504-008-001,4,1,NO,,,,NO,,,YES,NO,YES
65-14-61-05,0504-008-001,6,1,NO,,,,NO,,,YES,NO,YES
35-13-18-76,0504-008-008,1,1,NO,,,,NO,,,YES,YES,YES
08-87-48-82,0505-001-001,1,1,NO,,,,NO,,,YES,NO,YES
08-87-48-82,0505-001-001,3,1,NO,,,,NO,,,YES,NO,YES
99-79-94-61,0506-003-001,1,1,NO,,,,NO,,,YES,YES,NO
02-51-58-04,0509-001-001,1,1,NO,,,,NO,,,YES,YES,NO
10-51-31-09,0510-001-001,1,1,NO,,,,NO,,,YES,YES,YES
21-30-35-20,0510-003-001,1,1,NO,,,,NO,,,YES,YES,NO
17-59-80-31,0511-001-001,1,1,NO,,,,NO,,,YES,YES,YES
29-85-19-31,0513-001-001,1,1,NO,,,,NO,,,YES,YES,NO
29-85-19-31,0513-001-001,2,1,NO,,,,NO,,,YES,YES,NO
50-14-76-19,0514-001-001,1,1,NO,,,,NO,,,YES,YES,YES
16-94-94-48,0515-001-001,1,1,YES,2,,,NO,,,YES,NO,YES
16-94-94-48,0515-001-001,2,1,YES,1,,,NO,,,YES,NO,NO
24-89-62-63,0515-003-001,2,1,NO,,,,NO,,,YES,YES,NO
17-70-91-53,0516-001-001,1,1,NO,,,,NO,,,YES,YES,YES
17-70-91-53,0516-001-001,2,1,NO,,,,NO,,,YES,NO,YES
55-47-18-86,0517-001-001,1,1,NO,,,,NO,,,YES,YES,YES
55-47-18-86,0517-001-001,2,1,NO,,,,NO,,,YES,YES,YES
10-21-26-14,0518-001-001,1,1,NO,,,,NO,,,YES,NO,NO
10-21-26-14,0518-001-001,5,1,NO,,,,NO,,,YES,NO,NO
10-21-26-14,0518-001-001,6,1,NO,,,,NO,,,YES,NO,NO
57-94-84-68,0519-001-002,1,1,NO,,,,NO,,,YES,YES,YES
57-94-84-68,0519-001-002,4,1,NO,,,,NO,,,YES,NO,YES
92-69-46-35,0521-001-001,1,1,NO,,,,NO,,,YES,NO,YES
34-50-10-45,0521-001-011,2,1,NO,,,,NO,,,YES,YES,NO
75-59-73-61,0522-001-001,1,1,NO,,,,NO,,,YES,YES,NO
81-44-06-49,0525-001-001,1,1,NO,,,,NO,,,YES,YES,YES
81-44-06-49,0525-001-001,6,1,NO,,,,NO,,,YES,YES,YES
81-44-06-49,0525-001-001,8,1,NO,,,,NO,,,YES,YES,YES
81-44-06-49,0525-001-001,10,1,NO,,,,NO,,,YES,NO,YES
84-11-21-22,0525-003-001,1,1,NO,,,,NO,,,YES,YES,YES
84-11-21-22,0525-003-001,6,1,NO,,,,NO,,,YES,YES,YES
44-54-17-13,0525-003-004,2,1,NO,,,,NO,,,YES,YES,NO
36-34-79-20,0525-004-001,1,1,NO,,,,NO,,,YES,YES,YES
36-34-79-20,0525-004-001,3,1,NO,,,,NO,,,YES,NO,YES
96-26-27-84,0525-005-001,1,1,NO,,,,NO,,,YES,NO,NO
21-20-05-63,0526-001-001,1,1,NO,,,,NO,,,YES,YES,YES
21-20-05-63,0526-001-001,2,1,NO,,,,NO,,,YES,NO,NO
84-63-95-42,0528-001-001,1,1,NO,,,,NO,,,YES,NO,NO
84-63-95-42,0528-001-001,6,1,NO,,,,NO,,,YES,NO,YES
84-63-95-42,0528-001-001,7,1,NO,,,,NO,,,YES,NO,YES
31-74-85-54,0528-001-002,1,1,NO,,,,NO,,,YES,YES,NO
96-96-12-14,0528-001-003,1,1,NO,,,,NO,,,YES,NO,NO
96-96-12-14,0528-001-003,2,1,NO,,,,NO,,,YES,NO,NO
34-63-46-69,0528-001-005,1,1,NO,,,,NO,,,NO,NO,YES
16-41-04-04,0529-001-001,6,1,NO,,,,NO,,,YES,YES,NO
04-32-04-23,0529-001-003,2,1,NO,,,,NO,,,YES,NO,NO
26-24-72-45,0530-001-001,1,1,NO,,,,NO,,,YES,NO,YES
53-12-65-26,0530-001-003,1,1,NO,,,,NO,,,YES,YES,YES
53-12-65-26,0530-001-003,2,1,NO,,,,NO,,,YES,NO,YES
53-12-65-26,0530-001-003,3,1,NO,,,,NO,,,YES,NO,YES
79-87-34-06,0531-001-001,2,1,NO,,,,NO,,,YES,NO,NO
92-68-11-85,0532-001-001,1,1,NO,,,,NO,,,YES,YES,YES
92-68-11-85,0532-001-001,2,1,NO,,,,NO,,,YES,NO,YES
92-68-11-85,0532-001-001,3,1,NO,,,,NO,,,YES,NO,YES
08-64-64-36,0534-001-001,1,1,NO,,,,NO,,,YES,YES,NO
08-64-64-36,0534-001-001,2,1,NO,,,,NO,,,YES,NO,YES
08-64-64-36,0534-001-001,4,1,NO,,,,NO,,,YES,NO,YES
69-69-02-73,0534-001-003,1,1,NO,,,,NO,,,YES,YES,YES
69-69-02-73,0534-001-003,2,1,NO,,,,NO,,,YES,NO,YES
30-98-08-59,0535-001-001,1,1,NO,,,,NO,,,YES,NO,NO
47-29-66-48,0535-006-001,1,1,NO,,,,NO,,,YES,YES,YES
47-29-66-48,0535-006-001,2,1,NO,,,,NO,,,YES,NO,YES
01-41-05-70,0536-001-001,1,1,NO,,,,NO,,,YES,NO,NO
68-28-88-02,0539-001-001,1,1,NO,,,,NO,,,YES,NO,NO
37-80-27-56,0540-001-001,1,1,NO,,,,NO,,,YES,YES,YES
37-80-27-56,0540-001-001,1,2,NO,,,,NO,,,YES,NO,YES
37-80-27-56,0540-001-001,2,1,NO,,,,NO,,,YES,NO,YES
37-80-27-56,0540-001-001,5,1,NO,,,,NO,,,YES,NO,YES
37-42-25-72,0541-001-001,1,1,NO,,,,NO,,,YES,YES,YES
37-42-25-72,0541-001-001,4,1,NO,,,,NO,,,YES,NO,YES
37-42-25-72,0541-001-001,5,1,NO,,,,NO,,,YES,YES,YES
30-80-71-86,0542-001-002,2,1,NO,,,,NO,,,YES,NO,YES
30-80-71-86,0542-001-002,7,1,NO,,,,NO,,,YES,YES,YES
86-66-07-32,0544-001-001,1,1,NO,,,,NO,,,YES,YES,YES
25-52-41-32,0545-006-001,1,1,NO,,,,NO,,,YES,YES,YES
25-52-41-32,0545-006-001,2,1,NO,,,,NO,,,NO,YES,YES
36-69-26-36,0545-006-003,1,1,NO,,,,NO,,,YES,YES,YES
15-14-78-14,0545-008-001,1,1,NO,,,,NO,,,YES,YES,YES
15-14-78-14,0545-008-001,2,1,NO,,,,NO,,,YES,NO,YES
20-78-49-50,0547-001-001,1,1,NO,,,,NO,,,YES,YES,YES
60-56-78-78,0547-001-002,1,1,NO,,,,NO,,,YES,YES,YES
60-56-78-78,0547-001-002,3,1,NO,,,,NO,,,YES,YES,YES
26-14-17-11,0548-001-001,1,1,NO,,,,NO,,,YES,YES,YES
26-14-17-11,0548-001-001,2,1,NO,,,,NO,,,YES,NO,YES
67-70-48-74,0548-002-001,1,1,NO,,,,NO,,,YES,YES,YES
29-47-94-46,0548-002-002,1,1,NO,,,,NO,,,YES,YES,YES
91-35-93-10,0549-001-001,1,1,NO,,,,NO,,,YES,YES,YES
91-35-93-10,0549-001-001,4,1,NO,,,,NO,,,YES,NO,YES
12-92-38-13,0550-001-001,1,1,NO,,,,NO,,,YES,YES,YES
12-92-38-13,0550-001-001,2,1,NO,,,,NO,,,YES,YES,YES
22-35-45-21,0551-001-001,1,1,NO,,,,NO,,,YES,YES,YES
22-35-45-21,0551-001-001,2,1,NO,,,,NO,,,YES,YES,YES
22-35-45-21,0551-001-001,2,2,NO,,,,NO,,,YES,YES,YES
34-63-03-45,0551-001-003,1,1,NO,,,,NO,,,YES,NO,YES
05-83-32-40,0551-001-006,1,1,NO,,,,NO,,,YES,YES,YES
05-83-32-40,0551-001-006,1,2,NO,,,,NO,,,YES,YES,YES
74-15-69-60,0552-001-001,1,1,NO,,,,NO,,,YES,YES,YES
74-15-69-60,0552-001-001,2,1,NO,,,,NO,,,YES,NO,YES
21-74-91-31,0553-001-001,1,1,NO,,,,NO,,,YES,YES,YES
21-74-91-31,0553-001-001,6,1,NO,,,,NO,,,YES,YES,YES
75-36-95-19,0554-001-001,1,1,NO,,,,NO,,,YES,YES,YES
75-36-95-19,0554-001-001,2,1,NO,,,,NO,,,YES,NO,YES
75-36-95-19,0554-001-001,6,1,NO,,,,NO,,,YES,NO,YES
12-86-07-37,0554-003-001,1,1,NO,,,,NO,,,YES,NO,NO
53-84-84-32,0557-001-001,1,1,NO,,,,NO,,,YES,NO,YES
53-84-84-32,0557-001-001,5,1,NO,,,,NO,,,YES,NO,YES
67-80-33-73,0559-001-001,1,1,NO,,,,NO,,,YES,NO,NO
67-80-33-73,0559-001-001,2,1,NO,,,,NO,,,YES,YES,YES
67-80-33-73,0559-001-001,3,1,NO,,,,NO,,,YES,YES,YES
82-44-68-41,0565-003-001,1,1,NO,,,,NO,,,YES,YES,YES
34-81-69-35,0565-005-001,1,1,NO,,,,NO,,,YES,NO,YES
24-83-68-12,0566-001-001,1,1,NO,,,,NO,,,YES,YES,YES
24-83-68-12,0566-001-001,2,1,NO,,,,NO,,,YES,YES,YES
83-04-78-20,0569-001-001,1,1,NO,,,,NO,,,YES,YES,YES
83-04-78-20,0569-001-001,2,1,YES,1,,,NO,,,NO,NO,YES
83-04-78-20,0569-001-001,3,1,NO,,,,NO,,,YES,NO,YES
15-73-35-36,0570-001-001,1,1,NO,,,,NO,,,YES,YES,YES
15-73-35-36,0570-001-001,2,1,NO,,,,NO,,,YES,YES,YES
03-83-80-72,0571-001-001,1,1,NO,,,,NO,,,YES,NO,NO
03-83-80-72,0571-001-001,3,1,NO,,,,NO,,,YES,NO,YES
91-66-88-33,0573-001-001,1,1,NO,,,,NO,,,YES,NO,NO
91-66-88-33,0573-001-001,3,1,NO,,,,NO,,,NO,NO,NO
07-49-15-09,0573-003-001,2,1,NO,,,,NO,,,YES,NO,NO
42-98-59-24,0573-003-004,11,1,NO,,,,NO,,,YES,NO,YES
42-98-59-24,0573-003-004,18,1,NO,,,,NO,,,YES,NO,YES
44-14-27-75,0573-003-013,1,1,NO,,,,NO,,,YES,NO,YES
44-14-27-75,0573-003-013,3,1,NO,,,,NO,,,YES,NO,YES
44-14-27-75,0573-003-013,3,2,NO,,,,NO,,,YES,YES,NO
41-81-57-58,0573-006-003,1,1,NO,,,,NO,,,YES,NO,YES
40-69-36-56,0575-001-001,1,1,YES,2,,,NO,,,YES,YES,YES
40-69-36-56,0575-001-001,2,1,NO,,,,NO,,,YES,NO,YES
37-88-75-54,0576-001-001,1,1,NO,,,,NO,,,YES,YES,YES
34-75-80-11,0577-001-002,2,1,NO,,,,NO,,,YES,YES,YES
99-75-42-97,0578-001-001,1,1,NO,,,,NO,,,YES,YES,YES
99-75-42-97,0578-001-001,1,2,NO,,,,NO,,,YES,YES,YES
99-75-42-97,0578-001-001,2,1,NO,,,,NO,,,YES,NO,YES
41-29-51-24,0580-001-001,2,1,NO,,,,NO,,,YES,YES,YES
41-29-51-24,0580-001-001,5,1,NO,,,,NO,,,YES,YES,YES
63-31-46-66,0580-004-001,1,1,NO,,,,NO,,,YES,YES,YES
63-31-46-66,0580-004-001,2,1,NO,,,,NO,,,YES,NO,YES
44-48-46-77,0581-001-001,1,1,NO,,,,NO,,,YES,YES,YES
44-48-46-77,0581-001-001,2,1,NO,,,,NO,,,YES,YES,YES
44-48-46-77,0581-001-001,2,2,NO,,,,NO,,,YES,NO,NO
01-70-68-94,0582-001-001,1,1,NO,,,,NO,,,YES,NO,YES
94-08-85-82,0583-001-001,1,1,NO,,,,NO,,,YES,YES,YES
94-08-85-82,0583-001-001,2,1,NO,,,,NO,,,YES,YES,YES
94-08-85-82,0583-001-001,4,1,NO,,,,NO,,,YES,YES,YES
21-37-46-84,0584-001-001,1,1,NO,,,,NO,,,YES,YES,YES
21-37-46-84,0584-001-001,1,2,NO,,,,NO,,,YES,YES,YES
21-37-46-84,0584-001-001,2,1,NO,,,,NO,,,YES,YES,YES
89-16-16-87,0585-001-001,1,1,YES,2,,,NO,,,YES,YES,YES
89-16-16-87,0585-001-001,2,1,YES,1,,,NO,,,YES,YES,YES
61-66-15-53,0588-001-001,1,1,NO,,,,NO,,,YES,YES,YES
08-69-28-04,0589-001-001,1,1,NO,,,,NO,,,YES,YES,YES
08-69-28-04,0589-001-001,8,1,NO,,,,NO,,,YES,YES,NO
81-91-49-78,0589-001-006,1,1,NO,,,,NO,,,YES,YES,YES
81-91-49-78,0589-001-006,2,1,NO,,,,NO,,,YES,YES,YES
60-23-79-10,0589-007-001,1,1,NO,,,,NO,,,YES,YES,YES
60-23-79-10,0589-007-001,2,1,NO,,,,NO,,,YES,YES,YES
60-23-79-10,0589-007-001,4,1,NO,,,,NO,,,YES,YES,YES
02-23-21-86,0589-007-003,2,1,NO,,,,NO,,,YES,NO,YES
02-23-21-86,0589-007-003,2,2,NO,,,,NO,,,YES,YES,YES
02-23-21-86,0589-007-003,3,1,NO,,,,NO,,,YES,NO,YES
35-07-93-93,0589-008-001,1,1,NO,,,,NO,,,YES,YES,YES
09-30-70-26,0590-001-001,1,1,NO,,,,NO,,,YES,YES,YES
91-16-58-62,0590-001-002,1,1,NO,,,,NO,,,YES,YES,YES
91-16-58-62,0590-001-002,4,1,NO,,,,NO,,,YES,YES,YES
48-55-92-72,0591-001-001,2,1,NO,,,,NO,,,YES,NO,YES
99-53-65-08,0593-004-001,1,1,NO,,,,NO,,,YES,YES,NO
27-02-40-45,0593-005-001,1,1,NO,,,,NO,,,YES,YES,YES
27-02-40-45,0593-005-001,2,1,NO,,,,NO,,,YES,YES,YES
27-02-40-45,0593-005-001,3,1,NO,,,,NO,,,YES,NO,YES
27-02-40-45,0593-005-001,4,1,NO,,,,NO,,,YES,YES,YES
65-21-27-08,0593-005-008,1,1,NO,,,,NO,,,YES,YES,YES
65-21-27-08,0593-005-008,2,1,NO,,,,NO,,,YES,YES,YES
79-42-79-69,0595-001-001,1,1,NO,,,,NO,,,YES,NO,YES
79-42-79-69,0595-001-001,2,1,NO,,,,NO,,,YES,NO,NO
81-73-84-59,0596-001-001,1,1,NO,,,,NO,,,YES,NO,YES
81-73-84-59,0596-001-001,3,1,NO,,,,NO,,,YES,NO,YES
81-73-84-59,0596-001-001,4,1,NO,,,,NO,,,YES,NO,YES
82-14-82-19,0596-003-001,1,1,NO,,,,NO,,,YES,YES,YES
82-14-82-19,0596-003-001,2,1,NO,,,,NO,,,YES,NO,NO
35-87-73-75,0597-001-001,1,1,NO,,,,NO,,,YES,NO,YES
35-87-73-75,0597-001-001,2,1,NO,,,,NO,,,YES,NO,YES
90-31-84-80,0598-001-001,1,1,NO,,,,NO,,,YES,YES,YES
79-15-68-02,0599-001-001,1,1,NO,,,,NO,,,YES,YES,YES
79-15-68-02,0599-001-001,2,1,NO,,,,NO,,,YES,YES,YES
79-15-68-02,0599-001-001,4,1,NO,,,,NO,,,YES,NO,YES
25-56-28-11,0602-001-001,2,1,NO,,,,NO,,,YES,NO,YES
25-56-28-11,0602-001-001,4,1,NO,,,,NO,,,NO,NO,YES
98-16-55-70,0604-001-001,1,1,NO,,,,NO,,,YES,NO,YES
59-14-73-55,0606-001-001,1,1,NO,,,,NO,,,YES,NO,NO
51-08-90-35,0607-001-001,1,1,NO,,,,NO,,,YES,YES,YES
94-70-48-92,0607-001-010,1,1,NO,,,,NO,,,YES,NO,NO
94-70-48-92,0607-001-010,2,1,NO,,,,NO,,,YES,NO,NO
96-10-55-67,0607-007-001,1,1,NO,,,,NO,,,YES,YES,YES
96-10-55-67,0607-007-001,2,1,NO,,,,NO,,,YES,NO,YES
69-19-17-73,0608-001-001,1,1,NO,,,,NO,,,YES,YES,YES
69-19-17-73,0608-001-001,3,1,NO,,,,NO,,,YES,NO,NO
82-94-25-62,0608-003-001,1,1,NO,,,,NO,,,YES,YES,YES
82-94-25-62,0608-003-001,1,2,NO,,,,NO,,,YES,NO,YES
82-94-25-62,0608-003-001,2,1,NO,,,,NO,,,YES,NO,NO
22-33-98-93,0610-001-001,1,1,NO,,,,NO,,,YES,YES,YES
22-33-98-93,0610-001-001,1,2,NO,,,,NO,,,YES,NO,YES
57-51-12-00,0610-001-003,1,1,NO,,,,NO,,,YES,NO,NO
95-21-39-33,0610-003-001,1,1,NO,,,,NO,,,YES,NO,NO
95-21-39-33,0610-003-001,2,1,NO,,,,NO,,,YES,NO,NO
95-21-39-33,0610-003-001,3,1,NO,,,,NO,,,YES,NO,NO
86-61-31-93,0610-103-002,4,1,NO,,,,NO,,,YES,NO,NO
26-01-62-23,0610-103-006,1,1,NO,,,,NO,,,YES,NO,YES
61-90-91-70,0610-103-007,16,1,NO,,,,NO,,,YES,YES,YES
90-55-11-26,0612-001-001,2,1,NO,,,,NO,,,YES,NO,NO
87-62-36-12,0613-001-001,2,1,NO,,,,NO,,,NO,NO,NO
72-23-86-21,0614-001-001,1,1,NO,,,,NO,,,YES,YES,NO
09-71-68-21,0614-005-001,3,1,NO,,,,NO,,,YES,NO,NO
81-97-59-95,0614-005-007,1,1,NO,,,,NO,,,YES,YES,YES
36-59-40-79,0615-001-005,1,1,NO,,,,NO,,,YES,NO,NO
95-72-82-97,0616-001-001,1,1,NO,,,,NO,,,YES,YES,NO
95-72-82-97,0616-001-001,3,1,NO,,,,NO,,,YES,YES,NO
34-22-09-73,0617-001-001,1,1,NO,,,,NO,,,YES,NO,NO
34-22-09-73,0617-001-001,7,1,NO,,,,NO,,,YES,NO,NO
63-53-63-51,0618-006-001,4,1,NO,,,,NO,,,NO,NO,YES
12-53-83-49,0619-001-001,1,1,NO,,,,NO,,,YES,YES,YES
12-53-83-49,0619-001-001,2,1,NO,,,,NO,,,YES,NO,NO
37-98-90-37,0619-106-001,5,1,NO,,,,NO,,,YES,NO,NO
85-92-67-52,0620-001-001,1,1,NO,,,,NO,,,YES,NO,YES
85-92-67-52,0620-001-001,2,1,NO,,,,NO,,,YES,NO,YES
07-29-77-96,0620-001-002,1,1,NO,,,,NO,,,YES,NO,YES
52-77-78-43,0621-001-001,1,1,NO,,,,NO,,,YES,NO,YES
62-17-39-29,0621-003-001,1,1,NO,,,,NO,,,YES,YES,NO
62-17-39-29,0621-003-001,2,1,NO,,,,NO,,,YES,NO,NO
07-54-46-36,0622-001-001,1,1,NO,,,,NO,,,YES,YES,YES
07-54-46-36,0622-001-001,2,1,NO,,,,NO,,,YES,NO,YES
73-37-55-41,0623-001-001,14,1,NO,,,,NO,,,YES,YES,YES
73-42-88-19,0623-001-004,2,1,NO,,,,NO,,,YES,NO,YES
73-42-88-19,0623-001-004,3,1,NO,,,,NO,,,YES,NO,YES
73-42-88-19,0623-001-004,5,1,NO,,,,NO,,,YES,NO,YES
93-07-34-90,0626-001-003,1,1,NO,,,,NO,,,YES,NO,NO
25-47-63-62,0627-001-001,3,1,NO,,,,NO,,,YES,NO,NO
16-59-89-77,0627-001-002,1,1,NO,,,,NO,,,YES,YES,NO
34-90-65-56,0628-003-001,2,1,NO,,,,NO,,,YES,YES,YES
84-70-52-23,0628-003-003,1,1,NO,,,,NO,,,YES,YES,NO
31-16-19-07,0628-005-001,1,1,NO,,,,NO,,,YES,NO,NO
31-16-19-07,0628-005-001,3,1,NO,,,,NO,,,YES,YES,NO
31-16-19-07,0628-005-001,5,1,NO,,,,NO,,,YES,YES,YES
35-42-46-81,0630-001-001,1,1,NO,,,,NO,,,YES,NO,NO
32-73-64-62,0631-001-001,1,1,NO,,,,NO,,,YES,YES,NO
32-73-64-62,0631-001-001,3,1,NO,,,,NO,,,YES,YES,NO
04-35-19-17,0631-008-001,1,1,NO,,,,NO,,,YES,YES,NO
23-99-80-91,0632-003-001,1,1,NO,,,,NO,,,YES,YES,NO
71-48-30-75,0632-004-001,1,1,NO,,,,NO,,,YES,YES,NO
38-75-74-97,0633-001-003,1,1,NO,,,,NO,,,YES,NO,YES
41-41-80-91,0633-011-002,2,1,NO,,,,NO,,,YES,YES,NO
01-76-09-45,0634-007-001,1,1,NO,,,,NO,,,YES,YES,YES
86-92-52-64,0636-001-001,1,1,NO,,,,NO,,,YES,NO,NO
86-92-52-64,0636-001-001,2,1,NO,,,,NO,,,YES,NO,NO
25-15-56-96,0637-001-001,1,1,NO,,,,NO,,,YES,YES,NO
80-55-01-46,0639-007-001,1,1,NO,,,,NO,,,YES,NO,NO
80-55-01-46,0639-007-001,4,1,NO,,,,NO,,,YES,NO,NO
03-58-62-92,0639-007-003,3,1,NO,,,,NO,,,YES,NO,NO
04-52-63-04,0642-001-001,1,1,NO,,,,NO,,,YES,NO,YES
86-97-87-20,0642-001-003,1,1,NO,,,,NO,,,YES,YES,YES
15-94-42-33,0642-001-004,1,1,YES,2,,,NO,,,YES,NO,YES
15-94-42-33,0642-001-004,2,1,YES,1,,,NO,,,YES,NO,YES
96-16-28-77,0642-001-006,1,1,NO,,,,NO,,,YES,YES,YES
04-94-12-79,0642-001-009,1,1,NO,,,,NO,,,YES,NO,YES
09-53-11-55,0643-001-001,1,1,NO,,,,NO,,,YES,NO,NO
09-53-11-55,0643-001-001,2,1,NO,,,,NO,,,YES,NO,NO
73-72-53-25,0644-001-001,1,1,NO,,,,NO,,,YES,NO,YES
95-29-04-76,0645-001-001,1,1,NO,,,,NO,,,YES,YES,YES
95-29-04-76,0645-001-001,2,1,NO,,,,NO,,,YES,NO,YES
81-88-93-76,0645-001-003,1,1,NO,,,,NO,,,YES,NO,YES
20-84-09-10,0649-001-001,1,1,NO,,,,NO,,,YES,NO,YES
21-41-45-56,0652-001-001,1,1,YES,2,,,NO,,,YES,NO,YES
38-47-82-69,0652-003-001,2,1,NO,,,,NO,,,YES,NO,NO
35-30-83-19,0653-001-001,1,1,NO,,,,NO,,,YES,NO,YES
35-30-83-19,0653-001-001,4,1,NO,,,,NO,,,YES,NO,NO
42-93-81-17,0654-001-001,2,1,NO,,,,NO,,,YES,NO,YES
42-93-81-17,0654-001-001,3,1,NO,,,,NO,,,YES,NO,YES
18-25-55-05,0654-004-001,1,1,NO,,,,NO,,,YES,NO,NO
18-25-55-05,0654-004-001,2,1,NO,,,,NO,,,YES,NO,YES
45-08-66-74,0657-001-001,2,1,NO,,,,NO,,,YES,NO,YES
26-98-49-23,0658-001-002,1,1,NO,,,,NO,,,YES,YES,YES
26-98-49-23,0658-001-002,2,1,NO,,,,NO,,,YES,YES,YES
55-09-04-44,0658-001-003,1,1,NO,,,,NO,,,YES,YES,YES
55-09-04-44,0658-001-003,2,1,NO,,,,NO,,,YES,YES,YES
55-09-04-44,0658-001-003,4,1,NO,,,,NO,,,YES,NO,YES
08-56-07-13,0661-002-001,1,1,NO,,,,NO,,,YES,YES,YES
08-56-07-13,0661-002-001,2,1,NO,,,,NO,,,YES,NO,YES
10-37-19-93,0662-002-002,1,1,NO,,,,NO,,,YES,YES,YES
74-94-37-74,0663-001-001,1,1,NO,,,,NO,,,YES,YES,YES
74-94-37-74,0663-001-001,6,1,NO,,,,NO,,,YES,NO,YES
66-20-63-52,0663-001-002,1,1,NO,,,,NO,,,YES,YES,YES
66-20-63-52,0663-001-002,2,1,NO,,,,NO,,,YES,YES,YES
69-75-97-36,0663-003-001,1,1,NO,,,,NO,,,YES,YES,YES
05-21-74-76,0664-001-001,1,1,NO,,,,NO,,,YES,NO,NO
59-72-44-58,0665-001-001,1,1,NO,,,,NO,,,YES,YES,NO
59-72-44-58,0665-001-001,2,1,NO,,,,NO,,,YES,NO,NO
99-47-56-63,0666-001-001,1,1,NO,,,,NO,,,YES,YES,YES
65-31-48-21,0666-003-001,1,1,NO,,,,NO,,,NO,NO,YES
96-55-31-90,0667-001-001,2,1,NO,,,,NO,,,YES,YES,YES
20-29-28-71,0668-001-001,1,1,NO,,,,NO,,,YES,YES,YES
56-93-51-26,0668-001-002,1,1,NO,,,,NO,,,YES,NO,YES
67-65-05-37,0668-002-001,1,1,NO,,,,NO,,,YES,YES,YES
76-81-55-22,0669-001-001,2,1,NO,,,,NO,,,YES,YES,YES
01-21-40-66,0671-001-001,1,1,NO,,,,NO,,,YES,NO,NO
01-21-40-66,0671-001-001,1,2,NO,,,,NO,,,YES,YES,YES
01-21-40-66,0671-001-001,2,1,NO,,,,NO,,,YES,YES,YES
55-25-66-63,0671-003-001,1,1,NO,,,,NO,,,YES,YES,YES
55-25-66-63,0671-003-001,2,1,NO,,,,NO,,,YES,NO,YES
31-38-25-42,0672-001-001,2,1,NO,,,,NO,,,YES,YES,YES
28-61-27-79,0674-001-001,1,1,NO,,,,NO,,,YES,YES,YES
28-61-27-79,0674-001-001,2,1,NO,,,,NO,,,YES,YES,YES
31-50-67-22,0675-001-001,1,1,NO,,,,NO,,,YES,YES,YES
31-50-67-22,0675-001-001,2,1,NO,,,,NO,,,YES,YES,YES
22-28-71-98,0675-001-004,1,1,NO,,,,NO,,,YES,YES,YES
22-28-71-98,0675-001-004,2,1,NO,,,,NO,,,YES,NO,YES
22-28-71-98,0675-001-004,5,1,NO,,,,NO,,,YES,NO,YES
36-42-77-74,0676-001-001,1,1,NO,,,,NO,,,YES,YES,YES
36-42-77-74,0676-001-001,2,1,NO,,,,NO,,,YES,YES,YES
36-42-77-74,0676-001-001,3,1,NO,,,,NO,,,YES,YES,YES
71-23-90-01,0677-001-001,1,1,NO,,,,NO,,,YES,YES,YES
71-23-90-01,0677-001-001,1,2,NO,,,,NO,,,YES,YES,YES
71-23-90-01,0677-001-001,3,1,NO,,,,NO,,,YES,YES,YES
19-05-54-21,0678-001-001,1,1,NO,,,,NO,,,YES,NO,YES
06-03-24-91,0678-001-002,1,1,NO,,,,NO,,,YES,NO,YES
06-03-24-91,0678-001-002,2,1,NO,,,,NO,,,YES,NO,YES
53-82-24-71,0679-001-001,1,1,NO,,,,NO,,,YES,YES,NO
53-82-24-71,0679-001-001,1,2,NO,,,,NO,,,YES,NO,YES
76-36-87-78,0680-001-001,1,1,NO,,,,NO,,,YES,NO,YES
90-00-57-86,0681-001-002,2,1,NO,,,,NO,,,NO,NO,YES
53-66-73-80,0682-001-002,1,1,NO,,,,NO,,,YES,YES,YES
57-93-70-27,0683-001-001,1,1,NO,,,,NO,,,YES,YES,YES
57-93-70-27,0683-001-001,1,2,NO,,,,NO,,,YES,NO,YES
57-93-70-27,0683-001-001,10,1,NO,,,,NO,,,YES,YES,YES
68-79-28-80,0683-001-009,1,1,NO,,,,NO,,,YES,NO,NO
81-82-35-91,0683-002-002,2,1,NO,,,,NO,,,YES,YES,YES
10-61-49-52,0684-001-002,1,1,NO,,,,NO,,,YES,NO,YES
34-20-14-19,0684-001-004,2,1,NO,,,,NO,,,YES,YES,YES
34-20-14-19,0684-001-004,2,2,NO,,,,NO,,,YES,NO,YES
61-41-06-82,0684-005-001,1,1,NO,,,,NO,,,YES,NO,YES
61-41-06-82,0684-005-001,2,1,NO,,,,NO,,,YES,NO,YES
62-07-47-27,0684-005-002,1,1,NO,,,,NO,,,YES,YES,YES
11-48-68-26,0685-001-001,2,1,NO,,,,NO,,,YES,NO,YES
70-12-37-49,0686-001-001,1,1,NO,,,,NO,,,YES,YES,YES
70-12-37-49,0686-001-001,2,1,NO,,,,NO,,,YES,YES,YES
92-90-26-11,0687-001-001,1,1,NO,,,,NO,,,YES,YES,YES
92-90-26-11,0687-001-001,2,1,NO,,,,NO,,,YES,YES,YES
60-98-45-79,0687-001-004,1,1,NO,,,,NO,,,YES,YES,YES
98-48-13-81,0687-006-001,2,1,NO,,,,NO,,,YES,NO,YES
04-78-48-50,0687-006-002,2,1,NO,,,,NO,,,YES,NO,YES
56-57-53-73,0688-001-001,2,1,NO,,,,NO,,,YES,NO,YES
23-06-93-51,0689-001-001,2,1,NO,,,,NO,,,YES,NO,YES
23-06-93-51,0689-001-001,3,1,NO,,,,NO,,,YES,NO,NO
75-21-34-64,0689-001-008,1,1,NO,,,,NO,,,YES,YES,YES
95-06-93-41,0690-001-001,2,1,NO,,,,NO,,,YES,NO,YES
72-15-33-17,0692-002-001,1,1,NO,,,,NO,,,YES,YES,YES
72-15-33-17,0692-002-001,2,1,NO,,,,NO,,,YES,NO,YES
27-84-62-21,0694-001-001,1,1,NO,,,,NO,,,YES,YES,YES
27-84-62-21,0694-001-001,2,1,NO,,,,NO,,,NO,NO,YES
27-84-62-21,0694-001-001,7,1,NO,,,,NO,,,YES,NO,YES
91-33-85-80,0695-001-001,1,1,NO,,,,NO,,,YES,NO,YES
91-33-85-80,0695-001-001,3,1,NO,,,,NO,,,YES,NO,YES
53-85-16-71,0695-004-001,1,1,NO,,,,NO,,,YES,YES,YES
53-85-16-71,0695-004-001,2,1,NO,,,,NO,,,YES,NO,YES
64-88-46-60,0695-004-003,1,1,NO,,,,NO,,,YES,YES,YES
78-20-87-66,0696-001-001,1,1,NO,,,,NO,,,YES,NO,YES
54-36-89-43,0697-001-001,1,1,NO,,,,NO,,,YES,YES,YES
54-36-89-43,0697-001-001,2,1,NO,,,,NO,,,YES,YES,YES
54-36-89-43,0697-001-001,3,1,NO,,,,NO,,,YES,YES,YES
71-47-26-16,0698-001-001,1,1,NO,,,,NO,,,YES,NO,YES
84-43-61-13,0698-003-002,2,1,NO,,,,NO,,,YES,NO,YES
84-43-61-13,0698-003-002,6,1,NO,,,,NO,,,YES,YES,YES
04-80-76-28,0698-009-001,1,1,NO,,,,NO,,,YES,YES,YES
17-83-92-95,0699-001-001,1,1,NO,,,,NO,,,YES,YES,YES
10-70-45-48,0700-001-001,2,1,NO,,,,NO,,,YES,YES,YES
42-34-18-97,0701-003-001,1,1,NO,,,,NO,,,YES,YES,YES
42-34-18-97,0701-003-001,2,1,NO,,,,NO,,,YES,YES,YES
72-19-56-08,0702-001-001,2,1,NO,,,,NO,,,YES,YES,YES
08-00-32-44,0703-001-001,2,1,NO,,,,NO,,,YES,NO,YES
91-91-85-71,0706-002-001,1,1,NO,,,,NO,,,YES,YES,YES
91-91-85-71,0706-002-001,1,2,NO,,,,NO,,,YES,NO,YES
08-56-40-01,0707-001-001,1,1,NO,,,,NO,,,YES,NO,NO
08-56-40-01,0707-001-001,2,1,NO,,,,NO,,,YES,NO,YES
01-47-09-22,0707-001-003,1,1,NO,,,,NO,,,YES,NO,YES
62-92-31-44,0707-002-001,1,1,NO,,,,NO,,,YES,NO,YES
62-92-31-44,0707-002-001,1,2,NO,,,,NO,,,YES,YES,YES
08-63-44-83,0708-002-001,1,1,NO,,,,NO,,,YES,NO,YES
08-63-44-83,0708-002-001,2,1,NO,,,,NO,,,YES,NO,YES
93-58-10-12,0709-001-001,1,1,NO,,,,NO,,,YES,NO,YES
93-58-10-12,0709-001-001,3,1,NO,,,,NO,,,YES,YES,YES
97-33-73-50,0709-001-002,1,1,NO,,,,NO,,,YES,NO,NO
97-33-73-50,0709-001-002,1,2,NO,,,,NO,,,YES,YES,YES
97-33-73-50,0709-001-002,2,1,NO,,,,NO,,,YES,NO,NO
97-33-73-50,0709-001-002,2,2,NO,,,,NO,,,YES,YES,YES
97-10-65-58,0710-001-001,1,1,NO,,,,NO,,,YES,NO,YES
10-28-30-33,0710-003-003,1,1,NO,,,,NO,,,YES,NO,YES
10-28-30-33,0710-003-003,2,1,NO,,,,NO,,,YES,NO,YES
27-62-11-86,0710-004-001,2,1,NO,,,,NO,,,YES,YES,YES
95-04-11-03,0711-001-003,5,1,NO,,,,NO,,,YES,YES,YES
95-04-11-03,0711-001-003,6,1,NO,,,,NO,,,YES,NO,YES
95-04-11-03,0711-001-003,10,1,NO,,,,NO,,,YES,NO,NO
23-44-89-46,0714-001-002,1,1,NO,,,,NO,,,YES,YES,YES
23-15-28-86,0715-001-001,1,1,NO,,,,NO,,,YES,YES,YES
23-15-28-86,0715-001-001,2,1,NO,,,,NO,,,YES,YES,YES
23-15-28-86,0715-001-001,2,2,NO,,,,NO,,,YES,YES,YES
55-95-90-52,0715-004-001,1,1,NO,,,,NO,,,YES,NO,YES
55-95-90-52,0715-004-001,2,1,NO,,,,NO,,,YES,NO,YES
42-21-63-58,0717-001-001,3,1,NO,,,,NO,,,YES,NO,YES
83-10-26-19,0718-001-001,1,1,NO,,,,NO,,,YES,YES,YES
83-10-26-19,0718-001-001,2,1,NO,,,,NO,,,YES,YES,YES
83-10-26-19,0718-001-001,3,1,NO,,,,NO,,,YES,NO,YES
93-92-62-88,0718-010-001,1,1,NO,,,,NO,,,YES,NO,YES
88-78-07-94,0719-001-001,6,1,NO,,,,NO,,,YES,NO,NO
02-98-67-18,0720-001-001,1,1,NO,,,,NO,,,YES,YES,YES
02-98-67-18,0720-001-001,2,1,NO,,,,NO,,,YES,NO,YES
02-98-67-18,0720-001-001,12,1,NO,,,,NO,,,YES,NO,YES
02-98-67-18,0720-001-001,15,1,NO,,,,NO,,,YES,NO,YES
01-38-32-24,0720-001-011,5,1,NO,,,,NO,,,YES,NO,YES
01-38-32-24,0720-001-011,6,1,NO,,,,NO,,,YES,NO,YES
01-38-32-24,0720-001-011,7,1,NO,,,,NO,,,YES,NO,YES
35-71-36-18,0720-010-001,1,1,NO,,,,NO,,,YES,NO,YES
89-74-22-66,0720-010-006,1,1,NO,,,,NO,,,YES,NO,NO
89-74-22-66,0720-010-006,2,1,NO,,,,NO,,,YES,NO,NO
64-88-68-03,0720-015-001,1,1,NO,,,,NO,,,NO,NO,YES
78-89-11-25,0720-015-003,1,1,NO,,,,NO,,,YES,NO,YES
78-89-11-25,0720-015-003,2,1,NO,,,,NO,,,YES,NO,YES
36-91-51-52,0720-015-004,2,1,NO,,,,NO,,,YES,NO,YES
29-58-22-46,0721-002-001,2,1,NO,,,,NO,,,YES,NO,YES
29-58-22-46,0721-002-001,3,1,NO,,,,NO,,,YES,YES,YES
73-62-20-14,0724-001-001,1,1,NO,,,,NO,,,YES,NO,YES
47-46-81-24,0724-002-001,1,1,NO,,,,NO,,,YES,NO,NO
23-09-64-22,0725-001-001,1,1,NO,,,,NO,,,YES,NO,YES
23-09-64-22,0725-001-001,2,1,NO,,,,NO,,,YES,NO,NO
47-68-48-21,0725-004-001,1,1,NO,,,,NO,,,YES,YES,YES
83-43-91-36,0726-001-001,1,1,NO,,,,NO,,,YES,NO,YES
52-19-00-24,0726-004-001,1,1,NO,,,,NO,,,YES,NO,NO
71-44-85-61,0727-001-001,1,1,NO,,,,NO,,,YES,NO,YES
87-68-89-36,0729-001-002,4,1,NO,,,,NO,,,YES,NO,YES
53-00-35-57,0729-003-001,1,1,NO,,,,NO,,,YES,NO,NO
53-00-35-57,0729-003-001,2,1,NO,,,,NO,,,YES,NO,NO
70-01-13-20,0729-004-001,1,1,NO,,,,NO,,,YES,YES,YES
63-80-38-30,0733-001-001,1,1,NO,,,,NO,,,YES,YES,NO
16-05-60-08,0734-001-001,1,1,NO,,,,NO,,,YES,YES,YES
16-05-60-08,0734-001-001,2,1,NO,,,,NO,,,YES,YES,YES
42-11-43-73,0736-001-001,1,1,NO,,,,NO,,,YES,NO,YES
42-11-43-73,0736-001-001,1,2,NO,,,,NO,,,YES,NO,YES
42-11-43-73,0736-001-001,2,1,NO,,,,NO,,,YES,YES,YES
42-11-43-73,0736-001-001,6,1,NO,,,,NO,,,YES,YES,YES
05-65-41-70,0736-003-001,1,1,NO,,,,NO,,,YES,NO,YES
05-65-41-70,0736-003-001,11,1,NO,,,,NO,,,YES,NO,YES
31-03-28-85,0736-003-005,1,1,NO,,,,NO,,,YES,YES,YES
31-03-28-85,0736-003-005,2,1,NO,,,,NO,,,YES,NO,YES
99-14-00-70,0736-003-006,1,1,NO,,,,NO,,,YES,NO,YES
99-14-00-70,0736-003-006,2,1,NO,,,,NO,,,NO,NO,NO
97-65-53-21,0737-001-001,2,1,NO,,,,NO,,,YES,NO,YES
08-34-94-62,0738-001-001,1,1,NO,,,,NO,,,YES,YES,YES
08-34-94-62,0738-001-001,2,1,NO,,,,NO,,,YES,NO,YES
25-22-14-90,0739-001-001,1,1,NO,,,,NO,,,YES,YES,YES
25-22-14-90,0739-001-001,2,1,NO,,,,NO,,,NO,NO,YES
71-49-87-81,0740-001-001,1,1,NO,,,,NO,,,YES,NO,YES
71-49-87-81,0740-001-001,7,1,NO,,,,NO,,,YES,NO,YES
46-44-66-21,0740-003-001,2,1,YES,3,,,NO,,,YES,YES,YES
46-44-66-21,0740-003-001,3,1,YES,2,,,NO,,,YES,YES,YES
14-06-51-04,0741-001-004,1,1,NO,,,,NO,,,YES,NO,YES
50-01-48-22,0742-001-001,3,1,NO,,,,NO,,,YES,NO,YES
94-01-64-67,0742-006-001,1,1,NO,,,,NO,,,YES,NO,YES
94-01-64-67,0742-006-001,1,2,NO,,,,NO,,,YES,YES,YES
94-01-64-67,0742-006-001,2,1,NO,,,,NO,,,YES,NO,NO
33-09-53-23,0742-006-003,2,1,NO,,,,NO,,,YES,NO,YES
54-99-39-86,0743-001-001,1,1,NO,,,,NO,,,YES,YES,YES
54-99-39-86,0743-001-001,3,1,NO,,,,NO,,,YES,YES,YES
82-79-20-90,0743-001-002,1,1,NO,,,,NO,,,YES,YES,YES
11-42-87-71,0744-001-001,2,1,NO,,,,NO,,,YES,NO,YES
51-16-66-10,0744-003-001,1,1,NO,,,,NO,,,YES,YES,YES
51-16-66-10,0744-003-001,2,1,NO,,,,NO,,,YES,NO,YES
83-40-04-19,0745-001-001,1,1,NO,,,,NO,,,YES,NO,YES
30-77-22-01,0746-001-001,1,1,NO,,,,NO,,,YES,NO,YES
31-95-03-62,0747-001-001,1,1,NO,,,,NO,,,YES,YES,YES
20-93-75-06,0749-001-001,1,1,NO,,,,NO,,,YES,YES,YES
20-93-75-06,0749-001-001,3,1,NO,,,,NO,,,YES,NO,YES
39-72-67-30,0749-002-001,1,1,NO,,,,NO,,,YES,NO,YES
14-38-94-33,0749-003-001,1,1,NO,,,,NO,,,YES,YES,YES
14-38-94-33,0749-003-001,3,1,NO,,,,NO,,,YES,NO,YES
40-49-15-42,0751-001-001,1,1,NO,,,,NO,,,YES,NO,YES
40-49-15-42,0751-001-001,8,1,NO,,,,NO,,,YES,NO,YES
29-63-19-27,0751-001-002,2,1,NO,,,,NO,,,YES,NO,YES
29-63-19-27,0751-001-002,3,1,NO,,,,NO,,,YES,YES,YES
17-99-56-15,0751-001-009,2,1,NO,,,,NO,,,YES,NO,YES
25-72-15-56,0752-001-001,4,1,NO,,,,NO,,,YES,NO,YES
25-72-15-56,0752-001-001,6,1,NO,,,,NO,,,YES,NO,YES
25-72-15-56,0752-001-001,28,1,NO,,,,NO,,,YES,NO,YES
89-85-01-84,0752-004-001,1,1,NO,,,,NO,,,YES,YES,YES
84-75-07-82,0752-004-004,1,1,NO,,,,NO,,,YES,NO,YES
84-75-07-82,0752-004-004,2,1,NO,,,,NO,,,YES,NO,YES
78-50-22-98,0752-004-005,2,1,NO,,,,NO,,,YES,NO,YES
78-50-22-98,0752-004-005,4,1,NO,,,,NO,,,YES,NO,YES
83-03-55-57,0753-001-001,1,1,NO,,,,NO,,,YES,YES,YES
83-03-55-57,0753-001-001,2,1,NO,,,,NO,,,YES,YES,YES
79-31-15-72,0754-001-001,2,1,NO,,,,NO,,,YES,YES,NO
68-57-50-23,0756-001-001,1,1,NO,,,,NO,,,YES,YES,YES
68-57-50-23,0756-001-001,8,1,NO,,,,NO,,,YES,NO,NO
29-44-66-61,0756-001-003,2,1,NO,,,,NO,,,YES,NO,NO
77-60-75-93,0757-001-001,1,1,NO,,,,NO,,,YES,YES,NO
29-14-45-66,0758-001-001,1,1,NO,,,,NO,,,YES,YES,YES
29-14-45-66,0758-001-001,3,1,NO,,,,NO,,,YES,YES,YES
42-51-30-36,0759-001-001,1,1,NO,,,,NO,,,YES,YES,YES
95-00-47-94,0761-001-001,1,1,YES,2,,,NO,,,YES,NO,NO
95-00-47-94,0761-001-001,2,1,YES,1,,,NO,,,YES,NO,NO
27-22-49-12,0762-001-001,2,1,NO,,,,NO,,,YES,NO,NO
27-22-49-12,0762-001-001,4,1,NO,,,,NO,,,YES,NO,NO
13-97-20-68,0767-001-001,1,1,NO,,,,NO,,,YES,YES,NO
46-73-72-80,0768-001-001,9,1,NO,,,,NO,,,YES,NO,NO
83-21-43-04,0768-001-002,1,1,NO,,,,NO,,,YES,YES,NO
83-21-43-04,0768-001-002,2,1,NO,,,,NO,,,YES,YES,NO
83-21-43-04,0768-001-002,3,1,NO,,,,NO,,,YES,YES,YES
83-21-43-04,0768-001-002,4,1,NO,,,,NO,,,YES,YES,YES
83-21-43-04,0768-001-002,11,1,NO,,,,NO,,,YES,YES,NO
50-44-37-01,0768-001-004,1,1,YES,2,,,NO,,,YES,YES,NO
50-44-37-01,0768-001-004,2,1,YES,1,,,NO,,,YES,YES,NO
04-07-97-71,0768-001-011,1,1,NO,,,,NO,,,YES,NO,NO
04-07-97-71,0768-001-011,2,1,NO,,,,NO,,,YES,YES,YES
84-08-67-79,0769-001-001,1,1,YES,2,,,NO,,,YES,YES,YES
84-08-67-79,0769-001-001,2,1,YES,1,,,NO,,,YES,YES,YES
08-56-02-68,0770-001-001,1,1,NO,,,,NO,,,YES,YES,YES
08-56-02-68,0770-001-001,2,1,NO,,,,NO,,,YES,YES,NO
46-36-03-77,0771-001-001,1,1,NO,,,,NO,,,YES,YES,YES
46-36-03-77,0771-001-001,2,1,NO,,,,NO,,,YES,YES,YES
46-36-03-77,0771-001-001,5,1,NO,,,,NO,,,YES,YES,YES
58-54-51-82,0772-001-002,1,1,NO,,,,NO,,,YES,NO,NO
58-54-51-82,0772-001-002,2,1,NO,,,,NO,,,YES,NO,NO
95-42-77-09,0772-002-003,1,1,NO,,,,NO,,,YES,YES,NO
95-42-77-09,0772-002-003,2,1,NO,,,,NO,,,YES,YES,NO
13-55-87-80,0772-002-004,2,1,NO,,,,NO,,,YES,NO,NO
63-77-64-08,0773-001-001,1,1,NO,,,,NO,,,YES,NO,NO
63-77-64-08,0773-001-001,2,1,NO,,,,NO,,,YES,YES,NO
63-77-64-08,0773-001-001,4,1,NO,,,,NO,,,YES,NO,NO
63-77-64-08,0773-001-001,5,1,NO,,,,NO,,,YES,NO,YES
16-44-54-61,0773-001-003,1,1,NO,,,,NO,,,YES,NO,YES
16-44-54-61,0773-001-003,2,1,NO,,,,NO,,,YES,YES,YES
36-12-98-96,0775-001-001,1,1,NO,,,,NO,,,YES,NO,YES
36-12-98-96,0775-001-001,1,2,NO,,,,NO,,,YES,NO,NO
36-12-98-96,0775-001-001,2,1,NO,,,,NO,,,YES,NO,YES
39-76-12-55,0776-001-001,1,1,NO,,,,NO,,,YES,YES,NO
39-76-12-55,0776-001-001,2,1,NO,,,,NO,,,YES,NO,NO
39-76-12-55,0776-001-001,6,1,NO,,,,NO,,,YES,NO,NO
39-76-12-55,0776-001-001,6,2,NO,,,,NO,,,YES,NO,NO
76-21-45-43,0776-001-005,1,1,NO,,,,NO,,,YES,NO,NO
05-60-96-11,0777-001-001,1,1,NO,,,,NO,,,YES,YES,NO
05-60-96-11,0777-001-001,2,1,NO,,,,NO,,,YES,YES,NO
70-77-85-90,0778-001-001,1,1,NO,,,,NO,,,YES,YES,NO
70-77-85-90,0778-001-001,2,1,NO,,,,NO,,,YES,YES,NO
70-77-85-90,0778-001-001,3,1,NO,,,,NO,,,YES,NO,YES
73-75-54-66,0780-001-001,1,1,NO,,,,NO,,,YES,NO,YES
73-75-54-66,0780-001-001,2,1,NO,,,,NO,,,YES,NO,NO
26-99-83-49,0781-001-001,1,1,NO,,,,NO,,,YES,YES,NO
26-99-83-49,0781-001-001,2,1,NO,,,,NO,,,NO,NO,NO
26-99-83-49,0781-001-001,4,1,NO,,,,NO,,,YES,YES,YES
26-99-83-49,0781-001-001,5,1,NO,,,,NO,,,YES,YES,YES
01-05-09-28,0783-001-001,1,1,NO,,,,NO,,,YES,NO,NO
01-05-09-28,0783-001-001,2,1,NO,,,,NO,,,YES,NO,NO
72-38-63-39,0783-001-004,1,1,NO,,,,NO,,,YES,YES,YES
72-38-63-39,0783-001-004,2,1,NO,,,,NO,,,YES,NO,YES
04-67-21-54,0783-001-006,1,1,NO,,,,NO,,,YES,NO,YES
04-67-21-54,0783-001-006,2,1,NO,,,,NO,,,YES,YES,YES
77-42-27-12,0785-001-001,1,1,YES,3,,,NO,,,YES,NO,NO
77-42-27-12,0785-001-001,3,1,YES,2,,,NO,,,YES,YES,NO
77-42-27-12,0785-001-001,8,1,NO,,,,NO,,,YES,YES,NO
04-62-05-39,0785-001-004,1,1,NO,,,,NO,,,YES,NO,NO
81-59-11-37,0785-001-005,1,1,NO,,,,NO,,,YES,NO,NO
81-59-11-37,0785-001-005,1,2,NO,,,,NO,,,YES,YES,NO
92-08-19-67,0785-001-006,1,1,NO,,,,NO,,,YES,YES,NO
92-08-19-67,0785-001-006,2,1,NO,,,,NO,,,YES,YES,NO
92-61-39-32,0785-008-001,1,1,NO,,,,NO,,,YES,YES,YES
92-61-39-32,0785-008-001,3,1,NO,,,,NO,,,YES,NO,NO
76-67-49-08,0785-008-002,1,1,NO,,,,NO,,,YES,YES,YES
76-67-49-08,0785-008-002,2,1,NO,,,,NO,,,YES,YES,YES
76-67-49-08,0785-008-002,3,1,NO,,,,NO,,,YES,YES,YES
95-80-30-88,0786-002-001,1,1,NO,,,,NO,,,YES,NO,NO
95-80-30-88,0786-002-001,3,1,NO,,,,NO,,,YES,NO,YES
25-16-84-50,0787-001-001,1,1,NO,,,,NO,,,YES,YES,NO
25-16-84-50,0787-001-001,2,1,NO,,,,NO,,,YES,YES,NO
41-94-97-33,0788-001-001,2,1,NO,,,,NO,,,YES,YES,YES
60-74-36-34,0789-001-001,2,1,NO,,,,NO,,,YES,YES,YES
60-74-36-34,0789-001-001,9,1,NO,,,,NO,,,YES,YES,YES
59-27-33-64,0789-001-003,1,1,NO,,,,NO,,,YES,YES,YES
59-27-33-64,0789-001-003,2,1,NO,,,,NO,,,YES,YES,YES
58-72-64-17,0789-001-005,3,1,NO,,,,NO,,,YES,YES,YES
69-12-67-44,0789-001-006,1,1,NO,,,,NO,,,YES,YES,YES
65-51-84-50,0789-001-007,2,1,NO,,,,NO,,,YES,YES,NO
06-63-52-74,0790-001-001,1,1,NO,,,,NO,,,YES,YES,NO
19-49-98-57,0791-001-001,1,1,NO,,,,NO,,,YES,YES,NO
19-49-98-57,0791-001-001,2,1,NO,,,,NO,,,YES,YES,NO
19-49-98-57,0791-001-001,3,1,NO,,,,NO,,,YES,YES,NO
10-28-36-62,0792-002-002,5,1,NO,,,,NO,,,YES,YES,NO
13-21-93-32,0792-002-003,1,1,NO,,,,NO,,,YES,NO,NO
13-21-93-32,0792-002-003,2,1,NO,,,,NO,,,YES,YES,YES
13-21-93-32,0792-002-003,2,2,NO,,,,NO,,,YES,YES,YES
91-76-89-34,0793-001-001,1,1,NO,,,,NO,,,YES,YES,YES
91-76-89-34,0793-001-001,2,1,NO,,,,NO,,,YES,YES,YES
82-03-93-42,0794-001-001,1,1,NO,,,,NO,,,YES,NO,NO
82-03-93-42,0794-001-001,2,1,NO,,,,NO,,,YES,NO,YES
82-03-93-42,0794-001-001,2,2,NO,,,,NO,,,YES,YES,YES
82-03-93-42,0794-001-001,3,1,NO,,,,NO,,,YES,NO,YES
82-03-93-42,0794-001-001,4,1,NO,,,,NO,,,YES,YES,YES
77-85-99-98,0796-001-002,2,1,NO,,,,NO,,,YES,NO,YES
77-85-99-98,0796-001-002,3,1,NO,,,,NO,,,YES,YES,YES
87-21-83-42,0797-001-001,1,1,NO,,,,NO,,,YES,YES,YES
87-21-83-42,0797-001-001,2,1,NO,,,,NO,,,YES,YES,NO
87-21-83-42,0797-001-001,8,1,NO,,,,NO,,,YES,YES,YES
87-21-83-42,0797-001-001,10,1,NO,,,,NO,,,YES,YES,YES
87-21-83-42,0797-001-001,14,1,NO,,,,NO,,,YES,YES,YES
26-47-53-88,0797-001-007,1,1,NO,,,,NO,,,YES,YES,YES
05-09-03-42,0797-002-002,2,1,NO,,,,NO,,,YES,YES,NO
05-09-03-42,0797-002-002,3,1,NO,,,,NO,,,YES,YES,YES
05-09-03-42,0797-002-002,6,1,NO,,,,NO,,,YES,YES,YES
89-96-59-86,0798-001-001,1,1,NO,,,,NO,,,YES,YES,NO
89-96-59-86,0798-001-001,4,1,NO,,,,NO,,,YES,YES,NO
89-96-59-86,0798-001-001,5,1,NO,,,,NO,,,YES,NO,NO
95-41-66-59,0800-001-001,1,1,NO,,,,NO,,,YES,NO,NO
95-41-66-59,0800-001-001,3,1,NO,,,,NO,,,YES,YES,YES
52-88-01-32,0800-001-002,1,1,NO,,,,NO,,,YES,YES,YES
52-88-01-32,0800-001-002,1,2,NO,,,,NO,,,YES,NO,YES
52-88-01-32,0800-001-002,2,1,NO,,,,NO,,,YES,YES,YES
71-32-37-07,0802-001-001,1,1,NO,,,,NO,,,YES,YES,NO
71-32-37-07,0802-001-001,2,1,NO,,,,NO,,,YES,YES,NO
71-32-37-07,0802-001-001,3,1,NO,,,,NO,,,YES,NO,NO
48-51-84-71,0803-001-002,2,1,NO,,,,NO,,,YES,YES,YES
48-51-84-71,0803-001-002,3,1,NO,,,,NO,,,YES,YES,YES
48-51-84-71,0803-001-002,4,1,NO,,,,NO,,,YES,YES,YES
48-51-84-71,0803-001-002,5,1,NO,,,,NO,,,YES,YES,YES
48-51-84-71,0803-001-002,6,1,NO,,,,NO,,,YES,YES,YES
48-51-84-71,0803-001-002,7,1,NO,,,,NO,,,YES,YES,NO
48-51-84-71,0803-001-002,8,1,NO,,,,NO,,,YES,YES,NO
48-51-84-71,0803-001-002,9,1,NO,,,,NO,,,YES,YES,YES
21-36-63-64,0803-001-010,1,1,YES,2,,,NO,,,YES,YES,YES
21-36-63-64,0803-001-010,2,1,YES,1,,,NO,,,YES,NO,YES
95-25-20-69,0806-001-001,2,1,NO,,,,NO,,,YES,YES,NO
95-25-20-69,0806-001-001,3,1,NO,,,,NO,,,YES,YES,NO
39-39-70-24,0809-001-001,1,1,NO,,,,NO,,,YES,YES,NO
39-39-70-24,0809-001-001,2,1,NO,,,,NO,,,YES,YES,NO
39-39-70-24,0809-001-001,3,1,NO,,,,NO,,,YES,YES,NO
39-39-70-24,0809-001-001,5,1,NO,,,,NO,,,YES,YES,NO
39-39-70-24,0809-001-001,6,1,NO,,,,NO,,,YES,YES,NO
39-39-70-24,0809-001-001,9,1,NO,,,,NO,,,YES,YES,NO
67-42-26-14,0809-001-008,1,1,NO,,,,NO,,,YES,YES,YES
67-42-26-14,0809-001-008,1,2,NO,,,,NO,,,YES,YES,YES
67-42-26-14,0809-001-008,2,1,NO,,,,NO,,,YES,YES,YES
37-20-99-56,0810-001-001,1,1,NO,,,,NO,,,YES,YES,YES
37-20-99-56,0810-001-001,2,1,NO,,,,NO,,,YES,YES,YES
28-68-79-71,0810-001-004,1,1,NO,,,,NO,,,YES,YES,YES
28-68-79-71,0810-001-004,2,1,NO,,,,NO,,,YES,YES,YES
17-79-68-21,0813-001-001,1,1,NO,,,,NO,,,YES,NO,NO
17-79-68-21,0813-001-001,2,1,NO,,,,NO,,,YES,NO,NO
17-79-68-21,0813-001-001,3,1,NO,,,,NO,,,YES,NO,YES
17-79-68-21,0813-001-001,3,2,NO,,,,NO,,,YES,NO,NO
17-79-68-21,0813-001-001,4,1,NO,,,,NO,,,YES,NO,NO
89-49-51-98,0813-006-001,1,1,NO,,,,NO,,,YES,NO,NO
89-49-51-98,0813-006-001,2,1,NO,,,,NO,,,YES,NO,YES
89-49-51-98,0813-006-001,4,1,NO,,,,NO,,,YES,YES,NO
46-41-53-12,0816-001-001,1,1,NO,,,,NO,,,YES,YES,NO
46-41-53-12,0816-001-001,2,1,NO,,,,NO,,,YES,YES,NO
46-41-53-12,0816-001-001,4,1,NO,,,,NO,,,YES,NO,NO
49-74-14-34,0816-003-001,1,1,YES,6,,,NO,,,YES,YES,YES
49-74-14-34,0816-003-001,6,1,YES,1,,,NO,,,YES,YES,YES
92-17-59-19,0816-003-002,1,1,NO,,,,NO,,,YES,YES,NO
92-17-59-19,0816-003-002,2,1,NO,,,,NO,,,YES,NO,NO
92-17-59-19,0816-003-002,3,1,NO,,,,NO,,,YES,NO,YES
92-17-59-19,0816-003-002,4,1,NO,,,,NO,,,YES,YES,NO
24-16-61-78,0816-004-001,1,1,NO,,,,NO,,,YES,YES,YES
22-14-33-47,0816-005-001,1,1,NO,,,,NO,,,YES,YES,YES
22-14-33-47,0816-005-001,2,1,NO,,,,NO,,,YES,YES,YES
22-14-33-47,0816-005-001,4,1,NO,,,,NO,,,YES,YES,YES
69-89-51-27,0817-001-001,2,1,NO,,,,NO,,,YES,YES,NO
39-78-55-52,0817-001-007,1,1,NO,,,,NO,,,YES,YES,NO
39-78-55-52,0817-001-007,2,1,NO,,,,NO,,,YES,NO,YES
73-40-39-52,0817-009-001,1,1,NO,,,,NO,,,YES,YES,YES
73-40-39-52,0817-009-001,2,1,NO,,,,NO,,,YES,YES,YES
22-53-70-08,0820-001-002,2,1,NO,,,,NO,,,YES,YES,YES
22-53-70-08,0820-001-002,6,1,NO,,,,NO,,,YES,YES,YES
22-53-70-08,0820-001-002,7,1,NO,,,,NO,,,YES,YES,YES
48-50-14-55,0820-001-003,1,1,NO,,,,NO,,,YES,YES,YES
48-50-14-55,0820-001-003,1,2,NO,,,,NO,,,YES,YES,NO
48-50-14-55,0820-001-003,2,1,NO,,,,NO,,,YES,YES,YES
48-50-14-55,0820-001-003,4,1,NO,,,,NO,,,YES,YES,YES
48-50-14-55,0820-001-003,4,2,NO,,,,NO,,,YES,YES,NO
48-50-14-55,0820-001-003,5,1,NO,,,,NO,,,YES,YES,YES
48-50-14-55,0820-001-003,6,1,NO,,,,NO,,,YES,YES,YES
78-14-97-22,0820-001-009,1,1,NO,,,,NO,,,YES,YES,YES
78-14-97-22,0820-001-009,2,1,NO,,,,NO,,,YES,YES,YES
95-17-78-64,0822-001-001,1,1,NO,,,,NO,,,YES,YES,YES
95-17-78-64,0822-001-001,2,1,NO,,,,NO,,,YES,YES,YES
01-82-06-82,0824-001-001,1,1,NO,,,,NO,,,YES,YES,YES
01-82-06-82,0824-001-001,2,1,NO,,,,NO,,,YES,YES,NO
01-82-06-82,0824-001-001,5,1,NO,,,,NO,,,YES,YES,YES
01-82-06-82,0824-001-001,7,1,NO,,,,NO,,,YES,YES,YES
01-82-06-82,0824-001-001,9,1,NO,,,,NO,,,YES,YES,YES
41-91-45-72,0824-001-003,1,1,NO,,,,NO,,,YES,NO,NO
41-91-45-72,0824-001-003,1,2,NO,,,,NO,,,YES,YES,NO
41-91-45-72,0824-001-003,2,1,NO,,,,NO,,,YES,YES,YES
58-95-90-74,0824-001-006,1,1,NO,,,,NO,,,YES,YES,YES
13-59-49-85,0824-006-001,1,1,NO,,,,NO,,,YES,YES,NO
48-86-98-91,0827-001-002,1,1,NO,,,,NO,,,YES,YES,NO
48-86-98-91,0827-001-002,2,1,NO,,,,NO,,,YES,YES,NO
48-86-98-91,0827-001-002,3,1,NO,,,,NO,,,YES,NO,NO
11-50-63-98,0828-001-001,7,1,NO,,,,NO,,,YES,NO,YES
34-57-47-47,0828-001-002,1,1,YES,2,,,NO,,,YES,NO,NO
34-57-47-47,0828-001-002,2,1,YES,1,,,NO,,,YES,NO,NO
23-48-92-58,0829-001-001,2,1,NO,,,,NO,,,YES,NO,YES
76-13-11-27,0830-001-001,1,1,NO,,,,NO,,,YES,YES,NO
76-13-11-27,0830-001-001,2,1,NO,,,,NO,,,YES,YES,NO
76-13-11-27,0830-001-001,3,1,NO,,,,NO,,,YES,YES,YES
76-13-11-27,0830-001-001,7,1,NO,,,,NO,,,YES,YES,YES
76-13-11-27,0830-001-001,8,1,NO,,,,NO,,,YES,YES,YES
72-69-44-72,0831-001-001,1,1,YES,2,,,NO,,,YES,NO,NO
72-69-44-72,0831-001-001,2,1,YES,1,,,NO,,,YES,NO,NO
72-69-44-72,0831-001-001,3,1,NO,,,,NO,,,YES,YES,YES
43-07-96-96,0834-001-001,2,1,NO,,,,NO,,,YES,NO,YES
11-95-00-77,0835-001-001,1,1,NO,,,,NO,,,YES,YES,YES
11-95-00-77,0835-001-001,9,1,NO,,,,NO,,,YES,YES,YES
19-25-92-06,0836-001-001,3,1,NO,,,,NO,,,YES,YES,YES
19-25-92-06,0836-001-001,5,1,NO,,,,NO,,,YES,YES,YES
19-25-92-06,0836-001-001,13,1,NO,,,,NO,,,YES,YES,YES
19-25-92-06,0836-001-001,16,1,NO,,,,NO,,,YES,YES,YES
37-58-14-59,0836-001-002,1,1,NO,,,,NO,,,YES,YES,YES
37-58-14-59,0836-001-002,2,1,NO,,,,NO,,,YES,YES,NO
57-18-74-95,0839-001-002,2,1,NO,,,,NO,,,YES,NO,NO
57-18-74-95,0839-001-002,5,1,NO,,,,NO,,,YES,YES,YES
95-47-50-34,0839-001-003,1,1,NO,,,,NO,,,YES,YES,YES
95-47-50-34,0839-001-003,2,1,NO,,,,NO,,,YES,NO,YES
70-81-71-72,0840-001-003,4,1,NO,,,,NO,,,YES,NO,YES
50-33-65-85,0841-001-001,1,1,NO,,,,NO,,,YES,YES,YES
50-33-65-85,0841-001-001,2,1,NO,,,,NO,,,NO,NO,NO
50-33-65-85,0841-001-001,4,1,NO,,,,NO,,,YES,YES,YES
55-18-26-79,0843-001-001,6,1,NO,,,,NO,,,YES,YES,YES
27-80-16-97,0844-001-001,1,1,NO,,,,NO,,,YES,NO,YES
36-98-27-89,0844-001-002,1,1,NO,,,,NO,,,YES,NO,NO
15-99-63-51,0844-004-001,1,1,NO,,,,NO,,,YES,YES,NO
15-99-63-51,0844-004-001,3,1,NO,,,,NO,,,YES,YES,YES
15-99-63-51,0844-004-001,6,1,NO,,,,NO,,,YES,YES,YES
55-10-77-09,0844-004-004,1,1,NO,,,,NO,,,YES,YES,NO
55-10-77-09,0844-004-004,4,1,NO,,,,NO,,,YES,YES,NO
55-10-77-09,0844-004-004,6,1,NO,,,,NO,,,YES,NO,YES
07-65-39-81,0846-001-001,3,1,NO,,,,NO,,,YES,YES,YES
24-49-64-10,0847-001-001,4,1,NO,,,,NO,,,YES,YES,YES
24-49-64-10,0847-001-001,5,1,NO,,,,NO,,,YES,YES,NO
00-41-84-07,0847-001-003,1,1,NO,,,,NO,,,YES,NO,YES
00-41-84-07,0847-001-003,2,1,NO,,,,NO,,,YES,NO,YES
41-88-84-41,0847-004-001,2,1,NO,,,,NO,,,YES,NO,NO
37-95-22-04,0848-001-004,1,1,NO,,,,NO,,,YES,YES,NO
44-70-04-43,0848-001-005,1,1,NO,,,,NO,,,YES,YES,YES
44-70-04-43,0848-001-005,2,1,NO,,,,NO,,,YES,NO,NO
40-93-38-08,0849-001-001,1,1,NO,,,,NO,,,YES,NO,NO
40-93-38-08,0849-001-001,2,1,NO,,,,NO,,,YES,NO,NO
58-09-73-47,0850-001-002,1,1,NO,,,,NO,,,YES,NO,NO
28-86-83-55,0850-001-003,5,1,NO,,,,NO,,,YES,YES,NO
28-86-83-55,0850-001-003,7,1,NO,,,,NO,,,YES,YES,YES
28-86-83-55,0850-001-003,8,1,NO,,,,NO,,,YES,YES,YES
37-11-18-81,0851-001-001,2,1,NO,,,,NO,,,YES,YES,NO
34-55-40-03,0852-001-001,1,1,NO,,,,NO,,,YES,YES,NO
34-55-40-03,0852-001-001,6,1,NO,,,,NO,,,YES,YES,NO
39-32-39-90,0852-001-002,2,1,NO,,,,NO,,,YES,NO,YES
08-17-94-34,0854-001-001,2,1,NO,,,,NO,,,YES,NO,NO
68-74-43-56,0855-001-001,3,1,NO,,,,NO,,,YES,NO,NO
68-74-43-56,0855-001-001,4,1,NO,,,,NO,,,YES,NO,NO
07-03-83-06,0856-001-001,2,1,NO,,,,NO,,,YES,YES,NO
07-03-83-06,0856-001-001,10,1,NO,,,,NO,,,YES,NO,NO
88-80-22-55,0856-001-003,1,1,NO,,,,NO,,,YES,YES,YES
26-93-79-69,0857-001-001,1,1,NO,,,,NO,,,YES,YES,YES
43-58-88-26,0858-001-001,1,1,NO,,,,NO,,,NO,NO,NO
43-58-88-26,0858-001-001,1,2,NO,,,,NO,,,YES,YES,YES
43-58-88-26,0858-001-001,8,1,NO,,,,NO,,,YES,YES,YES
13-49-32-96,0858-001-002,1,1,NO,,,,NO,,,YES,YES,YES
13-49-32-96,0858-001-002,2,1,NO,,,,NO,,,YES,YES,YES
13-49-32-96,0858-001-002,4,1,NO,,,,NO,,,YES,NO,YES
