sdd_hhid,sdd_rural,t0_region,t0_district,hh_c14,hh_c15
0003-001-001,RURAL,DODOMA,KONDOA,BY BIKE,45.0
0004-001-001,RURAL,PWANI,MKURANGA,ON FOOT,30.0
0005-001-001,RURAL,DODOMA,KONDOA,BY BIKE,60.0
0005-001-001,RURAL,DODOMA,KONDOA,ON FOOT,7.0
0005-001-001,RURAL,DODOMA,KONDOA,ON FOOT,7.0
0007-001-001,RURAL,DODOMA,KONDOA,ON FOOT,75.0
0007-001-001,RURAL,DODOMA,KONDOA,ON FOOT,75.0
0009-001-001,RURAL,DODOMA,KONDOA,ON FOOT,30.0
0012-001-001,RURAL,DODOMA,MPWAPWA,ON FOOT,60.0
0012-001-001,RURAL,DODOMA,MPWAPWA,ON FOOT,60.0
0012-001-001,RURAL,DODOMA,MPWAPWA,ON FOOT,60.0
0015-001-001,RURAL,DODOMA,MPWAPWA,ON FOOT,15.0
0015-001-001,RURAL,DODOMA,MPWAPWA,ON FOOT,15.0
0017-001-001,RURAL,MOROGORO,KILOSA,ON FOOT,20.0
0017-002-001,URBAN,MOROGORO,KILOSA,ON FOOT,20.0
0018-001-001,RURAL,DODOMA,MPWAPWA,ON FOOT,15.0
0018-001-001,RURAL,DODOMA,MPWAPWA,ON FOOT,15.0
0020-001-001,RURAL,DODOMA,MPWAPWA,ON FOOT,60.0
0020-001-001,RURAL,DODOMA,MPWAPWA,ON FOOT,60.0
0020-001-001,RURAL,DODOMA,MPWAPWA,ON FOOT,60.0
0021-001-002,URBAN,ARUSHA,ARUSHA URBAN,ON FOOT,20.0
0023-001-001,RURAL,ARUSHA,ARUSHA URBAN,BY PUBLIC VEHICLE/MINIBUS,40.0
0024-001-001,URBAN,ARUSHA,ARUSHA URBAN,BY PUBLIC VEHICLE/MINIBUS,15.0
0028-001-001,URBAN,ARUSHA,ARUSHA URBAN,BY PUBLIC VEHICLE/MINIBUS,30.0
0028-001-001,URBAN,ARUSHA,ARUSHA URBAN,ON FOOT,20.0
0029-001-001,URBAN,ARUSHA,ARUSHA URBAN,ON FOOT,20.0
0029-001-001,URBAN,ARUSHA,ARUSHA URBAN,ON FOOT,20.0
0031-001-001,URBAN,ARUSHA,ARUSHA URBAN,ON FOOT,30.0
0031-001-001,URBAN,ARUSHA,ARUSHA URBAN,ON FOOT,10.0
0031-001-001,URBAN,ARUSHA,ARUSHA URBAN,ON FOOT,10.0
0031-001-001,URBAN,ARUSHA,ARUSHA URBAN,ON FOOT,10.0
0034-001-001,URBAN,DAR ES SALAAM,KINONDONI,ON FOOT,5.0
0034-001-001,URBAN,DAR ES SALAAM,KINONDONI,ON FOOT,5.0
0034-001-001,URBAN,DAR ES SALAAM,KINONDONI,ON FOOT,5.0
0040-001-001,URBAN,ARUSHA,KARATU,ON FOOT,40.0
0043-001-001,RURAL,ARUSHA,KARATU,ON FOOT,30.0
0043-001-001,RURAL,ARUSHA,KARATU,ON FOOT,30.0
0044-001-001,URBAN,ARUSHA,KARATU,ON FOOT,60.0
0045-001-001,RURAL,ARUSHA,MONDULI,ON FOOT,30.0
0045-001-001,RURAL,ARUSHA,MONDULI,ON FOOT,15.0
0046-001-001,RURAL,ARUSHA,KARATU,ON FOOT,1.0
0046-001-001,RURAL,ARUSHA,KARATU,ON FOOT,10.0
0046-001-001,RURAL,ARUSHA,KARATU,ON FOOT,10.0
0046-001-001,RURAL,ARUSHA,KARATU,ON FOOT,10.0
0046-001-001,RURAL,ARUSHA,KARATU,ON FOOT,10.0
0046-001-001,RURAL,ARUSHA,KARATU,ON FOOT,10.0
0047-001-001,URBAN,ARUSHA,KARATU,ON FOOT,30.0
0047-001-001,URBAN,ARUSHA,KARATU,ON FOOT,15.0
0047-001-001,URBAN,ARUSHA,KARATU,ON FOOT,15.0
0048-001-001,RURAL,KILIMANJARO,ROMBO,ON FOOT,30.0
0049-001-001,RURAL,KILIMANJARO,ROMBO,ON FOOT,5.0
0050-001-001,RURAL,KILIMANJARO,ROMBO,ON FOOT,15.0
0050-001-001,RURAL,KILIMANJARO,ROMBO,ON FOOT,15.0
0050-001-001,RURAL,KILIMANJARO,ROMBO,ON FOOT,15.0
0051-001-001,RURAL,KILIMANJARO,ROMBO,ON FOOT,45.0
0055-003-001,RURAL,KILIMANJARO,ROMBO,ON FOOT,15.0
0056-001-001,RURAL,KILIMANJARO,ROMBO,ON FOOT,15.0
0056-001-001,RURAL,KILIMANJARO,ROMBO,ON FOOT,15.0
0058-001-001,RURAL,KILIMANJARO,ROMBO,ON FOOT,10.0
0058-001-001,RURAL,KILIMANJARO,ROMBO,ON FOOT,10.0
0059-001-001,RURAL,KILIMANJARO,MWANGA,ON FOOT,10.0
0059-001-001,RURAL,KILIMANJARO,MWANGA,ON FOOT,12.0
0060-001-001,RURAL,KILIMANJARO,MWANGA,ON FOOT,60.0
0060-001-001,RURAL,KILIMANJARO,MWANGA,ON FOOT,30.0
0062-001-001,RURAL,KILIMANJARO,MWANGA,ON FOOT,15.0
0062-001-001,RURAL,KILIMANJARO,MWANGA,ON FOOT,15.0
0062-001-001,RURAL,KILIMANJARO,MWANGA,ON FOOT,15.0
0066-003-001,RURAL,MWANZA,MAGU,ON FOOT,20.0
0066-003-001,RURAL,MWANZA,MAGU,ON FOOT,20.0
0066-003-001,RURAL,MWANZA,MAGU,ON FOOT,20.0
0066-003-001,RURAL,MWANZA,MAGU,ON FOOT,20.0
0069-002-001,RURAL,TANGA,LUSHOTO,ON FOOT,10.0
0072-001-001,URBAN,TANGA,LUSHOTO,ON FOOT,60.0
0072-001-001,URBAN,TANGA,LUSHOTO,ON FOOT,60.0
0072-003-001,URBAN,TANGA,MUHEZA,ON FOOT,45.0
0073-001-001,RURAL,TANGA,LUSHOTO,ON FOOT,8.0
0073-001-001,RURAL,TANGA,LUSHOTO,ON FOOT,8.0
0073-001-001,RURAL,TANGA,LUSHOTO,ON FOOT,8.0
0074-001-001,RURAL,TANGA,LUSHOTO,ON FOOT,120.0
0074-001-001,RURAL,TANGA,LUSHOTO,ON FOOT,10.0
0074-001-001,RURAL,TANGA,LUSHOTO,ON FOOT,10.0
0074-001-001,RURAL,TANGA,LUSHOTO,ON FOOT,10.0
0077-003-001,RURAL,TANGA,KOROGWE RURAL,BY PUBLIC VEHICLE/MINIBUS,30.0
0077-003-001,RURAL,TANGA,KOROGWE RURAL,BY PUBLIC VEHICLE/MINIBUS,30.0
0077-003-001,RURAL,TANGA,KOROGWE RURAL,ON FOOT,45.0
0078-001-001,RURAL,TANGA,LUSHOTO,ON FOOT,5.0
0078-001-001,RURAL,TANGA,LUSHOTO,ON FOOT,5.0
0079-001-001,RURAL,TANGA,LUSHOTO,ON FOOT,45.0
0080-001-001,RURAL,TANGA,LUSHOTO,ON FOOT,30.0
0080-001-001,RURAL,TANGA,LUSHOTO,ON FOOT,30.0
0080-001-001,RURAL,TANGA,LUSHOTO,ON FOOT,30.0
0080-001-001,RURAL,TANGA,LUSHOTO,ON FOOT,30.0
0081-001-001,RURAL,TANGA,LUSHOTO,ON FOOT,15.0
0081-001-001,RURAL,TANGA,LUSHOTO,ON FOOT,60.0
0081-004-001,RURAL,TANGA,MUHEZA,ON FOOT,20.0
0082-001-001,RURAL,TANGA,MUHEZA,ON FOOT,2.0
0082-001-001,RURAL,TANGA,MUHEZA,ON FOOT,2.0
0082-003-001,URBAN,TANGA,MUHEZA,ON FOOT,60.0
0082-003-001,URBAN,TANGA,MUHEZA,ON FOOT,90.0
0082-004-001,URBAN,MOROGORO,MOROGORO URBAN,ON FOOT,10.0
0082-004-001,URBAN,MOROGORO,MOROGORO URBAN,ON FOOT,10.0
0084-001-001,RURAL,TANGA,MUHEZA,ON FOOT,30.0
0086-001-001,URBAN,DAR ES SALAAM,TEMEKE,ON FOOT,30.0
0086-001-001,URBAN,DAR ES SALAAM,TEMEKE,ON FOOT,45.0
0087-001-002,RURAL,TANGA,MUHEZA,ON FOOT,15.0
0087-001-002,RURAL,TANGA,MUHEZA,ON FOOT,120.0
0088-001-001,RURAL,TANGA,MUHEZA,ON FOOT,15.0
0088-001-001,RURAL,TANGA,MUHEZA,ON FOOT,45.0
0089-001-001,RURAL,TANGA,MUHEZA,ON FOOT,90.0
0089-001-001,RURAL,TANGA,MUHEZA,ON FOOT,60.0
0089-001-001,RURAL,TANGA,MUHEZA,ON FOOT,60.0
0089-001-001,RURAL,TANGA,MUHEZA,ON FOOT,60.0
0089-002-001,RURAL,TANGA,MUHEZA,OTHER (SPECIFY),10.0
0092-001-001,URBAN,TANGA,MUHEZA,ON FOOT,15.0
0093-001-001,URBAN,DAR ES SALAAM,KINONDONI,ON FOOT,15.0
0096-001-001,URBAN,TANGA,HANDENI,ON FOOT,30.0
0096-001-001,URBAN,TANGA,HANDENI,ON FOOT,60.0
0099-001-001,RURAL,TANGA,HANDENI,ON FOOT,15.0
0099-001-001,RURAL,TANGA,HANDENI,ON FOOT,15.0
0099-001-001,RURAL,TANGA,HANDENI,ON FOOT,15.0
0099-008-001,RURAL,TANGA,TANGA URBAN,ON FOOT,30.0
0099-008-001,RURAL,TANGA,TANGA URBAN,ON FOOT,30.0
0100-001-001,RURAL,TANGA,HANDENI,ON FOOT,15.0
0100-001-001,RURAL,TANGA,HANDENI,ON FOOT,15.0
0101-001-001,RURAL,TANGA,HANDENI,ON FOOT,30.0
0101-001-001,RURAL,TANGA,HANDENI,ON FOOT,30.0
0101-002-001,URBAN,TANGA,HANDENI,ON FOOT,30.0
0101-002-001,URBAN,TANGA,HANDENI,ON FOOT,30.0
0101-003-001,URBAN,TANGA,HANDENI,ON FOOT,15.0
0102-001-001,URBAN,TANGA,HANDENI,ON FOOT,25.0
0102-001-001,URBAN,TANGA,HANDENI,ON FOOT,15.0
0102-001-001,URBAN,TANGA,HANDENI,ON FOOT,15.0
0103-001-001,RURAL,TANGA,HANDENI,ON FOOT,35.0
0104-001-001,URBAN,TANGA,HANDENI,ON FOOT,20.0
0105-005-001,RURAL,TANGA,HANDENI,ON FOOT,60.0
0105-005-001,RURAL,TANGA,HANDENI,ON FOOT,60.0
0106-001-003,URBAN,TANGA,HANDENI,ON FOOT,90.0
0106-001-003,URBAN,TANGA,HANDENI,ON FOOT,60.0
0106-001-003,URBAN,TANGA,HANDENI,ON FOOT,5.0
0109-001-001,RURAL,MOROGORO,KILOMBERO,ON FOOT,2.0
0110-001-001,URBAN,MOROGORO,KILOMBERO,ON FOOT,10.0
0111-001-001,RURAL,MOROGORO,KILOMBERO,ON FOOT,45.0
0113-001-001,RURAL,MOROGORO,KILOMBERO,ON FOOT,15.0
0113-001-001,RURAL,MOROGORO,KILOMBERO,ON FOOT,15.0
0113-001-001,RURAL,MOROGORO,KILOMBERO,ON FOOT,15.0
0113-002-001,RURAL,MOROGORO,KILOMBERO,ON FOOT,30.0
0113-002-001,RURAL,MOROGORO,KILOMBERO,ON FOOT,30.0
0115-001-001,RURAL,MOROGORO,KILOMBERO,ON FOOT,30.0
0118-001-001,RURAL,MOROGORO,KILOMBERO,ON FOOT,30.0
0119-001-001,RURAL,MOROGORO,KILOMBERO,ON FOOT,90.0
0119-001-001,RURAL,MOROGORO,KILOMBERO,ON FOOT,60.0
0119-001-001,RURAL,MOROGORO,KILOMBERO,ON FOOT,45.0
0121-002-001,RURAL,MOROGORO,KILOMBERO,ON FOOT,10.0
0121-002-001,RURAL,MOROGORO,KILOMBERO,ON FOOT,10.0
0121-002-001,RURAL,MOROGORO,KILOMBERO,ON FOOT,10.0
0124-001-001,URBAN,MOROGORO,MOROGORO URBAN,ON FOOT,20.0
0127-001-001,URBAN,MOROGORO,MOROGORO URBAN,ON FOOT,10.0
0127-001-001,URBAN,MOROGORO,MOROGORO URBAN,ON FOOT,10.0
0127-001-001,URBAN,MOROGORO,MOROGORO URBAN,ON FOOT,30.0
0127-001-001,URBAN,MOROGORO,MOROGORO URBAN,ON FOOT,10.0
0127-001-001,URBAN,MOROGORO,MOROGORO URBAN,ON FOOT,10.0
0128-001-001,URBAN,MOROGORO,MOROGORO URBAN,ON FOOT,5.0
0129-001-001,URBAN,MOROGORO,MOROGORO URBAN,OTHER (SPECIFY),60.0
0129-001-001,URBAN,MOROGORO,MOROGORO URBAN,ON FOOT,20.0
0134-001-001,RURAL,MOROGORO,MVOMERO,ON FOOT,30.0
0134-006-001,URBAN,DAR ES SALAAM,TEMEKE,ON FOOT,30.0
0137-003-001,RURAL,MOROGORO,KILOMBERO,ON FOOT,15.0
0137-003-001,RURAL,MOROGORO,KILOMBERO,ON FOOT,10.0
0137-003-001,RURAL,MOROGORO,KILOMBERO,ON FOOT,1.0
0137-003-001,RURAL,MOROGORO,KILOMBERO,ON FOOT,1.0
0144-001-001,URBAN,PWANI,BAGAMOYO,ON FOOT,45.0
0144-001-001,URBAN,PWANI,BAGAMOYO,ON FOOT,45.0
0144-001-001,URBAN,PWANI,BAGAMOYO,BY BIKE,45.0
0145-002-001,RURAL,PWANI,BAGAMOYO,ON FOOT,10.0
0146-001-001,URBAN,PWANI,BAGAMOYO,BY BIKE,7.0
0146-001-001,URBAN,PWANI,BAGAMOYO,BY PUBLIC VEHICLE/MINIBUS,5.0
0146-001-001,URBAN,PWANI,BAGAMOYO,ON FOOT,2.0
0147-001-001,URBAN,PWANI,BAGAMOYO,ON FOOT,5.0
0149-001-002,URBAN,PWANI,BAGAMOYO,ON FOOT,5.0
0149-001-002,URBAN,PWANI,BAGAMOYO,ON FOOT,6.0
0149-001-002,URBAN,PWANI,BAGAMOYO,ON FOOT,5.0
0149-001-002,URBAN,PWANI,BAGAMOYO,BY PUBLIC VEHICLE/MINIBUS,10.0
0151-001-001,URBAN,PWANI,BAGAMOYO,ON FOOT,20.0
0153-001-001,URBAN,PWANI,BAGAMOYO,ON FOOT,15.0
0153-001-001,URBAN,PWANI,BAGAMOYO,ON FOOT,15.0
0153-001-001,URBAN,PWANI,BAGAMOYO,ON FOOT,15.0
0153-001-001,URBAN,PWANI,BAGAMOYO,ON FOOT,15.0
0154-001-001,RURAL,PWANI,BAGAMOYO,BY PUBLIC VEHICLE/MINIBUS,30.0
0154-001-001,RURAL,PWANI,BAGAMOYO,BY PUBLIC VEHICLE/MINIBUS,30.0
0155-001-001,URBAN,PWANI,BAGAMOYO,ON FOOT,45.0
0155-001-001,URBAN,PWANI,BAGAMOYO,ON FOOT,5.0
0157-001-001,URBAN,PWANI,BAGAMOYO,ON FOOT,20.0
0159-001-002,URBAN,RUVUMA,SONGEA URBAN,ON FOOT,5.0
0160-002-001,URBAN,PWANI,BAGAMOYO,ON FOOT,30.0
0160-002-001,URBAN,PWANI,BAGAMOYO,ON FOOT,30.0
0162-001-001,URBAN,PWANI,BAGAMOYO,ON FOOT,15.0
0166-001-001,URBAN,PWANI,BAGAMOYO,ON FOOT,5.0
0166-001-001,URBAN,PWANI,BAGAMOYO,ON FOOT,5.0
0168-002-001,URBAN,DAR ES SALAAM,KINONDONI,ON FOOT,45.0
0173-001-001,URBAN,DAR ES SALAAM,KINONDONI,BY PUBLIC VEHICLE/MINIBUS,60.0
0173-001-001,URBAN,DAR ES SALAAM,KINONDONI,BY PUBLIC VEHICLE/MINIBUS,30.0
0173-001-001,URBAN,DAR ES SALAAM,KINONDONI,ON FOOT,5.0
0175-003-001,URBAN,DAR ES SALAAM,KINONDONI,ON FOOT,15.0
0175-003-001,URBAN,DAR ES SALAAM,KINONDONI,ON FOOT,25.0
0175-008-003,URBAN,DAR ES SALAAM,KINONDONI,ON FOOT,30.0
0175-008-003,URBAN,DAR ES SALAAM,KINONDONI,ON FOOT,30.0
0175-008-003,URBAN,DAR ES SALAAM,KINONDONI,ON FOOT,60.0
0177-001-001,URBAN,DAR ES SALAAM,KINONDONI,BY PUBLIC VEHICLE/MINIBUS,45.0
0177-001-001,URBAN,DAR ES SALAAM,KINONDONI,BY PUBLIC VEHICLE/MINIBUS,15.0
0177-001-001,URBAN,DAR ES SALAAM,KINONDONI,ON FOOT,15.0
0181-001-001,RURAL,TANGA,TANGA URBAN,ON FOOT,5.0
0181-001-001,RURAL,TANGA,TANGA URBAN,ON FOOT,5.0
0183-002-001,URBAN,MOROGORO,KILOSA,ON FOOT,15.0
0183-002-001,URBAN,MOROGORO,KILOSA,ON FOOT,15.0
0184-001-001,URBAN,DAR ES SALAAM,KINONDONI,ON FOOT,20.0
0184-001-001,URBAN,DAR ES SALAAM,KINONDONI,ON FOOT,20.0
0185-001-002,URBAN,DAR ES SALAAM,KINONDONI,BY PRIVATE CAR/VEHICLE,30.0
0186-001-001,URBAN,DAR ES SALAAM,KINONDONI,ON FOOT,30.0
0187-001-001,URBAN,DAR ES SALAAM,KINONDONI,ON FOOT,10.0
0188-001-001,RURAL,DAR ES SALAAM,KINONDONI,ON FOOT,20.0
0189-001-001,URBAN,DAR ES SALAAM,KINONDONI,ON FOOT,30.0
0189-001-001,URBAN,DAR ES SALAAM,KINONDONI,ON FOOT,45.0
0191-001-001,URBAN,DAR ES SALAAM,KINONDONI,ON FOOT,30.0
0191-001-001,URBAN,DAR ES SALAAM,KINONDONI,BY PUBLIC VEHICLE/MINIBUS,30.0
0192-001-002,URBAN,DAR ES SALAAM,KINONDONI,ON FOOT,5.0
0193-001-001,URBAN,DAR ES SALAAM,KINONDONI,BY PUBLIC VEHICLE/MINIBUS,90.0
0194-001-001,URBAN,DAR ES SALAAM,KINONDONI,BY PUBLIC VEHICLE/MINIBUS,30.0
0194-001-001,URBAN,DAR ES SALAAM,KINONDONI,ON FOOT,60.0
0194-007-002,URBAN,DAR ES SALAAM,TEMEKE,ON FOOT,2.0
0195-001-001,URBAN,DAR ES SALAAM,KINONDONI,OTHER (SPECIFY),10.0
0195-006-001,URBAN,DAR ES SALAAM,ILALA,ON FOOT,5.0
0197-001-001,RURAL,DAR ES SALAAM,KINONDONI,ON FOOT,15.0
0198-001-001,URBAN,DAR ES SALAAM,ILALA,ON FOOT,25.0
0198-001-001,URBAN,DAR ES SALAAM,ILALA,ON FOOT,25.0
0198-001-001,URBAN,DAR ES SALAAM,ILALA,ON FOOT,25.0
0199-001-002,URBAN,DAR ES SALAAM,KINONDONI,ON FOOT,30.0
0199-001-002,URBAN,DAR ES SALAAM,KINONDONI,ON FOOT,30.0
0199-001-002,URBAN,DAR ES SALAAM,KINONDONI,ON FOOT,30.0
0199-001-002,URBAN,DAR ES SALAAM,KINONDONI,ON FOOT,30.0
0204-001-001,URBAN,DAR ES SALAAM,KINONDONI,BY PUBLIC VEHICLE/MINIBUS,120.0
0204-001-001,URBAN,DAR ES SALAAM,KINONDONI,ON FOOT,15.0
0204-001-001,URBAN,DAR ES SALAAM,KINONDONI,ON FOOT,5.0
0204-001-001,URBAN,DAR ES SALAAM,KINONDONI,ON FOOT,5.0
0205-001-001,URBAN,DAR ES SALAAM,KINONDONI,ON FOOT,15.0
0210-002-002,URBAN,LINDI,LINDI URBAN,ON FOOT,20.0
0211-001-001,URBAN,DAR ES SALAAM,KINONDONI,ON FOOT,15.0
0211-001-001,URBAN,DAR ES SALAAM,KINONDONI,ON FOOT,15.0
0211-001-001,URBAN,DAR ES SALAAM,KINONDONI,BY PUBLIC VEHICLE/MINIBUS,30.0
0212-001-001,URBAN,DAR ES SALAAM,KINONDONI,ON FOOT,20.0
0214-001-001,URBAN,KAGERA,BUKOBA URBAN,BY PRIVATE CAR/VEHICLE,45.0
0214-001-001,URBAN,KAGERA,BUKOBA URBAN,BY PRIVATE CAR/VEHICLE,45.0
0215-001-001,RURAL,DAR ES SALAAM,KINONDONI,ON FOOT,30.0
0216-001-001,URBAN,DAR ES SALAAM,KINONDONI,BY PUBLIC VEHICLE/MINIBUS,60.0
0216-001-001,URBAN,DAR ES SALAAM,KINONDONI,ON FOOT,10.0
0217-002-001,URBAN,MOROGORO,KILOSA,BY BIKE,15.0
0217-002-001,URBAN,MOROGORO,KILOSA,BY PUBLIC VEHICLE/MINIBUS,15.0
0218-001-003,URBAN,DAR ES SALAAM,KINONDONI,ON FOOT,25.0
0219-001-001,URBAN,MOROGORO,MOROGORO URBAN,BY PUBLIC VEHICLE/MINIBUS,30.0
0219-001-001,URBAN,MOROGORO,MOROGORO URBAN,BY PUBLIC VEHICLE/MINIBUS,30.0
0219-005-001,URBAN,MOROGORO,MOROGORO URBAN,ON FOOT,30.0
0220-001-001,URBAN,DAR ES SALAAM,KINONDONI,ON FOOT,15.0
0220-001-001,URBAN,DAR ES SALAAM,KINONDONI,ON FOOT,10.0
0220-001-001,URBAN,DAR ES SALAAM,KINONDONI,ON FOOT,10.0
0221-001-001,URBAN,DAR ES SALAAM,KINONDONI,ON FOOT,30.0
0226-001-001,URBAN,DAR ES SALAAM,KINONDONI,BY PUBLIC VEHICLE/MINIBUS,5.0
0228-001-005,URBAN,DAR ES SALAAM,KINONDONI,ON FOOT,30.0
0228-001-005,URBAN,DAR ES SALAAM,KINONDONI,ON FOOT,10.0
0230-001-001,URBAN,DAR ES SALAAM,KINONDONI,BY PUBLIC VEHICLE/MINIBUS,60.0
0231-001-001,URBAN,DAR ES SALAAM,KINONDONI,ON FOOT,15.0
0232-001-001,URBAN,DAR ES SALAAM,KINONDONI,BY PUBLIC VEHICLE/MINIBUS,120.0
0232-001-001,URBAN,DAR ES SALAAM,KINONDONI,ON FOOT,10.0
0239-001-001,URBAN,DAR ES SALAAM,ILALA,ON FOOT,30.0
0241-001-001,URBAN,DAR ES SALAAM,ILALA,ON FOOT,30.0
0241-001-001,URBAN,DAR ES SALAAM,ILALA,ON FOOT,30.0
0241-001-001,URBAN,DAR ES SALAAM,ILALA,ON FOOT,30.0
0244-001-001,URBAN,DAR ES SALAAM,ILALA,BY PUBLIC VEHICLE/MINIBUS,45.0
0247-001-001,URBAN,DAR ES SALAAM,KINONDONI,ON FOOT,5.0
0251-001-001,URBAN,DODOMA,DODOMA URBAN,ON FOOT,10.0
0251-001-001,URBAN,DODOMA,DODOMA URBAN,ON FOOT,3.0
0252-001-001,URBAN,DAR ES SALAAM,ILALA,BY PUBLIC VEHICLE/MINIBUS,30.0
0252-001-001,URBAN,DAR ES SALAAM,ILALA,ON FOOT,8.0
0252-001-001,URBAN,DAR ES SALAAM,ILALA,ON FOOT,10.0
0254-001-001,URBAN,DAR ES SALAAM,ILALA,BY PUBLIC VEHICLE/MINIBUS,1.0
0255-001-001,URBAN,DAR ES SALAAM,ILALA,ON FOOT,30.0
0255-001-001,URBAN,DAR ES SALAAM,ILALA,ON FOOT,30.0
0257-001-001,URBAN,DAR ES SALAAM,ILALA,ON FOOT,5.0
0257-001-001,URBAN,DAR ES SALAAM,ILALA,ON FOOT,5.0
0257-001-001,URBAN,DAR ES SALAAM,ILALA,ON FOOT,5.0
0259-004-001,URBAN,DAR ES SALAAM,TEMEKE,ON FOOT,60.0
0260-001-001,RURAL,PWANI,MKURANGA,ON FOOT,75.0
0260-001-001,RURAL,PWANI,MKURANGA,BY PUBLIC VEHICLE/MINIBUS,60.0
0261-001-001,URBAN,DAR ES SALAAM,TEMEKE,BY PUBLIC VEHICLE/MINIBUS,25.0
0261-001-001,URBAN,DAR ES SALAAM,TEMEKE,ON FOOT,60.0
0263-001-004,RURAL,PWANI,MKURANGA,ON FOOT,10.0
0265-001-001,URBAN,MOROGORO,MOROGORO URBAN,ON FOOT,5.0
0265-001-001,URBAN,MOROGORO,MOROGORO URBAN,ON FOOT,5.0
0269-001-001,RURAL,DAR ES SALAAM,TEMEKE,ON FOOT,5.0
0270-002-001,URBAN,DAR ES SALAAM,TEMEKE,BY PUBLIC VEHICLE/MINIBUS,45.0
0270-002-001,URBAN,DAR ES SALAAM,TEMEKE,BY PUBLIC VEHICLE/MINIBUS,30.0
0271-002-001,URBAN,DAR ES SALAAM,ILALA,ON FOOT,35.0
0272-001-001,URBAN,DAR ES SALAAM,TEMEKE,ON FOOT,30.0
0272-001-001,URBAN,DAR ES SALAAM,TEMEKE,BY PUBLIC VEHICLE/MINIBUS,45.0
0273-001-001,URBAN,DAR ES SALAAM,TEMEKE,BY PUBLIC VEHICLE/MINIBUS,30.0
0276-001-001,URBAN,DAR ES SALAAM,TEMEKE,ON FOOT,30.0
0277-008-001,URBAN,DAR ES SALAAM,TEMEKE,ON FOOT,30.0
0278-001-001,URBAN,DAR ES SALAAM,TEMEKE,ON FOOT,15.0
0279-002-001,URBAN,DAR ES SALAAM,TEMEKE,ON FOOT,60.0
0280-001-001,URBAN,DAR ES SALAAM,TEMEKE,ON FOOT,15.0
0280-001-001,URBAN,DAR ES SALAAM,TEMEKE,ON FOOT,15.0
0292-001-001,RURAL,LINDI,KILWA,ON FOOT,30.0
0292-001-001,RURAL,LINDI,KILWA,ON FOOT,25.0
0295-001-001,RURAL,LINDI,KILWA,ON FOOT,30.0
0295-001-001,RURAL,LINDI,KILWA,ON FOOT,20.0
0298-006-001,URBAN,DAR ES SALAAM,KINONDONI,BY PUBLIC VEHICLE/MINIBUS,30.0
0300-001-001,RURAL,LINDI,KILWA,ON FOOT,15.0
0300-001-001,RURAL,LINDI,KILWA,ON FOOT,15.0
0300-001-001,RURAL,LINDI,KILWA,ON FOOT,15.0
0300-001-001,RURAL,LINDI,KILWA,ON FOOT,15.0
0302-001-001,RURAL,LINDI,KILWA,ON FOOT,10.0
0302-001-001,RURAL,LINDI,KILWA,ON FOOT,15.0
0304-001-001,RURAL,LINDI,KILWA,ON FOOT,20.0
0304-001-001,RURAL,LINDI,KILWA,ON FOOT,10.0
0304-001-001,RURAL,LINDI,KILWA,ON FOOT,10.0
0306-001-001,RURAL,LINDI,NACHINGWEA,ON FOOT,7.0
0311-002-001,URBAN,MTWARA,NANYUMBU,ON FOOT,30.0
0312-001-001,RURAL,LINDI,NACHINGWEA,ON FOOT,10.0
0312-001-001,RURAL,LINDI,NACHINGWEA,ON FOOT,15.0
0312-002-001,RURAL,LINDI,NACHINGWEA,ON FOOT,20.0
0313-001-001,RURAL,MTWARA,MASASI RURAL,ON FOOT,10.0
0313-001-001,RURAL,MTWARA,MASASI RURAL,ON FOOT,10.0
0315-001-001,URBAN,LINDI,LINDI URBAN,ON FOOT,60.0
0316-001-001,URBAN,LINDI,LINDI URBAN,ON FOOT,60.0
0316-001-001,URBAN,LINDI,LINDI URBAN,ON FOOT,60.0
0317-002-001,URBAN,LINDI,LINDI URBAN,ON FOOT,60.0
0321-001-001,RURAL,LINDI,LINDI RURAL,ON FOOT,90.0
0322-001-001,RURAL,LINDI,LINDI RURAL,ON FOOT,15.0
0322-001-001,RURAL,LINDI,LINDI RURAL,ON FOOT,15.0
0322-006-001,URBAN,MTWARA,MTWARA MIKINDANI,BY PUBLIC VEHICLE/MINIBUS,40.0
0324-001-001,URBAN,LINDI,LINDI URBAN,ON FOOT,20.0
0325-002-001,RURAL,LINDI,LINDI RURAL,ON FOOT,30.0
0326-001-001,URBAN,LINDI,LINDI URBAN,ON FOOT,90.0
0328-001-001,URBAN,LINDI,LINDI URBAN,ON FOOT,45.0
0328-001-001,URBAN,LINDI,LINDI URBAN,ON FOOT,45.0
0329-001-001,URBAN,LINDI,LINDI URBAN,ON FOOT,70.0
0335-001-001,RURAL,MTWARA,NEWALA,ON FOOT,2.0
0335-001-001,RURAL,MTWARA,NEWALA,ON FOOT,2.0
0335-001-001,RURAL,MTWARA,NEWALA,ON FOOT,60.0
0337-001-001,URBAN,MTWARA,TANDAHIMBA,ON FOOT,5.0
0340-001-001,RURAL,MTWARA,NEWALA,ON FOOT,30.0
0343-005-001,URBAN,DAR ES SALAAM,ILALA,ON FOOT,40.0
0344-001-001,URBAN,DAR ES SALAAM,ILALA,BY PUBLIC VEHICLE/MINIBUS,30.0
0348-001-001,RURAL,MTWARA,MTWARA RURAL,ON FOOT,20.0
0352-001-001,RURAL,MTWARA,NEWALA,ON FOOT,25.0
0354-001-001,RURAL,MTWARA,NEWALA,OTHER (SPECIFY),7.0
0357-001-001,RURAL,MTWARA,NEWALA,ON FOOT,30.0
0358-001-001,RURAL,MTWARA,NEWALA,ON FOOT,5.0
0359-001-001,URBAN,MTWARA,NEWALA,ON FOOT,10.0
0360-001-001,URBAN,MTWARA,MASASI URBAN,ON FOOT,30.0
0360-001-001,URBAN,MTWARA,MASASI URBAN,ON FOOT,15.0
0361-001-001,RURAL,MTWARA,NEWALA,ON FOOT,7.0
0361-001-001,RURAL,MTWARA,NEWALA,ON FOOT,5.0
0363-001-001,URBAN,DAR ES SALAAM,TEMEKE,BY PUBLIC VEHICLE/MINIBUS,120.0
0363-001-001,URBAN,DAR ES SALAAM,TEMEKE,ON FOOT,15.0
0363-001-001,URBAN,DAR ES SALAAM,TEMEKE,ON FOOT,15.0
0364-001-001,RURAL,MTWARA,NEWALA,ON FOOT,15.0
0368-001-001,URBAN,MTWARA,MASASI RURAL,ON FOOT,10.0
0372-001-001,URBAN,DAR ES SALAAM,KINONDONI,BY PUBLIC VEHICLE/MINIBUS,60.0
0373-001-001,URBAN,MTWARA,MASASI RURAL,ON FOOT,15.0
0374-001-001,URBAN,MWANZA,ILEMELA,ON FOOT,10.0
0374-001-001,URBAN,MWANZA,ILEMELA,ON FOOT,10.0
0376-001-001,RURAL,MOROGORO,MVOMERO,ON FOOT,6.0
0377-001-001,URBAN,MTWARA,MASASI RURAL,ON FOOT,15.0
0378-003-001,RURAL,LINDI,NACHINGWEA,ON FOOT,20.0
0378-003-001,RURAL,LINDI,NACHINGWEA,ON FOOT,30.0
0379-001-001,URBAN,DAR ES SALAAM,ILALA,ON FOOT,5.0
0379-001-001,URBAN,DAR ES SALAAM,ILALA,ON FOOT,60.0
0382-001-001,URBAN,MTWARA,MASASI RURAL,ON FOOT,5.0
0382-001-001,URBAN,MTWARA,MASASI RURAL,ON FOOT,5.0
0382-001-001,URBAN,MTWARA,MASASI RURAL,ON FOOT,10.0
0385-001-001,URBAN,DODOMA,DODOMA URBAN,ON FOOT,30.0
0387-001-001,RURAL,MTWARA,MASASI RURAL,ON FOOT,20.0
0388-005-001,URBAN,MTWARA,MASASI URBAN,ON FOOT,4.0
0389-001-001,RURAL,MTWARA,MASASI RURAL,ON FOOT,10.0
0391-001-001,RURAL,MTWARA,MASASI RURAL,ON FOOT,15.0
0393-001-001,RURAL,MTWARA,MASASI RURAL,ON FOOT,45.0
0393-001-001,RURAL,MTWARA,MASASI RURAL,ON FOOT,45.0
0394-001-001,RURAL,MTWARA,MASASI RURAL,ON FOOT,15.0
0395-001-001,RURAL,RUVUMA,SONGEA RURAL,ON FOOT,30.0
0395-001-001,RURAL,RUVUMA,SONGEA RURAL,ON FOOT,30.0
0395-001-001,RURAL,RUVUMA,SONGEA RURAL,ON FOOT,30.0
0398-001-003,URBAN,RUVUMA,SONGEA URBAN,ON FOOT,15.0
0399-001-001,URBAN,RUVUMA,SONGEA RURAL,BY PUBLIC VEHICLE/MINIBUS,30.0
0399-001-001,URBAN,RUVUMA,SONGEA RURAL,ON FOOT,70.0
0399-001-001,URBAN,RUVUMA,SONGEA RURAL,ON FOOT,1.0
0400-001-001,URBAN,RUVUMA,SONGEA URBAN,ON FOOT,30.0
0400-001-001,URBAN,RUVUMA,SONGEA URBAN,ON FOOT,15.0
0401-001-001,RURAL,RUVUMA,SONGEA RURAL,ON FOOT,45.0
0401-001-001,RURAL,RUVUMA,SONGEA RURAL,ON FOOT,30.0
0405-001-001,RURAL,RUVUMA,SONGEA RURAL,ON FOOT,90.0
0407-001-001,RURAL,RUVUMA,SONGEA RURAL,ON FOOT,15.0
0408-001-001,RURAL,RUVUMA,SONGEA RURAL,ON FOOT,30.0
0408-001-001,RURAL,RUVUMA,SONGEA RURAL,ON FOOT,40.0
0408-001-001,RURAL,RUVUMA,SONGEA RURAL,ON FOOT,40.0
0409-001-001,RURAL,RUVUMA,SONGEA RURAL,ON FOOT,60.0
0409-001-001,RURAL,RUVUMA,SONGEA RURAL,ON FOOT,60.0
0411-001-001,RURAL,RUVUMA,MBINGA,ON FOOT,60.0
0411-001-001,RURAL,RUVUMA,MBINGA,ON FOOT,60.0
0411-001-001,RURAL,RUVUMA,MBINGA,ON FOOT,60.0
0414-001-001,RURAL,RUVUMA,SONGEA RURAL,ON FOOT,45.0
0416-001-001,RURAL,RUVUMA,SONGEA RURAL,ON FOOT,20.0
0418-001-001,RURAL,RUVUMA,SONGEA RURAL,ON FOOT,15.0
0418-001-001,RURAL,RUVUMA,SONGEA RURAL,ON FOOT,15.0
0419-001-001,RURAL,RUVUMA,MBINGA,ON FOOT,1.0
0419-001-001,RURAL,RUVUMA,MBINGA,ON FOOT,1.0
0419-001-001,RURAL,RUVUMA,MBINGA,ON FOOT,1.0
0420-001-001,RURAL,RUVUMA,MBINGA,ON FOOT,15.0
0421-001-001,RURAL,RUVUMA,SONGEA RURAL,ON FOOT,15.0
0421-001-001,RURAL,RUVUMA,SONGEA RURAL,ON FOOT,15.0
0421-001-001,RURAL,RUVUMA,SONGEA RURAL,ON FOOT,15.0
0422-001-001,URBAN,MBEYA,MBEYA URBAN,ON FOOT,60.0
0422-001-001,URBAN,MBEYA,MBEYA URBAN,ON FOOT,30.0
0422-106-001,RURAL,RUVUMA,NYASA,ON FOOT,60.0
0422-106-001,RURAL,RUVUMA,NYASA,ON FOOT,20.0
0422-106-001,RURAL,RUVUMA,NYASA,ON FOOT,20.0
0422-106-001,RURAL,RUVUMA,NYASA,ON FOOT,20.0
0424-001-001,RURAL,RUVUMA,MBINGA,ON FOOT,15.0
0426-001-001,RURAL,RUVUMA,MBINGA,ON FOOT,15.0
0426-001-001,RURAL,RUVUMA,MBINGA,ON FOOT,15.0
0426-001-001,RURAL,RUVUMA,MBINGA,ON FOOT,10.0
0426-001-001,RURAL,RUVUMA,MBINGA,ON FOOT,15.0
0427-001-001,RURAL,RUVUMA,MBINGA,ON FOOT,30.0
0427-001-001,RURAL,RUVUMA,MBINGA,ON FOOT,30.0
0427-001-001,RURAL,RUVUMA,MBINGA,ON FOOT,30.0
0428-001-001,URBAN,IRINGA,IRINGA URBAN,BY PUBLIC VEHICLE/MINIBUS,30.0
0428-001-001,URBAN,IRINGA,IRINGA URBAN,ON FOOT,25.0
0430-002-001,RURAL,RUVUMA,MBINGA,ON FOOT,15.0
0431-001-001,RURAL,RUVUMA,MBINGA,ON FOOT,60.0
0431-001-001,RURAL,RUVUMA,MBINGA,ON FOOT,60.0
0432-001-001,RURAL,RUVUMA,MBINGA,ON FOOT,15.0
0432-001-001,RURAL,RUVUMA,MBINGA,ON FOOT,15.0
0436-001-001,RURAL,RUVUMA,MBINGA,ON FOOT,1.0
0436-002-001,RURAL,RUVUMA,MBINGA,ON FOOT,15.0
0436-002-001,RURAL,RUVUMA,MBINGA,ON FOOT,15.0
0438-001-002,RURAL,IRINGA,MUFINDI,ON FOOT,5.0
0438-001-002,RURAL,IRINGA,MUFINDI,ON FOOT,5.0
0438-002-001,RURAL,IRINGA,MUFINDI,ON FOOT,30.0
0440-002-001,RURAL,IRINGA,MUFINDI,ON FOOT,30.0
0441-001-001,RURAL,IRINGA,MUFINDI,ON FOOT,20.0
0441-001-001,RURAL,IRINGA,MUFINDI,ON FOOT,15.0
0443-004-001,RURAL,IRINGA,MUFINDI,ON FOOT,20.0
0444-001-001,RURAL,IRINGA,MUFINDI,ON FOOT,30.0
0444-001-001,RURAL,IRINGA,MUFINDI,ON FOOT,30.0
0444-002-001,RURAL,IRINGA,MUFINDI,ON FOOT,20.0
0445-001-002,RURAL,IRINGA,MUFINDI,ON FOOT,60.0
0448-004-001,URBAN,IRINGA,MUFINDI,ON FOOT,5.0
0448-007-001,URBAN,IRINGA,IRINGA URBAN,ON FOOT,8.0
0449-001-001,URBAN,IRINGA,IRINGA URBAN,ON FOOT,15.0
0452-001-001,URBAN,IRINGA,IRINGA URBAN,ON FOOT,10.0
0452-001-001,URBAN,IRINGA,IRINGA URBAN,ON FOOT,5.0
0454-002-002,URBAN,IRINGA,IRINGA URBAN,BY PUBLIC VEHICLE/MINIBUS,20.0
0454-002-002,URBAN,IRINGA,IRINGA URBAN,ON FOOT,30.0
0455-001-001,URBAN,IRINGA,IRINGA URBAN,BY PUBLIC VEHICLE/MINIBUS,10.0
0455-001-001,URBAN,IRINGA,IRINGA URBAN,ON FOOT,5.0
0457-001-001,URBAN,IRINGA,IRINGA URBAN,BY PRIVATE CAR/VEHICLE,15.0
0457-001-001,URBAN,IRINGA,IRINGA URBAN,BY PUBLIC VEHICLE/MINIBUS,20.0
0457-001-001,URBAN,IRINGA,IRINGA URBAN,BY PUBLIC VEHICLE/MINIBUS,20.0
0460-001-001,URBAN,DAR ES SALAAM,ILALA,ON FOOT,10.0
0460-001-001,URBAN,DAR ES SALAAM,ILALA,ON FOOT,5.0
0461-001-001,URBAN,IRINGA,IRINGA URBAN,ON FOOT,3.0
0463-001-001,URBAN,IRINGA,IRINGA URBAN,BY PRIVATE CAR/VEHICLE,15.0
0463-001-001,URBAN,IRINGA,IRINGA URBAN,BY PRIVATE CAR/VEHICLE,15.0
0463-001-001,URBAN,IRINGA,IRINGA URBAN,ON FOOT,30.0
0465-001-001,RURAL,DODOMA,MPWAPWA,ON FOOT,40.0
0466-001-001,URBAN,IRINGA,IRINGA URBAN,ON FOOT,120.0
0466-001-001,URBAN,IRINGA,IRINGA URBAN,ON FOOT,1.0
0466-001-001,URBAN,IRINGA,IRINGA URBAN,ON FOOT,60.0
0466-001-001,URBAN,IRINGA,IRINGA URBAN,ON FOOT,60.0
0468-001-001,URBAN,IRINGA,IRINGA URBAN,ON FOOT,15.0
0469-001-001,URBAN,MOROGORO,MOROGORO URBAN,ON FOOT,25.0
0469-001-001,URBAN,MOROGORO,MOROGORO URBAN,OTHER (SPECIFY),60.0
0469-001-001,URBAN,MOROGORO,MOROGORO URBAN,OTHER (SPECIFY),60.0
0470-001-001,URBAN,IRINGA,IRINGA URBAN,ON FOOT,20.0
0470-001-001,URBAN,IRINGA,IRINGA URBAN,ON FOOT,10.0
0470-001-001,URBAN,IRINGA,IRINGA URBAN,ON FOOT,15.0
0472-001-001,RURAL,MBEYA,MBEYA RURAL,ON FOOT,13.0
0474-001-001,RURAL,MBEYA,MBEYA RURAL,ON FOOT,15.0
0474-001-001,RURAL,MBEYA,MBEYA RURAL,ON FOOT,15.0
0474-001-001,RURAL,MBEYA,MBEYA RURAL,ON FOOT,15.0
0477-001-001,RURAL,MBEYA,MBEYA RURAL,ON FOOT,10.0
0477-001-001,RURAL,MBEYA,MBEYA RURAL,ON FOOT,15.0
0477-001-001,RURAL,MBEYA,MBEYA RURAL,ON FOOT,15.0
0478-001-001,RURAL,MBEYA,MBEYA RURAL,ON FOOT,10.0
0478-001-001,RURAL,MBEYA,MBEYA RURAL,ON FOOT,10.0
0478-001-001,RURAL,MBEYA,MBEYA RURAL,ON FOOT,10.0
0481-001-001,RURAL,MBEYA,MBEYA RURAL,ON FOOT,60.0
0483-001-001,RURAL,MBEYA,MBEYA RURAL,ON FOOT,10.0
0483-001-001,RURAL,MBEYA,MBEYA RURAL,ON FOOT,10.0
0483-001-001,RURAL,MBEYA,MBEYA RURAL,ON FOOT,10.0
0484-001-001,RURAL,MBEYA,MBEYA RURAL,ON FOOT,30.0
0485-001-002,RURAL,MBEYA,MBEYA RURAL,ON FOOT,10.0
0487-001-001,RURAL,MBEYA,MBEYA RURAL,ON FOOT,10.0
0488-002-001,RURAL,MBEYA,MBEYA RURAL,ON FOOT,30.0
0488-002-001,RURAL,MBEYA,MBEYA RURAL,ON FOOT,30.0
0488-002-001,RURAL,MBEYA,MBEYA RURAL,ON FOOT,30.0
0489-001-001,RURAL,MBEYA,MBEYA RURAL,ON FOOT,5.0
0489-001-001,RURAL,MBEYA,MBEYA RURAL,ON FOOT,5.0
0489-001-001,RURAL,MBEYA,MBEYA RURAL,ON FOOT,5.0
0489-001-001,RURAL,MBEYA,MBEYA RURAL,ON FOOT,5.0
0491-001-001,RURAL,MBEYA,MBEYA RURAL,ON FOOT,15.0
0491-002-001,RURAL,MBEYA,MBEYA RURAL,ON FOOT,30.0
0491-004-001,RURAL,MBEYA,MBEYA RURAL,ON FOOT,10.0
0492-001-001,RURAL,MBEYA,MBEYA RURAL,ON FOOT,90.0
0492-001-001,RURAL,MBEYA,MBEYA RURAL,ON FOOT,60.0
0492-001-001,RURAL,MBEYA,MBEYA RURAL,ON FOOT,30.0
0493-001-001,URBAN,SINGIDA,IRAMBA,ON FOOT,45.0
0494-001-001,URBAN,SINGIDA,IRAMBA,ON FOOT,10.0
0495-001-001,URBAN,SINGIDA,IRAMBA,ON FOOT,25.0
0497-001-001,URBAN,SINGIDA,IRAMBA,ON FOOT,10.0
0498-001-001,URBAN,SINGIDA,IRAMBA,ON FOOT,15.0
0498-001-001,URBAN,SINGIDA,IRAMBA,ON FOOT,15.0
0498-004-001,URBAN,SINGIDA,IRAMBA,ON FOOT,10.0
0499-001-001,RURAL,GEITA,GEITA,ON FOOT,30.0
0499-001-001,RURAL,GEITA,GEITA,ON FOOT,30.0
0501-001-001,RURAL,SINGIDA,IRAMBA,ON FOOT,15.0
0501-001-001,RURAL,SINGIDA,IRAMBA,ON FOOT,20.0
0502-001-002,RURAL,SINGIDA,IRAMBA,ON FOOT,20.0
0502-001-002,RURAL,SINGIDA,IRAMBA,ON FOOT,20.0
0502-004-001,URBAN,SINGIDA,IRAMBA,ON FOOT,20.0
0502-004-001,URBAN,SINGIDA,IRAMBA,ON FOOT,20.0
0504-008-001,RURAL,TABORA,IGUNGA,ON FOOT,5.0
0504-008-001,RURAL,TABORA,IGUNGA,ON FOOT,5.0
0505-001-001,URBAN,SINGIDA,IRAMBA,ON FOOT,5.0
0506-001-001,RURAL,SINGIDA,IRAMBA,ON FOOT,120.0
0506-003-001,RURAL,SINGIDA,IRAMBA,ON FOOT,45.0
0510-001-001,RURAL,SINGIDA,IRAMBA,ON FOOT,15.0
0510-001-001,RURAL,SINGIDA,IRAMBA,ON FOOT,15.0
0513-001-001,RURAL,SINGIDA,IRAMBA,ON FOOT,60.0
0513-001-001,RURAL,SINGIDA,IRAMBA,ON FOOT,60.0
0514-001-001,RURAL,SINGIDA,IRAMBA,ON FOOT,15.0
0514-001-001,RURAL,SINGIDA,IRAMBA,ON FOOT,15.0
0517-001-001,URBAN,TANGA,KOROGWE RURAL,ON FOOT,10.0
0518-001-001,RURAL,SINGIDA,IRAMBA,ON FOOT,30.0
0521-001-001,RURAL,TABORA,UYUI,ON FOOT,10.0
0521-001-001,RURAL,TABORA,UYUI,ON FOOT,10.0
0521-001-001,RURAL,TABORA,UYUI,ON FOOT,10.0
0522-001-001,RURAL,TABORA,UYUI,ON FOOT,15.0
0525-001-001,RURAL,TABORA,UYUI,ON FOOT,30.0
0525-001-001,RURAL,TABORA,UYUI,ON FOOT,30.0
0525-004-001,RURAL,TABORA,UYUI,ON FOOT,30.0
0525-004-001,RURAL,TABORA,UYUI,ON FOOT,30.0
0525-005-001,RURAL,TABORA,UYUI,ON FOOT,10.0
0529-001-001,RURAL,TABORA,UYUI,ON FOOT,3.0
0529-001-001,RURAL,TABORA,UYUI,ON FOOT,3.0
0529-001-001,RURAL,TABORA,UYUI,ON FOOT,3.0
0529-001-001,RURAL,TABORA,UYUI,ON FOOT,3.0
0529-001-001,RURAL,TABORA,UYUI,ON FOOT,3.0
0529-001-001,RURAL,TABORA,UYUI,ON FOOT,3.0
0529-001-001,RURAL,TABORA,UYUI,ON FOOT,3.0
0529-001-001,RURAL,TABORA,UYUI,ON FOOT,3.0
0529-001-001,RURAL,TABORA,UYUI,ON FOOT,3.0
0529-001-001,RURAL,TABORA,UYUI,ON FOOT,3.0
0529-001-001,RURAL,TABORA,UYUI,ON FOOT,3.0
0529-001-001,RURAL,TABORA,UYUI,ON FOOT,3.0
0529-001-001,RURAL,TABORA,UYUI,ON FOOT,3.0
0530-001-001,RURAL,SHINYANGA,KAHAMA RURAL,ON FOOT,5.0
0530-001-001,RURAL,SHINYANGA,KAHAMA RURAL,ON FOOT,5.0
0530-001-001,RURAL,SHINYANGA,KAHAMA RURAL,ON FOOT,5.0
0531-001-001,RURAL,TABORA,UYUI,ON FOOT,30.0
0532-001-001,URBAN,SHINYANGA,KAHAMA TOWN,ON FOOT,30.0
0532-001-001,URBAN,SHINYANGA,KAHAMA TOWN,ON FOOT,5.0
0532-001-001,URBAN,SHINYANGA,KAHAMA TOWN,ON FOOT,5.0
0532-001-001,URBAN,SHINYANGA,KAHAMA TOWN,ON FOOT,5.0
0534-001-001,RURAL,TABORA,UYUI,ON FOOT,15.0
0534-001-001,RURAL,TABORA,UYUI,ON FOOT,15.0
0534-001-001,RURAL,TABORA,UYUI,ON FOOT,15.0
0539-001-001,RURAL,MBEYA,CHUNYA,ON FOOT,40.0
0539-001-001,RURAL,MBEYA,CHUNYA,ON FOOT,40.0
0541-001-001,URBAN,DAR ES SALAAM,KINONDONI,BY PUBLIC VEHICLE/MINIBUS,30.0
0543-001-001,RURAL,SIMIYU,ITILIMA,ON FOOT,30.0
0548-001-001,URBAN,TABORA,TABORA URBAN,BY BIKE,30.0
0548-001-001,URBAN,TABORA,TABORA URBAN,BY PUBLIC VEHICLE/MINIBUS,20.0
0548-001-001,URBAN,TABORA,TABORA URBAN,ON FOOT,15.0
0549-001-001,URBAN,TABORA,TABORA URBAN,ON FOOT,8.0
0552-001-001,URBAN,DAR ES SALAAM,TEMEKE,ON FOOT,15.0
0554-001-001,URBAN,TABORA,TABORA URBAN,ON FOOT,30.0
0554-001-001,URBAN,TABORA,TABORA URBAN,ON FOOT,10.0
0554-001-001,URBAN,TABORA,TABORA URBAN,ON FOOT,10.0
0557-001-001,URBAN,TABORA,TABORA URBAN,ON FOOT,10.0
0559-001-001,URBAN,MWANZA,ILEMELA,ON FOOT,15.0
0559-001-001,URBAN,MWANZA,ILEMELA,ON FOOT,10.0
0565-001-001,RURAL,RUKWA,NKASI,ON FOOT,40.0
0565-001-001,RURAL,RUKWA,NKASI,ON FOOT,40.0
0565-001-001,RURAL,RUKWA,NKASI,ON FOOT,40.0
0566-001-001,RURAL,RUKWA,NKASI,ON FOOT,6.0
0566-001-001,RURAL,RUKWA,NKASI,ON FOOT,6.0
0567-001-001,URBAN,RUKWA,NKASI,ON FOOT,5.0
0567-001-001,URBAN,RUKWA,NKASI,ON FOOT,5.0
0568-001-001,URBAN,RUKWA,NKASI,ON FOOT,10.0
0568-001-001,URBAN,RUKWA,NKASI,ON FOOT,10.0
0568-001-001,URBAN,RUKWA,NKASI,ON FOOT,10.0
0568-001-001,URBAN,RUKWA,NKASI,ON FOOT,10.0
0569-001-001,RURAL,RUKWA,NKASI,ON FOOT,10.0
0569-001-001,RURAL,RUKWA,NKASI,ON FOOT,10.0
0569-001-001,RURAL,RUKWA,NKASI,ON FOOT,5.0
0569-001-001,RURAL,RUKWA,NKASI,ON FOOT,5.0
0569-001-001,RURAL,RUKWA,NKASI,ON FOOT,5.0
0570-001-001,URBAN,RUKWA,NKASI,ON FOOT,15.0
0570-001-001,URBAN,RUKWA,NKASI,ON FOOT,15.0
0571-001-001,URBAN,RUKWA,NKASI,ON FOOT,15.0
0571-001-001,URBAN,RUKWA,NKASI,ON FOOT,15.0
0571-001-001,URBAN,RUKWA,NKASI,ON FOOT,15.0
0572-001-003,URBAN,RUKWA,NKASI,ON FOOT,10.0
0573-001-003,URBAN,RUKWA,NKASI,ON FOOT,40.0
0573-003-001,URBAN,RUKWA,NKASI,ON FOOT,120.0
0573-003-001,URBAN,RUKWA,NKASI,ON FOOT,120.0
0573-003-001,URBAN,RUKWA,NKASI,ON FOOT,120.0
0578-001-001,URBAN,MBEYA,MOMBA,ON FOOT,10.0
0580-001-001,URBAN,MBEYA,BUSOKELO,ON FOOT,15.0
0581-001-001,URBAN,RUKWA,SUMBAWANGA URBAN,BY PUBLIC VEHICLE/MINIBUS,10.0
0582-001-001,URBAN,RUKWA,SUMBAWANGA URBAN,ON FOOT,10.0
0582-001-001,URBAN,RUKWA,SUMBAWANGA URBAN,ON FOOT,40.0
0583-001-001,URBAN,RUKWA,NKASI,ON FOOT,13.0
0583-001-001,URBAN,RUKWA,NKASI,ON FOOT,30.0
0584-001-001,RURAL,RUKWA,NKASI,BY BIKE,10.0
0584-001-001,RURAL,RUKWA,NKASI,ON FOOT,10.0
0584-001-001,RURAL,RUKWA,NKASI,ON FOOT,10.0
0584-001-001,RURAL,RUKWA,NKASI,ON FOOT,10.0
0584-001-001,RURAL,RUKWA,NKASI,ON FOOT,5.0
0585-001-001,URBAN,RUKWA,NKASI,ON FOOT,10.0
0588-001-001,URBAN,RUKWA,NKASI,ON FOOT,60.0
0588-001-001,URBAN,RUKWA,NKASI,ON FOOT,15.0
0591-001-001,RURAL,RUKWA,NKASI,ON FOOT,30.0
0591-001-001,RURAL,RUKWA,NKASI,ON FOOT,30.0
0591-001-001,RURAL,RUKWA,NKASI,ON FOOT,30.0
0591-001-001,RURAL,RUKWA,NKASI,ON FOOT,30.0
0592-001-001,RURAL,RUKWA,NKASI,ON FOOT,12.0
0592-001-001,RURAL,RUKWA,NKASI,ON FOOT,14.0
0593-001-001,RURAL,KIGOMA,KASULU RURAL,ON FOOT,20.0
0593-002-001,URBAN,KIGOMA,KASULU RURAL,ON FOOT,30.0
0593-002-001,URBAN,KIGOMA,KASULU RURAL,ON FOOT,30.0
0593-002-001,URBAN,KIGOMA,KASULU RURAL,ON FOOT,30.0
0595-001-001,RURAL,KIGOMA,KASULU RURAL,ON FOOT,15.0
0596-001-001,URBAN,KIGOMA,KASULU RURAL,ON FOOT,60.0
0596-001-001,URBAN,KIGOMA,KASULU RURAL,ON FOOT,5.0
0596-003-001,URBAN,KIGOMA,KASULU RURAL,ON FOOT,15.0
0597-001-001,URBAN,KIGOMA,KASULU RURAL,ON FOOT,30.0
0597-001-001,URBAN,KIGOMA,KASULU RURAL,ON FOOT,30.0
0598-001-001,URBAN,KIGOMA,KASULU RURAL,ON FOOT,30.0
0598-001-001,URBAN,KIGOMA,KASULU RURAL,ON FOOT,30.0
0599-001-001,URBAN,KIGOMA,KASULU RURAL,ON FOOT,15.0
0599-001-001,URBAN,KIGOMA,KASULU RURAL,ON FOOT,15.0
0600-001-001,URBAN,KIGOMA,KASULU RURAL,ON FOOT,5.0
0600-001-001,URBAN,KIGOMA,KASULU RURAL,ON FOOT,5.0
0601-001-001,RURAL,KIGOMA,KASULU RURAL,ON FOOT,10.0
0607-001-001,RURAL,SIMIYU,MASWA,ON FOOT,30.0
0607-001-001,RURAL,SIMIYU,MASWA,ON FOOT,120.0
0607-001-001,RURAL,SIMIYU,MASWA,ON FOOT,120.0
0607-001-001,RURAL,SIMIYU,MASWA,ON FOOT,120.0
0607-007-001,RURAL,SIMIYU,MASWA,ON FOOT,15.0
0607-007-001,RURAL,SIMIYU,MASWA,ON FOOT,15.0
0608-001-001,RURAL,SIMIYU,MASWA,BY BIKE,10.0
0608-001-001,RURAL,SIMIYU,MASWA,ON FOOT,5.0
0608-001-001,RURAL,SIMIYU,MASWA,ON FOOT,5.0
0608-001-001,RURAL,SIMIYU,MASWA,ON FOOT,5.0
0610-001-001,RURAL,SIMIYU,MASWA,ON FOOT,30.0
0610-003-001,RURAL,SIMIYU,MASWA,ON FOOT,40.0
0610-003-001,RURAL,SIMIYU,MASWA,ON FOOT,40.0
0610-103-007,RURAL,SIMIYU,MASWA,ON FOOT,50.0
0610-103-007,RURAL,SIMIYU,MASWA,ON FOOT,25.0
0610-103-007,RURAL,SIMIYU,MASWA,ON FOOT,25.0
0611-001-001,RURAL,SIMIYU,MASWA,ON FOOT,15.0
0611-001-001,RURAL,SIMIYU,MASWA,ON FOOT,15.0
0611-001-001,RURAL,SIMIYU,MASWA,ON FOOT,20.0
0611-001-001,RURAL,SIMIYU,MASWA,ON FOOT,20.0
0611-001-001,RURAL,SIMIYU,MASWA,ON FOOT,20.0
0613-001-001,RURAL,SIMIYU,MASWA,ON FOOT,30.0
0613-001-001,RURAL,SIMIYU,MASWA,ON FOOT,30.0
0614-001-001,RURAL,SIMIYU,MASWA,ON FOOT,60.0
0614-005-001,RURAL,SIMIYU,MASWA,ON FOOT,60.0
0614-005-001,RURAL,SIMIYU,MASWA,ON FOOT,60.0
0614-005-001,RURAL,SIMIYU,MASWA,ON FOOT,60.0
0615-001-001,RURAL,SIMIYU,MASWA,ON FOOT,25.0
0616-001-001,RURAL,SIMIYU,MASWA,ON FOOT,30.0
0616-001-001,RURAL,SIMIYU,MASWA,ON FOOT,5.0
0616-001-001,RURAL,SIMIYU,MASWA,ON FOOT,30.0
0616-001-001,RURAL,SIMIYU,MASWA,ON FOOT,30.0
0617-001-001,RURAL,SIMIYU,MASWA,ON FOOT,10.0
0617-001-001,RURAL,SIMIYU,MASWA,ON FOOT,15.0
0617-001-001,RURAL,SIMIYU,MASWA,ON FOOT,15.0
0617-001-001,RURAL,SIMIYU,MASWA,ON FOOT,15.0
0617-001-001,RURAL,SIMIYU,MASWA,ON FOOT,15.0
0618-001-001,RURAL,SIMIYU,MASWA,ON FOOT,60.0
0618-001-001,RURAL,SIMIYU,MASWA,ON FOOT,60.0
0618-001-001,RURAL,SIMIYU,MASWA,ON FOOT,60.0
0618-001-001,RURAL,SIMIYU,MASWA,ON FOOT,60.0
0618-001-001,RURAL,SIMIYU,MASWA,ON FOOT,60.0
0618-001-001,RURAL,SIMIYU,MASWA,ON FOOT,60.0
0618-001-001,RURAL,SIMIYU,MASWA,ON FOOT,60.0
0618-001-001,RURAL,SIMIYU,MASWA,ON FOOT,60.0
0618-001-001,RURAL,SIMIYU,MASWA,ON FOOT,60.0
0618-006-001,RURAL,SIMIYU,MASWA,ON FOOT,60.0
0618-006-001,RURAL,SIMIYU,MASWA,ON FOOT,60.0
0618-006-001,RURAL,SIMIYU,MASWA,ON FOOT,60.0
0619-001-001,RURAL,SIMIYU,MASWA,ON FOOT,30.0
0619-001-001,RURAL,SIMIYU,MASWA,ON FOOT,30.0
0619-001-001,RURAL,SIMIYU,MASWA,ON FOOT,30.0
0619-001-001,RURAL,SIMIYU,MASWA,ON FOOT,30.0
0619-001-001,RURAL,SIMIYU,MASWA,ON FOOT,30.0
0619-106-001,RURAL,SIMIYU,MASWA,ON FOOT,30.0
0619-106-001,RURAL,SIMIYU,MASWA,ON FOOT,30.0
0621-001-001,RURAL,SHINYANGA,KAHAMA RURAL,ON FOOT,50.0
0621-001-001,RURAL,SHINYANGA,KAHAMA RURAL,ON FOOT,50.0
0621-001-001,RURAL,SHINYANGA,KAHAMA RURAL,ON FOOT,50.0
0621-003-001,RURAL,GEITA,MBOGWE,ON FOOT,5.0
0622-001-001,RURAL,SHINYANGA,KAHAMA RURAL,ON FOOT,10.0
0623-001-001,RURAL,TABORA,KALIUA,ON FOOT,15.0
0623-001-001,RURAL,TABORA,KALIUA,ON FOOT,15.0
0623-001-001,RURAL,TABORA,KALIUA,ON FOOT,15.0
0623-001-001,RURAL,TABORA,KALIUA,ON FOOT,15.0
0623-001-001,RURAL,TABORA,KALIUA,ON FOOT,15.0
0624-001-001,RURAL,SHINYANGA,KAHAMA RURAL,ON FOOT,30.0
0628-001-001,RURAL,SHINYANGA,KAHAMA RURAL,ON FOOT,30.0
0628-001-001,RURAL,SHINYANGA,KAHAMA RURAL,ON FOOT,15.0
0628-005-001,RURAL,SHINYANGA,KAHAMA RURAL,ON FOOT,20.0
0630-001-001,RURAL,SHINYANGA,KAHAMA RURAL,ON FOOT,20.0
0631-001-001,RURAL,SHINYANGA,KAHAMA RURAL,ON FOOT,20.0
0631-001-001,RURAL,SHINYANGA,KAHAMA RURAL,ON FOOT,20.0
0631-008-001,RURAL,GEITA,MBOGWE,ON FOOT,30.0
0631-008-001,RURAL,GEITA,MBOGWE,ON FOOT,30.0
0632-001-001,RURAL,GEITA,MBOGWE,ON FOOT,15.0
0632-001-001,RURAL,GEITA,MBOGWE,ON FOOT,15.0
0632-001-001,RURAL,GEITA,MBOGWE,ON FOOT,15.0
0632-003-001,RURAL,GEITA,MBOGWE,ON FOOT,60.0
0633-001-002,RURAL,MWANZA,MISUNGWI,ON FOOT,5.0
0633-011-002,RURAL,MWANZA,KWIMBA,ON FOOT,15.0
0634-001-001,RURAL,SHINYANGA,KAHAMA RURAL,ON FOOT,10.0
0634-001-001,RURAL,SHINYANGA,KAHAMA RURAL,ON FOOT,10.0
0637-001-001,RURAL,SHINYANGA,KAHAMA RURAL,ON FOOT,20.0
0637-001-001,RURAL,SHINYANGA,KAHAMA RURAL,ON FOOT,20.0
0637-001-001,RURAL,SHINYANGA,KAHAMA RURAL,ON FOOT,20.0
0637-001-001,RURAL,SHINYANGA,KAHAMA RURAL,ON FOOT,20.0
0639-007-001,RURAL,SHINYANGA,KAHAMA RURAL,BY BIKE,60.0
0640-001-001,RURAL,SHINYANGA,KAHAMA RURAL,ON FOOT,45.0
0641-001-001,RURAL,SHINYANGA,KAHAMA RURAL,ON FOOT,20.0
0641-001-001,RURAL,SHINYANGA,KAHAMA RURAL,ON FOOT,20.0
0641-001-001,RURAL,SHINYANGA,KAHAMA RURAL,ON FOOT,20.0
0642-001-001,RURAL,KAGERA,KARAGWE,ON FOOT,5.0
0643-001-001,RURAL,KAGERA,KARAGWE,ON FOOT,60.0
0644-001-001,RURAL,KAGERA,KARAGWE,ON FOOT,15.0
0645-001-001,RURAL,KAGERA,KARAGWE,OTHER (SPECIFY),10.0
0647-001-001,RURAL,KAGERA,KARAGWE,ON FOOT,15.0
0647-001-001,RURAL,KAGERA,KARAGWE,ON FOOT,15.0
0647-001-001,RURAL,KAGERA,KARAGWE,ON FOOT,15.0
0648-001-001,RURAL,KAGERA,KARAGWE,ON FOOT,30.0
0648-001-001,RURAL,KAGERA,KARAGWE,ON FOOT,30.0
0649-001-001,RURAL,KAGERA,KARAGWE,ON FOOT,45.0
0652-001-001,RURAL,KAGERA,KARAGWE,ON FOOT,75.0
0653-001-001,RURAL,KAGERA,KARAGWE,ON FOOT,45.0
0653-001-001,RURAL,KAGERA,KARAGWE,ON FOOT,30.0
0653-001-001,RURAL,KAGERA,KARAGWE,ON FOOT,30.0
0655-001-001,RURAL,KAGERA,KARAGWE,ON FOOT,120.0
0655-001-001,RURAL,KAGERA,KARAGWE,ON FOOT,120.0
0655-001-001,RURAL,KAGERA,KARAGWE,ON FOOT,120.0
0657-001-001,RURAL,KAGERA,MULEBA,ON FOOT,60.0
0657-001-001,RURAL,KAGERA,MULEBA,ON FOOT,60.0
0658-001-001,RURAL,KAGERA,MULEBA,ON FOOT,25.0
0661-002-001,RURAL,KAGERA,MULEBA,ON FOOT,6.0
0662-001-001,RURAL,KAGERA,MULEBA,ON FOOT,50.0
0664-001-001,RURAL,KAGERA,MULEBA,ON FOOT,15.0
0664-001-001,RURAL,KAGERA,MULEBA,ON FOOT,20.0
0667-001-001,URBAN,KAGERA,BUKOBA URBAN,BY BIKE,15.0
0667-001-001,URBAN,KAGERA,BUKOBA URBAN,ON FOOT,15.0
0668-001-001,URBAN,KAGERA,BUKOBA URBAN,ON FOOT,60.0
0668-001-001,URBAN,KAGERA,BUKOBA URBAN,ON FOOT,10.0
0674-001-001,URBAN,KAGERA,BUKOBA URBAN,ON FOOT,60.0
0674-001-001,URBAN,KAGERA,BUKOBA URBAN,ON FOOT,30.0
0674-001-001,URBAN,KAGERA,BUKOBA URBAN,ON FOOT,10.0
0674-001-001,URBAN,KAGERA,BUKOBA URBAN,ON FOOT,10.0
0677-001-001,URBAN,KAGERA,BUKOBA URBAN,BY PRIVATE CAR/VEHICLE,15.0
0678-001-001,URBAN,MARA,TARIME,ON FOOT,10.0
0681-001-002,RURAL,KAGERA,BUKOBA RURAL,ON FOOT,45.0
0683-001-001,URBAN,KAGERA,BUKOBA URBAN,ON FOOT,15.0
0683-001-001,URBAN,KAGERA,BUKOBA URBAN,ON FOOT,30.0
0683-001-001,URBAN,KAGERA,BUKOBA URBAN,ON FOOT,30.0
0685-001-001,RURAL,KAGERA,BUKOBA URBAN,ON FOOT,30.0
0685-001-001,RURAL,KAGERA,BUKOBA URBAN,ON FOOT,30.0
0687-001-001,URBAN,MWANZA,MWANZA URBAN,ON FOOT,10.0
0688-001-001,RURAL,KAGERA,BUKOBA URBAN,ON FOOT,60.0
0689-001-001,URBAN,KAGERA,BUKOBA URBAN,BY BIKE,30.0
0689-001-001,URBAN,KAGERA,BUKOBA URBAN,ON FOOT,15.0
0689-001-001,URBAN,KAGERA,BUKOBA URBAN,ON FOOT,15.0
0690-001-001,URBAN,KAGERA,BUKOBA URBAN,ON FOOT,5.0
0694-001-001,URBAN,KAGERA,BUKOBA URBAN,ON FOOT,90.0
0695-004-001,RURAL,KAGERA,MISSENYI,ON FOOT,30.0
0695-004-001,RURAL,KAGERA,MISSENYI,ON FOOT,10.0
0695-004-001,RURAL,KAGERA,MISSENYI,ON FOOT,15.0
0695-004-001,RURAL,KAGERA,MISSENYI,ON FOOT,10.0
0695-004-001,RURAL,KAGERA,MISSENYI,ON FOOT,10.0
0696-004-001,URBAN,KAGERA,BUKOBA URBAN,ON FOOT,15.0
0698-001-001,URBAN,KAGERA,BUKOBA URBAN,ON FOOT,5.0
0698-001-001,URBAN,KAGERA,BUKOBA URBAN,ON FOOT,30.0
0698-001-001,URBAN,KAGERA,BUKOBA URBAN,ON FOOT,30.0
0698-009-001,RURAL,KAGERA,BUKOBA RURAL,ON FOOT,30.0
0698-009-001,RURAL,KAGERA,BUKOBA RURAL,ON FOOT,30.0
0702-001-001,URBAN,MWANZA,MAGU,ON FOOT,20.0
0702-001-001,URBAN,MWANZA,MAGU,ON FOOT,15.0
0702-001-001,URBAN,MWANZA,MAGU,ON FOOT,30.0
0703-001-001,URBAN,MWANZA,MAGU,ON FOOT,15.0
0705-002-001,RURAL,KAGERA,BUKOBA RURAL,ON FOOT,30.0
0705-002-001,RURAL,KAGERA,BUKOBA RURAL,ON FOOT,30.0
0705-002-001,RURAL,KAGERA,BUKOBA RURAL,ON FOOT,30.0
0706-002-001,URBAN,MWANZA,MAGU,BY PRIVATE CAR/VEHICLE,10.0
0707-001-001,RURAL,MWANZA,SENGEREMA,BY PRIVATE CAR/VEHICLE,10.0
0707-001-001,RURAL,MWANZA,SENGEREMA,ON FOOT,45.0
0707-001-001,RURAL,MWANZA,SENGEREMA,ON FOOT,10.0
0707-001-001,RURAL,MWANZA,SENGEREMA,ON FOOT,10.0
0707-001-001,RURAL,MWANZA,SENGEREMA,ON FOOT,10.0
0707-001-001,RURAL,MWANZA,SENGEREMA,ON FOOT,15.0
0709-001-001,URBAN,MWANZA,MAGU,ON FOOT,30.0
0710-001-001,RURAL,MWANZA,MAGU,ON FOOT,10.0
0710-001-001,RURAL,MWANZA,MAGU,ON FOOT,10.0
0710-001-001,RURAL,MWANZA,MAGU,ON FOOT,20.0
0710-003-001,RURAL,MWANZA,MAGU,ON FOOT,15.0
0710-003-001,RURAL,MWANZA,MAGU,ON FOOT,15.0
0710-003-001,RURAL,MWANZA,MAGU,ON FOOT,15.0
0715-001-001,URBAN,MWANZA,MAGU,ON FOOT,40.0
0715-001-001,URBAN,MWANZA,MAGU,ON FOOT,8.0
0715-004-001,URBAN,SHINYANGA,KAHAMA RURAL,ON FOOT,5.0
0717-001-001,RURAL,GEITA,GEITA,ON FOOT,3.0
0717-001-001,RURAL,GEITA,GEITA,ON FOOT,45.0
0718-001-001,RURAL,MWANZA,SENGEREMA,ON FOOT,10.0
0718-001-001,RURAL,MWANZA,SENGEREMA,ON FOOT,10.0
0718-001-001,RURAL,MWANZA,SENGEREMA,ON FOOT,10.0
0718-001-001,RURAL,MWANZA,SENGEREMA,ON FOOT,10.0
0718-010-001,RURAL,GEITA,CHATO,ON FOOT,15.0
0718-010-001,RURAL,GEITA,CHATO,ON FOOT,15.0
0718-010-001,RURAL,GEITA,CHATO,ON FOOT,15.0
0718-010-001,RURAL,GEITA,CHATO,ON FOOT,15.0
0719-001-001,URBAN,GEITA,GEITA,ON FOOT,5.0
0720-001-001,RURAL,GEITA,GEITA,ON FOOT,10.0
0720-001-001,RURAL,GEITA,GEITA,ON FOOT,10.0
0720-001-001,RURAL,GEITA,GEITA,ON FOOT,10.0
0720-001-001,RURAL,GEITA,GEITA,ON FOOT,10.0
0720-001-001,RURAL,GEITA,GEITA,ON FOOT,10.0
0720-015-001,RURAL,GEITA,GEITA,ON FOOT,30.0
0721-002-001,URBAN,GEITA,GEITA,ON FOOT,10.0
0721-002-001,URBAN,GEITA,GEITA,ON FOOT,10.0
0721-002-001,URBAN,GEITA,GEITA,ON FOOT,10.0
0722-001-001,RURAL,GEITA,GEITA,ON FOOT,30.0
0722-001-001,RURAL,GEITA,GEITA,ON FOOT,45.0
0722-001-001,RURAL,GEITA,GEITA,ON FOOT,60.0
0723-001-001,RURAL,GEITA,GEITA,ON FOOT,60.0
0725-001-001,RURAL,GEITA,GEITA,BY BIKE,60.0
0725-001-001,RURAL,GEITA,GEITA,ON FOOT,8.0
0725-001-001,RURAL,GEITA,GEITA,ON FOOT,8.0
0726-001-001,RURAL,GEITA,GEITA,ON FOOT,10.0
0726-004-001,RURAL,GEITA,GEITA,ON FOOT,10.0
0727-001-001,RURAL,GEITA,GEITA,ON FOOT,120.0
0727-001-001,RURAL,GEITA,GEITA,ON FOOT,10.0
0729-001-002,RURAL,GEITA,GEITA,ON FOOT,60.0
0729-001-002,RURAL,GEITA,GEITA,ON FOOT,60.0
0729-001-002,RURAL,GEITA,GEITA,ON FOOT,60.0
0729-001-002,RURAL,GEITA,GEITA,ON FOOT,60.0
0729-001-002,RURAL,GEITA,GEITA,ON FOOT,60.0
0729-001-002,RURAL,GEITA,GEITA,ON FOOT,60.0
0729-003-001,RURAL,GEITA,GEITA,ON FOOT,60.0
0729-003-001,RURAL,GEITA,GEITA,ON FOOT,60.0
0729-004-001,RURAL,GEITA,GEITA,ON FOOT,60.0
0729-004-001,RURAL,GEITA,GEITA,ON FOOT,60.0
0729-004-001,RURAL,GEITA,GEITA,ON FOOT,60.0
0731-001-001,RURAL,GEITA,GEITA,ON FOOT,60.0
0732-001-001,RURAL,GEITA,GEITA,ON FOOT,120.0
0733-001-001,RURAL,GEITA,GEITA,ON FOOT,5.0
0733-001-001,RURAL,GEITA,GEITA,ON FOOT,5.0
0733-001-001,RURAL,GEITA,GEITA,ON FOOT,60.0
0733-001-001,RURAL,GEITA,GEITA,ON FOOT,60.0
0733-001-001,RURAL,GEITA,GEITA,ON FOOT,5.0
0734-001-001,RURAL,GEITA,GEITA,ON FOOT,10.0
0734-001-001,RURAL,GEITA,GEITA,ON FOOT,10.0
0734-001-001,RURAL,GEITA,GEITA,ON FOOT,10.0
0734-001-001,RURAL,GEITA,GEITA,ON FOOT,15.0
0736-003-001,RURAL,GEITA,GEITA,BY BIKE,60.0
0736-003-001,RURAL,GEITA,GEITA,BY BIKE,90.0
0736-003-001,RURAL,GEITA,GEITA,ON FOOT,30.0
0736-003-001,RURAL,GEITA,GEITA,ON FOOT,30.0
0737-001-001,RURAL,MARA,BUTIAMA,ON FOOT,15.0
0737-001-001,RURAL,MARA,BUTIAMA,ON FOOT,15.0
0737-001-001,RURAL,MARA,BUTIAMA,ON FOOT,15.0
0738-001-001,RURAL,GEITA,GEITA,ON FOOT,10.0
0738-001-001,RURAL,GEITA,GEITA,ON FOOT,10.0
0739-001-001,RURAL,MARA,BUTIAMA,ON FOOT,10.0
0739-001-001,RURAL,MARA,BUTIAMA,ON FOOT,10.0
0740-001-001,RURAL,MARA,BUTIAMA,ON FOOT,30.0
0740-001-001,RURAL,MARA,BUTIAMA,ON FOOT,30.0
0741-001-001,RURAL,MARA,BUTIAMA,ON FOOT,20.0
0741-001-001,RURAL,MARA,BUTIAMA,ON FOOT,20.0
0742-001-001,RURAL,MARA,BUTIAMA,ON FOOT,5.0
0742-001-001,RURAL,MARA,BUTIAMA,ON FOOT,5.0
0742-001-001,RURAL,MARA,BUTIAMA,ON FOOT,15.0
0742-001-001,RURAL,MARA,BUTIAMA,ON FOOT,10.0
0742-006-001,RURAL,MARA,MUSOMA URBAN,ON FOOT,15.0
0743-001-001,RURAL,KAGERA,BUKOBA URBAN,ON FOOT,1.0
0744-001-001,RURAL,MARA,BUTIAMA,ON FOOT,2.0
0744-001-001,RURAL,MARA,BUTIAMA,ON FOOT,30.0
0744-005-002,RURAL,MARA,BUTIAMA,ON FOOT,60.0
0744-005-002,RURAL,MARA,BUTIAMA,ON FOOT,60.0
0744-005-002,RURAL,MARA,BUTIAMA,ON FOOT,60.0
0745-001-001,RURAL,MARA,BUTIAMA,ON FOOT,15.0
0745-001-001,RURAL,MARA,BUTIAMA,ON FOOT,15.0
0745-001-001,RURAL,MARA,BUTIAMA,ON FOOT,15.0
0745-001-001,RURAL,MARA,BUTIAMA,ON FOOT,15.0
0745-001-001,RURAL,MARA,BUTIAMA,ON FOOT,15.0
0746-001-001,RURAL,MARA,BUTIAMA,ON FOOT,15.0
0746-001-001,RURAL,MARA,BUTIAMA,ON FOOT,15.0
0746-001-001,RURAL,MARA,BUTIAMA,ON FOOT,15.0
0747-001-001,RURAL,MARA,BUTIAMA,ON FOOT,45.0
0748-001-001,RURAL,MARA,BUTIAMA,ON FOOT,10.0
0748-001-001,RURAL,MARA,BUTIAMA,ON FOOT,10.0
0748-006-001,RURAL,MARA,BUTIAMA,ON FOOT,60.0
0748-006-001,RURAL,MARA,BUTIAMA,ON FOOT,60.0
0748-006-001,RURAL,MARA,BUTIAMA,ON FOOT,60.0
0749-001-001,URBAN,GEITA,BUKOMBE,ON FOOT,15.0
0749-001-001,URBAN,GEITA,BUKOMBE,ON FOOT,15.0
0749-002-001,URBAN,GEITA,BUKOMBE,ON FOOT,15.0
0749-003-001,RURAL,GEITA,MBOGWE,ON FOOT,15.0
0751-001-001,RURAL,GEITA,NYANG'HWALE,ON FOOT,60.0
0751-001-001,RURAL,GEITA,NYANG'HWALE,ON FOOT,60.0
0752-001-001,RURAL,MWANZA,MISUNGWI,ON FOOT,90.0
0752-001-001,RURAL,MWANZA,MISUNGWI,ON FOOT,90.0
0752-001-001,RURAL,MWANZA,MISUNGWI,ON FOOT,90.0
0752-001-001,RURAL,MWANZA,MISUNGWI,ON FOOT,90.0
0752-001-001,RURAL,MWANZA,MISUNGWI,ON FOOT,90.0
0752-001-001,RURAL,MWANZA,MISUNGWI,ON FOOT,90.0
0752-001-001,RURAL,MWANZA,MISUNGWI,ON FOOT,90.0
0752-001-001,RURAL,MWANZA,MISUNGWI,ON FOOT,90.0
0752-004-001,RURAL,MWANZA,MISUNGWI,ON FOOT,60.0
0752-004-001,RURAL,MWANZA,MISUNGWI,ON FOOT,25.0
0752-004-001,RURAL,MWANZA,MISUNGWI,ON FOOT,25.0
0752-004-001,RURAL,MWANZA,MISUNGWI,ON FOOT,30.0
0752-004-001,RURAL,MWANZA,MISUNGWI,ON FOOT,60.0
0752-004-001,RURAL,MWANZA,MISUNGWI,ON FOOT,25.0
0752-004-001,RURAL,MWANZA,MISUNGWI,ON FOOT,25.0
0752-004-001,RURAL,MWANZA,MISUNGWI,ON FOOT,25.0
0752-021-001,RURAL,MWANZA,MISUNGWI,ON FOOT,60.0
0753-001-001,RURAL,MANYARA,SIMANJIRO,ON FOOT,3.0
0753-001-001,RURAL,MANYARA,SIMANJIRO,ON FOOT,5.0
0754-001-001,RURAL,MANYARA,SIMANJIRO,ON FOOT,15.0
0754-001-001,RURAL,MANYARA,SIMANJIRO,ON FOOT,30.0
0754-001-001,RURAL,MANYARA,SIMANJIRO,ON FOOT,10.0
0754-001-001,RURAL,MANYARA,SIMANJIRO,ON FOOT,10.0
0755-001-001,RURAL,MANYARA,SIMANJIRO,ON FOOT,15.0
0755-001-001,RURAL,MANYARA,SIMANJIRO,ON FOOT,15.0
0755-001-001,RURAL,MANYARA,SIMANJIRO,ON FOOT,15.0
0756-001-001,RURAL,MANYARA,SIMANJIRO,ON FOOT,30.0
0756-001-001,RURAL,MANYARA,SIMANJIRO,ON FOOT,30.0
0757-001-001,RURAL,MANYARA,SIMANJIRO,ON FOOT,60.0
0757-001-001,RURAL,MANYARA,SIMANJIRO,ON FOOT,30.0
0757-001-001,RURAL,MANYARA,SIMANJIRO,ON FOOT,60.0
0757-001-001,RURAL,MANYARA,SIMANJIRO,ON FOOT,60.0
0758-001-001,RURAL,MANYARA,SIMANJIRO,ON FOOT,15.0
0758-001-001,RURAL,MANYARA,SIMANJIRO,ON FOOT,30.0
0759-001-001,RURAL,MANYARA,SIMANJIRO,ON FOOT,50.0
0759-001-001,RURAL,MANYARA,SIMANJIRO,ON FOOT,50.0
0759-001-001,RURAL,MANYARA,SIMANJIRO,ON FOOT,60.0
0761-001-001,RURAL,KASKAZINI UNGUJA,KASKAZINI â€˜Aâ€™,ON FOOT,30.0
0761-001-001,RURAL,KASKAZINI UNGUJA,KASKAZINI â€˜Aâ€™,ON FOOT,30.0
0762-001-001,RURAL,KASKAZINI UNGUJA,KASKAZINI â€˜Aâ€™,ON FOOT,5.0
0762-001-001,RURAL,KASKAZINI UNGUJA,KASKAZINI â€˜Aâ€™,ON FOOT,5.0
0762-001-001,RURAL,KASKAZINI UNGUJA,KASKAZINI â€˜Aâ€™,ON FOOT,5.0
0769-001-001,RURAL,KASKAZINI UNGUJA,KASKAZINI â€˜Aâ€™,ON FOOT,12.0
0770-001-001,RURAL,KASKAZINI UNGUJA,KASKAZINI â€˜Aâ€™,ON FOOT,45.0
0771-001-001,RURAL,KASKAZINI UNGUJA,KASKAZINI â€˜Aâ€™,ON FOOT,3.0
0771-001-001,RURAL,KASKAZINI UNGUJA,KASKAZINI â€˜Aâ€™,ON FOOT,4.0
0771-001-001,RURAL,KASKAZINI UNGUJA,KASKAZINI â€˜Aâ€™,ON FOOT,5.0
0771-001-001,RURAL,KASKAZINI UNGUJA,KASKAZINI â€˜Aâ€™,ON FOOT,5.0
0771-001-001,RURAL,KASKAZINI UNGUJA,KASKAZINI â€˜Aâ€™,ON FOOT,6.0
0772-002-001,RURAL,KASKAZINI UNGUJA,KASKAZINI â€˜Aâ€™,ON FOOT,5.0
0772-002-001,RURAL,KASKAZINI UNGUJA,KASKAZINI â€˜Aâ€™,ON FOOT,5.0
0773-001-001,RURAL,KASKAZINI UNGUJA,KASKAZINI â€˜Aâ€™,ON FOOT,15.0
0775-001-001,RURAL,KUSINI UNGUJA,KATI,ON FOOT,5.0
0775-001-001,RURAL,KUSINI UNGUJA,KATI,ON FOOT,5.0
0775-001-001,RURAL,KUSINI UNGUJA,KATI,ON FOOT,5.0
0776-001-001,RURAL,KUSINI UNGUJA,KATI,ON FOOT,5.0
0776-001-001,RURAL,KUSINI UNGUJA,KATI,ON FOOT,3.0
0776-001-001,RURAL,KUSINI UNGUJA,KATI,ON FOOT,5.0
0776-001-001,RURAL,KUSINI UNGUJA,KATI,ON FOOT,5.0
0777-001-001,RURAL,KUSINI UNGUJA,KATI,ON FOOT,5.0
0778-001-001,RURAL,KUSINI UNGUJA,KATI,ON FOOT,5.0
0778-001-001,RURAL,KUSINI UNGUJA,KATI,ON FOOT,5.0
0778-001-001,RURAL,KUSINI UNGUJA,KATI,ON FOOT,5.0
0778-001-001,RURAL,KUSINI UNGUJA,KATI,ON FOOT,5.0
0780-001-001,RURAL,KUSINI UNGUJA,KATI,ON FOOT,30.0
0780-001-001,RURAL,KUSINI UNGUJA,KATI,ON FOOT,30.0
0780-001-001,RURAL,KUSINI UNGUJA,KATI,ON FOOT,30.0
0781-001-001,RURAL,KUSINI UNGUJA,KATI,ON FOOT,30.0
0783-001-001,RURAL,KUSINI UNGUJA,KATI,ON FOOT,20.0
0783-001-001,RURAL,KUSINI UNGUJA,KATI,ON FOOT,5.0
0785-001-001,RURAL,MJINI MAGHARIBI UNGUJA,MAGHARIBI,BY BIKE,25.0
0785-001-001,RURAL,MJINI MAGHARIBI UNGUJA,MAGHARIBI,BY BIKE,25.0
0786-002-001,RURAL,MJINI MAGHARIBI UNGUJA,MAGHARIBI,ON FOOT,10.0
0786-002-001,RURAL,MJINI MAGHARIBI UNGUJA,MAGHARIBI,ON FOOT,10.0
0786-002-001,RURAL,MJINI MAGHARIBI UNGUJA,MAGHARIBI,ON FOOT,10.0
0786-002-001,RURAL,MJINI MAGHARIBI UNGUJA,MAGHARIBI,ON FOOT,10.0
0787-001-001,RURAL,MJINI MAGHARIBI UNGUJA,MAGHARIBI,ON FOOT,5.0
0787-001-001,RURAL,MJINI MAGHARIBI UNGUJA,MAGHARIBI,BY BIKE,5.0
0787-001-001,RURAL,MJINI MAGHARIBI UNGUJA,MAGHARIBI,ON FOOT,10.0
0789-001-001,RURAL,MJINI MAGHARIBI UNGUJA,MAGHARIBI,ON FOOT,60.0
0789-001-001,RURAL,MJINI MAGHARIBI UNGUJA,MAGHARIBI,ON FOOT,60.0
0789-001-001,RURAL,MJINI MAGHARIBI UNGUJA,MAGHARIBI,ON FOOT,25.0
0789-001-001,RURAL,MJINI MAGHARIBI UNGUJA,MAGHARIBI,ON FOOT,60.0
0790-001-001,RURAL,MJINI MAGHARIBI UNGUJA,MAGHARIBI,BY BIKE,20.0
0791-001-001,RURAL,MJINI MAGHARIBI UNGUJA,MAGHARIBI,ON FOOT,30.0
0791-001-001,RURAL,MJINI MAGHARIBI UNGUJA,MAGHARIBI,ON FOOT,30.0
0791-001-001,RURAL,MJINI MAGHARIBI UNGUJA,MAGHARIBI,ON FOOT,20.0
0791-001-001,RURAL,MJINI MAGHARIBI UNGUJA,MAGHARIBI,ON FOOT,20.0
0793-001-001,RURAL,MJINI MAGHARIBI UNGUJA,MAGHARIBI,BY BIKE,15.0
0793-001-001,RURAL,MJINI MAGHARIBI UNGUJA,MAGHARIBI,ON FOOT,10.0
0794-001-001,RURAL,MJINI MAGHARIBI UNGUJA,MAGHARIBI,ON FOOT,10.0
0796-001-002,RURAL,MJINI MAGHARIBI UNGUJA,MAGHARIBI,ON FOOT,30.0
0796-001-002,RURAL,MJINI MAGHARIBI UNGUJA,MAGHARIBI,ON FOOT,30.0
0797-001-001,RURAL,MJINI MAGHARIBI UNGUJA,MAGHARIBI,ON FOOT,25.0
0797-001-001,RURAL,MJINI MAGHARIBI UNGUJA,MAGHARIBI,ON FOOT,25.0
0797-001-001,RURAL,MJINI MAGHARIBI UNGUJA,MAGHARIBI,ON FOOT,25.0
0797-001-001,RURAL,MJINI MAGHARIBI UNGUJA,MAGHARIBI,ON FOOT,30.0
0797-001-001,RURAL,MJINI MAGHARIBI UNGUJA,MAGHARIBI,ON FOOT,30.0
0797-002-002,RURAL,KUSINI PEMBA,MKOANI,ON FOOT,10.0
0797-002-002,RURAL,KUSINI PEMBA,MKOANI,ON FOOT,10.0
0797-002-002,RURAL,KUSINI PEMBA,MKOANI,ON FOOT,10.0
0798-001-001,RURAL,MJINI MAGHARIBI UNGUJA,MAGHARIBI,BY PUBLIC VEHICLE/MINIBUS,20.0
0798-001-001,RURAL,MJINI MAGHARIBI UNGUJA,MAGHARIBI,BY BIKE,15.0
0798-001-001,RURAL,MJINI MAGHARIBI UNGUJA,MAGHARIBI,ON FOOT,15.0
0800-001-001,RURAL,MJINI MAGHARIBI UNGUJA,MAGHARIBI,ON FOOT,10.0
0803-001-002,RURAL,MJINI MAGHARIBI UNGUJA,MJINI,ON FOOT,25.0
0806-001-001,RURAL,MJINI MAGHARIBI UNGUJA,MJINI,OTHER (SPECIFY),10.0
0809-001-001,RURAL,MJINI MAGHARIBI UNGUJA,MJINI,BY PRIVATE CAR/VEHICLE,20.0
0809-001-001,RURAL,MJINI MAGHARIBI UNGUJA,MJINI,BY PRIVATE CAR/VEHICLE,20.0
0809-001-001,RURAL,MJINI MAGHARIBI UNGUJA,MJINI,BY PRIVATE CAR/VEHICLE,20.0
0813-001-001,RURAL,MJINI MAGHARIBI UNGUJA,MJINI,BY BIKE,10.0
0816-003-001,RURAL,MJINI MAGHARIBI UNGUJA,MJINI,ON FOOT,30.0
0816-005-001,RURAL,MJINI MAGHARIBI UNGUJA,MJINI,ON FOOT,30.0
0816-005-001,RURAL,MJINI MAGHARIBI UNGUJA,MJINI,ON FOOT,20.0
0822-001-001,RURAL,MJINI MAGHARIBI UNGUJA,MJINI,ON FOOT,30.0
0824-001-001,RURAL,MJINI MAGHARIBI UNGUJA,MJINI,ON FOOT,30.0
0824-001-001,RURAL,MJINI MAGHARIBI UNGUJA,MJINI,BY PUBLIC VEHICLE/MINIBUS,30.0
0824-001-001,RURAL,MJINI MAGHARIBI UNGUJA,MJINI,ON FOOT,20.0
0828-001-001,RURAL,KASKAZINI PEMBA,WETE,BY BIKE,15.0
0828-001-001,RURAL,KASKAZINI PEMBA,WETE,ON FOOT,5.0
0828-001-001,RURAL,KASKAZINI PEMBA,WETE,ON FOOT,5.0
0829-001-001,RURAL,KASKAZINI PEMBA,WETE,ON FOOT,45.0
0829-001-001,RURAL,KASKAZINI PEMBA,WETE,ON FOOT,45.0
0829-001-001,RURAL,KASKAZINI PEMBA,WETE,ON FOOT,45.0
0834-001-001,RURAL,KASKAZINI PEMBA,WETE,ON FOOT,30.0
0834-001-001,RURAL,KASKAZINI PEMBA,WETE,ON FOOT,5.0
0834-001-001,RURAL,KASKAZINI PEMBA,WETE,ON FOOT,3.0
0835-001-001,URBAN,KASKAZINI PEMBA,WETE,BY PUBLIC VEHICLE/MINIBUS,20.0
0839-001-002,RURAL,KASKAZINI PEMBA,MICHEWENI,ON FOOT,30.0
0839-002-001,RURAL,KASKAZINI PEMBA,MICHEWENI,ON FOOT,5.0
0840-001-002,RURAL,KASKAZINI PEMBA,MICHEWENI,ON FOOT,20.0
0841-001-001,RURAL,KASKAZINI PEMBA,MICHEWENI,ON FOOT,20.0
0841-001-001,RURAL,KASKAZINI PEMBA,MICHEWENI,ON FOOT,20.0
0843-001-001,RURAL,KASKAZINI PEMBA,MICHEWENI,ON FOOT,10.0
0843-001-001,RURAL,KASKAZINI PEMBA,MICHEWENI,BY BIKE,15.0
0844-001-001,RURAL,KASKAZINI PEMBA,MICHEWENI,ON FOOT,15.0
0844-004-001,RURAL,KASKAZINI PEMBA,MICHEWENI,ON FOOT,25.0
0844-004-001,RURAL,KASKAZINI PEMBA,MICHEWENI,ON FOOT,25.0
0844-004-001,RURAL,KASKAZINI PEMBA,MICHEWENI,ON FOOT,25.0
0846-001-001,RURAL,KASKAZINI PEMBA,MICHEWENI,BY PUBLIC VEHICLE/MINIBUS,30.0
0846-001-001,RURAL,KASKAZINI PEMBA,MICHEWENI,ON FOOT,30.0
0847-001-001,RURAL,KASKAZINI PEMBA,MICHEWENI,ON FOOT,10.0
0847-001-001,RURAL,KASKAZINI PEMBA,MICHEWENI,ON FOOT,6.0
0847-004-001,RURAL,KASKAZINI PEMBA,MICHEWENI,ON FOOT,10.0
0850-001-003,RURAL,KUSINI PEMBA,MKOANI,ON FOOT,30.0
0850-001-003,RURAL,KUSINI PEMBA,MKOANI,ON FOOT,30.0
0850-001-003,RURAL,KUSINI PEMBA,MKOANI,ON FOOT,30.0
0850-001-003,RURAL,KUSINI PEMBA,MKOANI,ON FOOT,30.0
0850-001-003,RURAL,KUSINI PEMBA,MKOANI,ON FOOT,30.0
0851-001-001,RURAL,KUSINI PEMBA,MKOANI,ON FOOT,5.0
0851-001-001,RURAL,KUSINI PEMBA,MKOANI,ON FOOT,10.0
0852-001-001,RURAL,KUSINI PEMBA,MKOANI,ON FOOT,60.0
0852-001-001,RURAL,KUSINI PEMBA,MKOANI,ON FOOT,60.0
0854-001-001,RURAL,KUSINI PEMBA,MKOANI,ON FOOT,90.0
0854-001-001,RURAL,KUSINI PEMBA,MKOANI,ON FOOT,90.0
0855-001-001,RURAL,KUSINI PEMBA,MKOANI,ON FOOT,60.0
0855-001-001,RURAL,KUSINI PEMBA,MKOANI,ON FOOT,60.0
0856-001-001,RURAL,KASKAZINI PEMBA,MICHEWENI,ON FOOT,5.0
0856-001-001,RURAL,KASKAZINI PEMBA,MICHEWENI,ON FOOT,5.0
0858-001-001,URBAN,DAR ES SALAAM,KINONDONI,ON FOOT,35.0
